epoch,lr_schedule,mem_mps_gb,mem_rss_gb,step,train_energy_MAE,train_forces_MAE,train_loss,val_energy_MAE,val_forces_MAE,val_loss
,0.0005,,,0,,,,,,
0,,0.0004425048828125,1.0761871337890625,9,16.17145347595215,0.582698404788971,15.777192115783691,,,
0,,0.0004425048828125,1.0792694091796875,19,7.677386283874512,0.5162936449050903,3.630995273590088,,,
0,,0.0004425048828125,1.39068603515625,29,13.427987098693848,0.541239321231842,10.621134757995605,,,
0,,0.0004425048828125,1.359954833984375,39,5.765920162200928,0.5432010889053345,2.2765462398529053,,,
0,,0.0004425048828125,1.5033111572265625,49,8.509324073791504,0.4967896044254303,5.007383346557617,,,
0,,0.0004425048828125,1.4541778564453125,59,18.150104522705078,0.5387849807739258,17.706890106201172,,,
0,,0.0004425048828125,1.2661590576171875,69,0.7114057540893555,0.4508918821811676,0.4376209080219269,,,
0,,0.0004425048828125,1.4031524658203125,79,6.809883117675781,0.4636034071445465,2.8605570793151855,,,
0,,0.0004425048828125,1.5664520263671875,89,3.2350287437438965,0.49197494983673096,0.9904036521911621,,,
0,,0.0004425048828125,1.49639892578125,99,1.709147572517395,0.46160757541656494,0.6164295077323914,,,
0,,0.0004425048828125,1.5584869384765625,109,2.2660913467407227,0.4703923761844635,0.7294332385063171,,,
0,,0.0004425048828125,1.38104248046875,119,7.5266218185424805,0.43246757984161377,3.3211536407470703,,,
0,,0.0004425048828125,1.353607177734375,129,1.5421922206878662,0.3855558931827545,0.38780879974365234,,,
0,,0.0004425048828125,1.5578765869140625,139,3.0286319255828857,0.3787682354450226,0.7833758592605591,,,
0,,0.0004425048828125,1.482574462890625,149,3.2520909309387207,0.3992323875427246,1.0805377960205078,,,
0,,0.0004425048828125,1.5208892822265625,159,3.6339855194091797,0.3345305025577545,0.9561320543289185,,,
0,,,,168,,,,2.259166955947876,0.3417906165122986,0.5320404171943665
,0.0005,,,169,,,,,,
1,,0.0004425048828125,1.3453826904296875,169,1.6273760795593262,0.32897186279296875,0.38035908341407776,,,
1,,0.0004425048828125,1.4267578125,179,2.489504337310791,0.3185449242591858,0.4809708595275879,,,
1,,0.0004425048828125,1.5193634033203125,189,2.963286876678467,0.3148702085018158,0.7142157554626465,,,
1,,0.0004425048828125,1.358612060546875,199,0.40855884552001953,0.31341588497161865,0.1842603236436844,,,
1,,0.0004425048828125,1.5986328125,209,2.736027956008911,0.321258008480072,0.8159043788909912,,,
1,,0.0004425048828125,1.6540985107421875,219,1.1177256107330322,0.34860771894454956,0.29273346066474915,,,
1,,0.0004425048828125,1.2231903076171875,229,0.4206819534301758,0.2922460436820984,0.15991316735744476,,,
1,,0.0004425048828125,1.4553985595703125,239,4.668712615966797,0.2972802221775055,1.3093798160552979,,,
1,,0.0004425048828125,1.4671478271484375,249,3.431621551513672,0.3157200813293457,0.8957525491714478,,,
1,,0.0004425048828125,1.4633331298828125,259,3.421935558319092,0.31436964869499207,0.7724164128303528,,,
1,,0.0004425048828125,1.6609039306640625,269,6.116228103637695,0.308834433555603,2.583841323852539,,,
1,,0.0004425048828125,1.2382049560546875,279,0.5384764671325684,0.27885308861732483,0.1550300568342209,,,
1,,0.0004425048828125,1.2731170654296875,289,2.5955491065979004,0.2949536144733429,0.48531603813171387,,,
1,,0.0004425048828125,1.3187103271484375,299,1.7382051944732666,0.2813434302806854,0.32138335704803467,,,
1,,0.0004425048828125,1.3064727783203125,309,2.1570706367492676,0.304824560880661,0.4733585715293884,,,
1,,0.0004425048828125,1.6783599853515625,319,0.3886435031890869,0.2782478928565979,0.14347213506698608,,,
1,,0.0004425048828125,1.5214691162109375,329,2.387758731842041,0.28400471806526184,0.4626957178115845,,,
1,,,,337,,,,1.3292866945266724,0.25920891761779785,0.2069774568080902
,0.0005,,,338,,,,,,
2,,0.0004425048828125,1.4272308349609375,339,0.7493460178375244,0.24843090772628784,0.13444648683071136,,,
2,,0.0004425048828125,1.0955963134765625,349,2.229698657989502,0.2524648904800415,0.35598886013031006,,,
2,,0.0004425048828125,1.347503662109375,359,2.374452590942383,0.24245598912239075,0.4113837778568268,,,
2,,0.0004425048828125,1.36639404296875,369,0.3802347183227539,0.2476520538330078,0.10508470237255096,,,
2,,0.0004425048828125,1.544769287109375,379,2.281489133834839,0.2750757932662964,0.5228127837181091,,,
2,,0.0004425048828125,1.1131134033203125,389,4.972862720489502,0.25859490036964417,1.5724027156829834,,,
2,,0.0004425048828125,1.6399383544921875,399,2.084766149520874,0.299103319644928,0.39960336685180664,,,
2,,0.0004425048828125,1.7232513427734375,409,1.3529820442199707,0.31884765625,0.2788079082965851,,,
2,,0.0004425048828125,1.3017425537109375,419,1.6361753940582275,0.2828240394592285,0.28058749437332153,,,
2,,0.0004425048828125,1.258758544921875,429,0.7066783905029297,0.22296813130378723,0.11887620389461517,,,
2,,0.0004425048828125,1.1736602783203125,439,2.4215903282165527,0.23650699853897095,0.5930787920951843,,,
2,,0.0004425048828125,1.4189605712890625,449,0.6836397647857666,0.24347619712352753,0.1390024572610855,,,
2,,0.0004425048828125,1.4266357421875,459,0.36826133728027344,0.23649242520332336,0.10070531815290451,,,
2,,0.0004425048828125,1.2906341552734375,469,0.9633910655975342,0.2126569300889969,0.14784659445285797,,,
2,,0.0004425048828125,1.7196197509765625,479,0.6778316497802734,0.1931912750005722,0.09187031537294388,,,
2,,0.0004425048828125,1.47320556640625,489,4.4795427322387695,0.21217206120491028,1.0893511772155762,,,
2,,0.0004425048828125,1.202362060546875,499,2.2878684997558594,0.33595654368400574,0.5200797319412231,,,
2,,,,506,,,,0.5728739500045776,0.2557714283466339,0.13115262985229492
,0.0005,,,507,,,,,,
3,,0.0004425048828125,1.0758056640625,509,2.195056915283203,0.22886663675308228,0.33144474029541016,,,
3,,0.0004425048828125,1.431365966796875,519,3.439091920852661,0.22264496982097626,0.8087983727455139,,,
3,,0.0004425048828125,1.3888702392578125,529,2.258330821990967,0.21885313093662262,0.3523210287094116,,,
3,,0.0004425048828125,1.354339599609375,539,2.3990302085876465,0.20211736857891083,0.3538925051689148,,,
3,,0.0004425048828125,1.3655242919921875,549,0.9716818332672119,0.21060244739055634,0.12366777658462524,,,
3,,0.0004425048828125,1.640106201171875,559,0.38331174850463867,0.19327200949192047,0.07074964046478271,,,
3,,0.0004425048828125,1.599822998046875,569,1.5373682975769043,0.20605190098285675,0.20322798192501068,,,
3,,0.0004425048828125,1.3728790283203125,579,0.6481633186340332,0.21064405143260956,0.10447648167610168,,,
3,,0.0004425048828125,1.439788818359375,589,0.15084266662597656,0.1814003735780716,0.056244321167469025,,,
3,,0.0004425048828125,1.1535186767578125,599,0.26729679107666016,0.19209006428718567,0.06337904930114746,,,
3,,0.0004425048828125,1.427276611328125,609,0.2628650665283203,0.16358400881290436,0.04557614028453827,,,
3,,0.0004425048828125,1.2983551025390625,619,1.1186013221740723,0.15518254041671753,0.11920014023780823,,,
3,,0.0004425048828125,1.3285980224609375,629,0.8740749359130859,0.155349001288414,0.08428996801376343,,,
3,,0.0004425048828125,1.3588104248046875,639,0.5614583492279053,0.16511322557926178,0.07463017851114273,,,
3,,0.0004425048828125,1.316619873046875,649,0.3716895580291748,0.16084207594394684,0.04875832051038742,,,
3,,0.0004425048828125,1.3470916748046875,659,1.3460862636566162,0.15663154423236847,0.1437985897064209,,,
3,,0.0004425048828125,1.355224609375,669,0.6807651519775391,0.14751794934272766,0.06054477393627167,,,
3,,,,675,,,,0.36583006381988525,0.13929277658462524,0.041081320494413376
,0.0005,,,676,,,,,,
4,,0.0004425048828125,1.5435943603515625,679,0.17997193336486816,0.14541515707969666,0.03640779107809067,,,
4,,0.0004425048828125,1.3099517822265625,689,2.7509841918945312,0.15616562962532043,0.5351894497871399,,,
4,,0.0004425048828125,1.53662109375,699,2.6735141277313232,0.15281568467617035,0.5041828751564026,,,
4,,0.0004425048828125,1.33355712890625,709,1.748435139656067,0.1854298859834671,0.2089301198720932,,,
4,,0.0004425048828125,1.321563720703125,719,0.20062732696533203,0.18451634049415588,0.0586591400206089,,,
4,,0.0004425048828125,1.326995849609375,729,1.6827936172485352,0.1962609440088272,0.23881226778030396,,,
4,,0.0004425048828125,1.2958526611328125,739,1.2372875213623047,0.20094263553619385,0.1419333815574646,,,
4,,0.0004425048828125,1.5893707275390625,749,3.526031255722046,0.18584735691547394,0.7515402436256409,,,
4,,0.0004425048828125,1.28082275390625,759,0.9773285388946533,0.21983610093593597,0.14574506878852844,,,
4,,0.0004425048828125,1.412445068359375,769,0.8657066822052002,0.18426404893398285,0.11094017326831818,,,
4,,0.0004425048828125,1.02008056640625,779,0.23636651039123535,0.16990335285663605,0.05743005871772766,,,
4,,0.0004425048828125,1.4110870361328125,789,0.5252857208251953,0.15851309895515442,0.06441444158554077,,,
4,,0.0004425048828125,1.4656829833984375,799,1.7256200313568115,0.13989123702049255,0.2199883908033371,,,
4,,0.0004425048828125,1.4747314453125,809,1.336439847946167,0.16078580915927887,0.15804742276668549,,,
4,,0.0004425048828125,1.4257354736328125,819,0.2226243019104004,0.1588854342699051,0.04486111178994179,,,
4,,0.0004425048828125,1.4184112548828125,829,0.5537862777709961,0.17687594890594482,0.07145996391773224,,,
4,,0.0004425048828125,1.4947357177734375,839,0.7795076370239258,0.14420484006404877,0.07680624723434448,,,
4,,,,844,,,,1.0439887046813965,0.15810522437095642,0.1159115731716156
,0.0005,,,845,,,,,,
5,,0.0004425048828125,1.291534423828125,849,0.8547244071960449,0.16989050805568695,0.09124177694320679,,,
5,,0.0004425048828125,1.458099365234375,859,0.13988590240478516,0.1611655354499817,0.04204968363046646,,,
5,,0.0004425048828125,1.61395263671875,869,0.9228754043579102,0.13953225314617157,0.08066022396087646,,,
5,,0.0004425048828125,1.3797149658203125,879,0.3619704246520996,0.14501430094242096,0.040870316326618195,,,
5,,0.0004425048828125,1.5909881591796875,889,0.39966702461242676,0.1290086954832077,0.03789019212126732,,,
5,,0.0004425048828125,1.3841552734375,899,0.11433529853820801,0.12772895395755768,0.029709773138165474,,,
5,,0.0004425048828125,1.6280975341796875,909,1.9437893629074097,0.13315854966640472,0.23553845286369324,,,
5,,0.0004425048828125,1.364410400390625,919,0.9328835010528564,0.14500753581523895,0.07756608724594116,,,
5,,0.0004425048828125,1.1410369873046875,929,0.6411283016204834,0.1465083658695221,0.05806787312030792,,,
5,,0.0004425048828125,1.2805328369140625,939,0.17776203155517578,0.12584322690963745,0.028897853568196297,,,
5,,0.0004425048828125,1.1797943115234375,949,0.17635369300842285,0.1251586377620697,0.028361758217215538,,,
5,,0.0004425048828125,1.40875244140625,959,0.14400267601013184,0.12344738095998764,0.027776340022683144,,,
5,,0.0004425048828125,1.481292724609375,969,0.10776090621948242,0.11851243674755096,0.02402700111269951,,,
5,,0.0004425048828125,1.453857421875,979,0.32529759407043457,0.11748328804969788,0.03036835603415966,,,
5,,0.0004425048828125,1.313201904296875,989,0.6124796867370605,0.13014958798885345,0.046457283198833466,,,
5,,0.0004425048828125,1.3720703125,999,1.945979118347168,0.12653274834156036,0.23843562602996826,,,
5,,0.0004425048828125,1.3044281005859375,1009,1.223226547241211,0.1327553391456604,0.1385495513677597,,,
5,,,,1013,,,,2.2119803428649902,0.17050093412399292,0.3422967493534088
,0.0005,,,1014,,,,,,
6,,0.0004425048828125,1.4808502197265625,1019,0.5670034885406494,0.16878630220890045,0.0709221214056015,,,
6,,0.0004425048828125,1.346954345703125,1029,0.6121220588684082,0.1282770186662674,0.05096828565001488,,,
6,,0.0004425048828125,1.3222198486328125,1039,0.6957433223724365,0.12282149493694305,0.07211810350418091,,,
6,,0.0004425048828125,1.3330230712890625,1049,0.32762908935546875,0.13345395028591156,0.03653162345290184,,,
6,,0.0004425048828125,1.6103057861328125,1059,0.1773834228515625,0.12092843651771545,0.026988539844751358,,,
6,,0.0004425048828125,1.3668365478515625,1069,0.43418121337890625,0.11718414723873138,0.033472444862127304,,,
6,,0.0004425048828125,1.5421295166015625,1079,0.22670197486877441,0.11236070096492767,0.02533932402729988,,,
6,,0.0004425048828125,1.57635498046875,1089,0.27738118171691895,0.11280317604541779,0.026737255975604057,,,
6,,0.0004425048828125,1.2675933837890625,1099,0.8602538108825684,0.11775212734937668,0.06991615146398544,,,
6,,0.0004425048828125,1.4463043212890625,1109,0.3692169189453125,0.11634718626737595,0.029664108529686928,,,
6,,0.0004425048828125,1.284210205078125,1119,1.3754565715789795,0.10965215414762497,0.11687852442264557,,,
6,,0.0004425048828125,1.1952056884765625,1129,0.6702091693878174,0.11299411952495575,0.04752781242132187,,,
6,,0.0004425048828125,1.2596282958984375,1139,0.3274812698364258,0.12040840089321136,0.030449654906988144,,,
6,,0.0004425048828125,1.3075103759765625,1149,0.14745759963989258,0.12013116478919983,0.024403251707553864,,,
6,,0.0004425048828125,1.2718963623046875,1159,0.6202545166015625,0.10945188999176025,0.04258228838443756,,,
6,,0.0004425048828125,1.621673583984375,1169,0.9136695861816406,0.11856775730848312,0.06753101944923401,,,
6,,0.0004425048828125,1.2144622802734375,1179,0.31324005126953125,0.1038169413805008,0.02340918779373169,,,
6,,,,1182,,,,0.23266154527664185,0.10228130221366882,0.020330091938376427
,0.0005,,,1183,,,,,,
7,,0.0004425048828125,1.409393310546875,1189,0.7622182369232178,0.1040353924036026,0.05084560438990593,,,
7,,0.0004425048828125,1.3517913818359375,1199,0.3307185173034668,0.0978800356388092,0.02171175740659237,,,
7,,0.0004425048828125,1.3590087890625,1209,0.2728567123413086,0.10630723088979721,0.023674868047237396,,,
7,,0.0004425048828125,1.3946685791015625,1219,0.3156013488769531,0.10089382529258728,0.02303464710712433,,,
7,,0.0004425048828125,1.4287872314453125,1229,0.8067765235900879,0.10218445211648941,0.05084323137998581,,,
7,,0.0004425048828125,1.5616455078125,1239,0.8586204051971436,0.1072220504283905,0.06446044147014618,,,
7,,0.0004425048828125,1.0577239990234375,1249,0.625643253326416,0.11628862470388412,0.04416142404079437,,,
7,,0.0004425048828125,1.49700927734375,1259,1.3328194618225098,0.11546224355697632,0.12201778590679169,,,
7,,0.0004425048828125,1.4851226806640625,1269,1.041654348373413,0.13919883966445923,0.1316995769739151,,,
7,,0.0004425048828125,1.563262939453125,1279,0.3435854911804199,0.14158028364181519,0.03838328644633293,,,
7,,0.0004425048828125,1.1255035400390625,1289,0.2832961082458496,0.12206831574440002,0.02905920520424843,,,
7,,0.0004425048828125,1.2520294189453125,1299,2.442671775817871,0.11739136278629303,0.3601227402687073,,,
7,,0.0004425048828125,1.176239013671875,1309,0.7223165035247803,0.11737088859081268,0.06585684418678284,,,
7,,0.0004425048828125,1.3827056884765625,1319,0.3431572914123535,0.1253519505262375,0.03332986310124397,,,
7,,0.0004425048828125,1.2476043701171875,1329,0.5412912368774414,0.11162073910236359,0.037407711148262024,,,
7,,0.0004425048828125,1.359832763671875,1339,1.2766220569610596,0.1153201088309288,0.11160316318273544,,,
7,,0.0004425048828125,1.326019287109375,1349,1.170006275177002,0.12336010485887527,0.11453589051961899,,,
7,,,,1351,,,,1.1634372472763062,0.11007889360189438,0.09965770691633224
,0.0005,,,1352,,,,,,
8,,0.0004425048828125,1.3164520263671875,1359,0.3592715263366699,0.13707275688648224,0.036895669996738434,,,
8,,0.0004425048828125,1.373687744140625,1369,0.8987963199615479,0.1537233144044876,0.09003020823001862,,,
8,,0.0004425048828125,1.5282440185546875,1379,0.3957633972167969,0.13919290900230408,0.040222711861133575,,,
8,,0.0004425048828125,1.681060791015625,1389,0.9893608093261719,0.1121835708618164,0.0786731094121933,,,
8,,0.0004425048828125,1.3682708740234375,1399,0.5424995422363281,0.1164945662021637,0.04019968956708908,,,
8,,0.0004425048828125,1.26177978515625,1409,0.4283895492553711,0.10598406940698624,0.028428925201296806,,,
8,,0.0004425048828125,1.5329437255859375,1419,0.41597414016723633,0.1066812127828598,0.031249016523361206,,,
8,,0.0004425048828125,1.1802978515625,1429,0.5429189205169678,0.09469003975391388,0.030670519918203354,,,
8,,0.0004425048828125,1.4168853759765625,1439,0.22832918167114258,0.0945119708776474,0.018560411408543587,,,
8,,0.0004425048828125,1.22344970703125,1449,0.7528784275054932,0.1051432192325592,0.047364186495542526,,,
8,,0.0004425048828125,1.39031982421875,1459,0.5305724143981934,0.09893976897001266,0.03043607622385025,,,
8,,0.0004425048828125,1.4911041259765625,1469,0.6370832920074463,0.09743961691856384,0.038135379552841187,,,
8,,0.0004425048828125,1.8846588134765625,1479,0.6365988254547119,0.09768670797348022,0.03952743113040924,,,
8,,0.0004425048828125,1.5535888671875,1489,0.717252254486084,0.0941595584154129,0.06301415711641312,,,
8,,0.0004425048828125,1.5452880859375,1499,1.271857738494873,0.10285258293151855,0.11778794229030609,,,
8,,0.0004425048828125,1.56231689453125,1509,0.23146700859069824,0.1059155985713005,0.02112256921827793,,,
8,,0.0004425048828125,1.39532470703125,1519,0.6257638931274414,0.09673254191875458,0.03820829838514328,,,
8,,,,1520,,,,0.46558207273483276,0.10028215497732162,0.029614143073558807
,0.0005,,,1521,,,,,,
9,,0.0004425048828125,1.45208740234375,1529,0.3267998695373535,0.09148728102445602,0.022214418277144432,,,
9,,0.0004425048828125,1.6964874267578125,1539,0.48785400390625,0.0873640850186348,0.027423784136772156,,,
9,,0.0004425048828125,1.2884674072265625,1549,0.6758589744567871,0.09135351330041885,0.04345929995179176,,,
9,,0.0004425048828125,1.737701416015625,1559,0.5890867710113525,0.10623762011528015,0.035739269107580185,,,
9,,0.0004425048828125,1.8049468994140625,1569,0.866178035736084,0.09731699526309967,0.05528199300169945,,,
9,,0.0004425048828125,1.54052734375,1579,1.3166632652282715,0.10040003806352615,0.12480494379997253,,,
9,,0.0004425048828125,1.5286865234375,1589,0.4349095821380615,0.10064089298248291,0.02654937282204628,,,
9,,0.0004425048828125,1.37213134765625,1599,0.3529641628265381,0.08824601769447327,0.020465552806854248,,,
9,,0.0004425048828125,1.8160400390625,1609,0.06949496269226074,0.09388596564531326,0.014914567582309246,,,
9,,0.0004425048828125,1.603302001953125,1619,0.17137718200683594,0.08540987223386765,0.014308072626590729,,,
9,,0.0004425048828125,1.4222869873046875,1629,0.8672089576721191,0.08777572214603424,0.06015834957361221,,,
9,,0.0004425048828125,1.478851318359375,1639,0.9209864139556885,0.09480132907629013,0.07734081149101257,,,
9,,0.0004425048828125,1.5045623779296875,1649,0.256397008895874,0.11066509783267975,0.02524915710091591,,,
9,,0.0004425048828125,1.7668914794921875,1659,0.12418317794799805,0.10363414138555527,0.017882047221064568,,,
9,,0.0004425048828125,1.747955322265625,1669,0.4411489963531494,0.09366106986999512,0.024435997009277344,,,
9,,0.0004425048828125,1.375732421875,1679,0.30948901176452637,0.09694425761699677,0.024117115885019302,,,
9,,0.0004425048828125,1.5466766357421875,1689,0.41833624243736267,0.1160765066742897,0.034015581011772156,,,
9,,,,1689,,,,0.39609381556510925,0.09893223643302917,0.027007130905985832
,0.0005,,,1690,,,,,,
10,,0.0004425048828125,1.5897216796875,1699,0.18188142776489258,0.10408937931060791,0.01942998729646206,,,
10,,0.0004425048828125,1.780426025390625,1709,0.9954099655151367,0.10561629384756088,0.07432663440704346,,,
10,,0.0004425048828125,1.5053558349609375,1719,0.618654727935791,0.10083476454019547,0.0406121164560318,,,
10,,0.0004425048828125,1.666717529296875,1729,0.619060754776001,0.09758376330137253,0.03950314596295357,,,
10,,0.0004425048828125,1.377197265625,1739,0.8975658416748047,0.09806220978498459,0.056194961071014404,,,
10,,0.0004425048828125,1.7198333740234375,1749,1.1740148067474365,0.09438207745552063,0.08749870955944061,,,
10,,0.0004425048828125,1.38702392578125,1759,0.2822432518005371,0.13078173995018005,0.034595321863889694,,,
10,,0.0004425048828125,1.4173126220703125,1769,0.13215065002441406,0.11467147618532181,0.024946007877588272,,,
10,,0.0004425048828125,1.2444610595703125,1779,0.32808446884155273,0.09878318756818771,0.02581758052110672,,,
10,,0.0004425048828125,1.659393310546875,1789,0.13292860984802246,0.08912014216184616,0.015027211047708988,,,
10,,0.0004425048828125,1.3001556396484375,1799,0.27674102783203125,0.09134218841791153,0.017199959605932236,,,
10,,0.0004425048828125,1.1842498779296875,1809,0.319749116897583,0.08450205624103546,0.018679514527320862,,,
10,,0.0004425048828125,1.04754638671875,1819,0.19309711456298828,0.08495307713747025,0.013683817349374294,,,
10,,0.0004425048828125,0.9960479736328125,1829,0.08957839012145996,0.08477692306041718,0.012363611720502377,,,
10,,0.0004425048828125,1.345184326171875,1839,0.5050179958343506,0.08419010788202286,0.02691461145877838,,,
10,,0.0004425048828125,1.57196044921875,1849,0.5203406810760498,0.08824916183948517,0.027795307338237762,,,
10,,,,1858,,,,0.800540030002594,0.09157511591911316,0.05577927827835083
,0.0005,,,1859,,,,,,
11,,0.0004425048828125,1.383331298828125,1859,0.8800101280212402,0.09562502801418304,0.06461884826421738,,,
11,,0.0004425048828125,1.264190673828125,1869,0.2650265693664551,0.09014247357845306,0.016792424023151398,,,
11,,0.0004425048828125,1.38299560546875,1879,0.6157214641571045,0.09058739244937897,0.032591793686151505,,,
11,,0.0004425048828125,1.14703369140625,1889,0.7516534328460693,0.08836769312620163,0.05195482075214386,,,
11,,0.0004425048828125,1.4759979248046875,1899,0.5912473201751709,0.0917736068367958,0.03360579535365105,,,
11,,0.0004425048828125,1.4474639892578125,1909,0.37584471702575684,0.08874499797821045,0.020963087677955627,,,
11,,0.0004425048828125,1.4555816650390625,1919,0.43102359771728516,0.11703824996948242,0.03534818813204765,,,
11,,0.0004425048828125,1.314361572265625,1929,0.14179158210754395,0.14240339398384094,0.039970289915800095,,,
11,,0.0004425048828125,1.68914794921875,1939,0.4593679904937744,0.10812807828187943,0.036055393517017365,,,
11,,0.0004425048828125,1.4449005126953125,1949,0.9016621112823486,0.08472370356321335,0.05895370990037918,,,
11,,0.0004425048828125,1.24639892578125,1959,1.1034324169158936,0.09277564287185669,0.0785767063498497,,,
11,,0.0004425048828125,1.3786163330078125,1969,1.0274245738983154,0.090263232588768,0.06722362339496613,,,
11,,0.0004425048828125,1.3617706298828125,1979,0.3535623550415039,0.08181207627058029,0.018816789612174034,,,
11,,0.0004425048828125,1.0328826904296875,1989,0.34149789810180664,0.07687535136938095,0.015221266075968742,,,
11,,0.0004425048828125,1.4092559814453125,1999,0.45131564140319824,0.08244557678699493,0.02281269058585167,,,
11,,0.0004425048828125,1.3861083984375,2009,0.3066427707672119,0.08869338780641556,0.01797417178750038,,,
11,,0.0004425048828125,1.434600830078125,2019,0.8491606712341309,0.08957074582576752,0.053827930241823196,,,
11,,,,2027,,,,0.35952335596084595,0.0912410169839859,0.020538102835416794
,0.0005,,,2028,,,,,,
12,,0.0004425048828125,1.29730224609375,2029,0.2587246894836426,0.08426486700773239,0.015456326305866241,,,
12,,0.0004425048828125,1.272186279296875,2039,0.40754175186157227,0.08706754446029663,0.023466307669878006,,,
12,,0.0004425048828125,1.4425201416015625,2049,0.6035542488098145,0.08470404148101807,0.0314352884888649,,,
12,,0.0004425048828125,0.924957275390625,2059,0.6842947006225586,0.08892826735973358,0.03925216943025589,,,
12,,0.0004425048828125,1.41510009765625,2069,0.058634281158447266,0.08252673596143723,0.011377380229532719,,,
12,,0.0004425048828125,1.30511474609375,2079,0.09360432624816895,0.08608432859182358,0.013297065161168575,,,
12,,0.0004425048828125,0.867401123046875,2089,0.2468855381011963,0.08033198118209839,0.014638788998126984,,,
12,,0.0004425048828125,1.545806884765625,2099,0.12841510772705078,0.0774909108877182,0.010838022455573082,,,
12,,0.0004425048828125,1.414886474609375,2109,0.34599828720092773,0.07930819690227509,0.01830606907606125,,,
12,,0.0004425048828125,1.2488250732421875,2119,0.4255831241607666,0.07611727714538574,0.023988723754882812,,,
12,,0.0004425048828125,1.4061279296875,2129,0.6469769477844238,0.09826166182756424,0.051525820046663284,,,
12,,0.0004425048828125,1.31396484375,2139,0.19411182403564453,0.08627791702747345,0.01422267034649849,,,
12,,0.0004425048828125,1.5522918701171875,2149,0.6960945129394531,0.08366306871175766,0.03638623654842377,,,
12,,0.0004425048828125,1.129974365234375,2159,0.6483154296875,0.08894293755292892,0.04411885887384415,,,
12,,0.0004425048828125,1.5944061279296875,2169,0.4226512908935547,0.08516010642051697,0.022022534161806107,,,
12,,0.0004425048828125,1.649932861328125,2179,0.5673835277557373,0.08783590793609619,0.04144497215747833,,,
12,,0.0004425048828125,1.1787567138671875,2189,1.795957088470459,0.09509052336215973,0.17825204133987427,,,
12,,,,2196,,,,0.574042558670044,0.08651430904865265,0.032229628413915634
,0.0005,,,2197,,,,,,
13,,0.0004425048828125,1.4398651123046875,2199,0.7844765186309814,0.08938577026128769,0.04611219838261604,,,
13,,0.0004425048828125,1.358123779296875,2209,0.29465198516845703,0.08651366084814072,0.01821667142212391,,,
13,,0.0004425048828125,1.1537322998046875,2219,0.5122857093811035,0.07825140655040741,0.02341533452272415,,,
13,,0.0004425048828125,1.5350494384765625,2229,0.324967622756958,0.07640727609395981,0.015577463433146477,,,
13,,0.0004425048828125,1.189056396484375,2239,0.06278133392333984,0.0744638442993164,0.01003193948417902,,,
13,,0.0004425048828125,1.045013427734375,2249,0.39373254776000977,0.08214488625526428,0.020353617146611214,,,
13,,0.0004425048828125,1.2723388671875,2259,0.2202138900756836,0.07643172144889832,0.0122675821185112,,,
13,,0.0004425048828125,1.3614501953125,2269,0.4976980686187744,0.08542346954345703,0.02644702047109604,,,
13,,0.0004425048828125,1.3362579345703125,2279,0.9140794277191162,0.08031725883483887,0.05647929012775421,,,
13,,0.0004425048828125,1.368194580078125,2289,0.11550378799438477,0.0808786004781723,0.01214025728404522,,,
13,,0.0004425048828125,1.285247802734375,2299,0.6112356185913086,0.08670525997877121,0.031451232731342316,,,
13,,0.0004425048828125,1.6465301513671875,2309,0.7550485134124756,0.09825055301189423,0.04673098772764206,,,
13,,0.0004425048828125,1.5503997802734375,2319,0.628842830657959,0.09826503694057465,0.03764691203832626,,,
13,,0.0004425048828125,1.49383544921875,2329,0.5845494270324707,0.09860187768936157,0.04276220500469208,,,
13,,0.0004425048828125,1.0634613037109375,2339,1.0595717430114746,0.09197337180376053,0.09544035792350769,,,
13,,0.0004425048828125,1.0184326171875,2349,1.1827802658081055,0.09578534960746765,0.09307169914245605,,,
13,,0.0004425048828125,1.3390045166015625,2359,0.15002131462097168,0.09532836824655533,0.017003068700432777,,,
13,,,,2365,,,,0.4963620603084564,0.09421007335186005,0.030266186222434044
,0.0005,,,2366,,,,,,
14,,0.0004425048828125,1.4043731689453125,2369,0.5767252445220947,0.09104752540588379,0.03231048583984375,,,
14,,0.0004425048828125,1.619384765625,2379,0.7161350250244141,0.08715253323316574,0.03870592638850212,,,
14,,0.0004425048828125,1.188079833984375,2389,0.369600772857666,0.0714191123843193,0.021234773099422455,,,
14,,0.0004425048828125,0.941253662109375,2399,0.5475001335144043,0.08197338134050369,0.028206005692481995,,,
14,,0.0004425048828125,1.3763275146484375,2409,0.5764963626861572,0.09167295694351196,0.030733900144696236,,,
14,,0.0004425048828125,1.1810455322265625,2419,0.5676233768463135,0.09062538295984268,0.03194252401590347,,,
14,,0.0004425048828125,1.222412109375,2429,0.8325715065002441,0.09351568669080734,0.05678705498576164,,,
14,,0.0004425048828125,1.202239990234375,2439,0.6003758907318115,0.09232241660356522,0.035585660487413406,,,
14,,0.0004425048828125,1.1953125,2449,0.569922685623169,0.08187244832515717,0.02720024809241295,,,
14,,0.0004425048828125,1.191436767578125,2459,0.49109458923339844,0.07858641445636749,0.023704197257757187,,,
14,,0.0004425048828125,1.1612396240234375,2469,0.08090448379516602,0.07666084915399551,0.009605043567717075,,,
14,,0.0004425048828125,1.2585601806640625,2479,0.1821765899658203,0.07629241049289703,0.011499500833451748,,,
14,,0.0004425048828125,1.3821563720703125,2489,0.37029194831848145,0.08947388082742691,0.02175099030137062,,,
14,,0.0004425048828125,1.1611175537109375,2499,0.6764740943908691,0.07672210782766342,0.036778271198272705,,,
14,,0.0004425048828125,1.36016845703125,2509,0.25248289108276367,0.08680516481399536,0.015522395260632038,,,
14,,0.0004425048828125,1.4702606201171875,2519,0.7546901702880859,0.07814311236143112,0.044795114547014236,,,
14,,0.0004425048828125,1.385955810546875,2529,0.40763211250305176,0.09411299228668213,0.025409795343875885,,,
14,,,,2534,,,,0.8097723126411438,0.08636981248855591,0.058278847485780716
,0.0005,,,2535,,,,,,
15,,0.0004425048828125,1.313232421875,2539,0.5859513282775879,0.07438510656356812,0.026276716962456703,,,
15,,0.0004425048828125,1.188385009765625,2549,0.1971728801727295,0.08342796564102173,0.01437979843467474,,,
15,,0.0004425048828125,1.650787353515625,2559,0.36299681663513184,0.0777198076248169,0.01776764541864395,,,
15,,0.0004425048828125,1.28515625,2569,0.1592273712158203,0.07652591168880463,0.012076497077941895,,,
15,,0.0004425048828125,1.5655670166015625,2579,0.6268928050994873,0.07780993729829788,0.03340926393866539,,,
15,,0.0004425048828125,1.3355255126953125,2589,0.412189245223999,0.08357714861631393,0.02103354223072529,,,
15,,0.0004425048828125,1.10650634765625,2599,0.23439788818359375,0.07619496434926987,0.01346541941165924,,,
15,,0.0004425048828125,1.1884918212890625,2609,0.4114415645599365,0.0751006230711937,0.01991404965519905,,,
15,,0.0004425048828125,1.3250579833984375,2619,0.4287424087524414,0.07383935898542404,0.01977628469467163,,,
15,,0.0004425048828125,1.2079315185546875,2629,0.07980203628540039,0.07701580226421356,0.010248607955873013,,,
15,,0.0004425048828125,1.211029052734375,2639,0.20943617820739746,0.07739592343568802,0.012553015723824501,,,
15,,0.0004425048828125,1.6588287353515625,2649,0.15178728103637695,0.07035413384437561,0.009198132902383804,,,
15,,0.0004425048828125,1.169036865234375,2659,0.4213118553161621,0.07600689679384232,0.02112596482038498,,,
15,,0.0004425048828125,1.323211669921875,2669,0.2758026123046875,0.07650234550237656,0.014375414699316025,,,
15,,0.0004425048828125,1.2557525634765625,2679,0.2865605354309082,0.07585068047046661,0.014991030097007751,,,
15,,0.0004425048828125,1.3402557373046875,2689,0.34720921516418457,0.06726714968681335,0.015062701888382435,,,
15,,0.0004425048828125,1.09912109375,2699,0.2281639575958252,0.0696895495057106,0.012140696868300438,,,
15,,,,2703,,,,0.31616973876953125,0.07305827736854553,0.014448889531195164
,0.0005,,,2704,,,,,,
16,,0.0004425048828125,1.3973388671875,2709,1.2297770977020264,0.08528376370668411,0.08755543828010559,,,
16,,0.0004425048828125,1.2469940185546875,2719,0.253143310546875,0.07497052848339081,0.013233812525868416,,,
16,,0.0004425048828125,1.52520751953125,2729,0.32286882400512695,0.0740826427936554,0.01501786895096302,,,
16,,0.0004425048828125,1.1833648681640625,2739,0.2659034729003906,0.06977331638336182,0.011455370113253593,,,
16,,0.0004425048828125,1.4443817138671875,2749,0.2017347812652588,0.08035194128751755,0.013562134467065334,,,
16,,0.0004425048828125,1.1787261962890625,2759,0.4274439811706543,0.07101478427648544,0.018562473356723785,,,
16,,0.0004425048828125,1.31353759765625,2769,0.13073110580444336,0.0809028297662735,0.012048899196088314,,,
16,,0.0004425048828125,1.3675384521484375,2779,0.4517545700073242,0.06954044848680496,0.022823825478553772,,,
16,,0.0004425048828125,1.3368072509765625,2789,1.1042780876159668,0.07574544847011566,0.08266572654247284,,,
16,,0.0004425048828125,1.342071533203125,2799,0.3531208038330078,0.06888151913881302,0.015307902358472347,,,
16,,0.0004425048828125,1.3151397705078125,2809,0.2745399475097656,0.09134862571954727,0.01810658536851406,,,
16,,0.0004425048828125,1.4213714599609375,2819,0.266101598739624,0.08536569774150848,0.0163107980042696,,,
16,,0.0004425048828125,1.346038818359375,2829,0.15793180465698242,0.06875098496675491,0.00888730026781559,,,
16,,0.0004425048828125,0.7851409912109375,2839,0.46074795722961426,0.07438402622938156,0.024332256987690926,,,
16,,0.0004425048828125,1.2402801513671875,2849,0.3487434387207031,0.07323044538497925,0.01620853692293167,,,
16,,0.0004425048828125,1.5306854248046875,2859,0.48609232902526855,0.07976873219013214,0.034287527203559875,,,
16,,0.0004425048828125,1.406402587890625,2869,1.4637985229492188,0.12432526797056198,0.15428397059440613,,,
16,,,,2872,,,,0.11733654141426086,0.1345139741897583,0.033245861530303955
,0.0005,,,2873,,,,,,
17,,0.0004425048828125,1.39715576171875,2879,0.8058223724365234,0.12776821851730347,0.06372936069965363,,,
17,,0.0004425048828125,1.2123260498046875,2889,0.19936490058898926,0.10062617808580399,0.01955585554242134,,,
17,,0.0004425048828125,1.314300537109375,2899,0.49669718742370605,0.08857433497905731,0.029074430465698242,,,
17,,0.0004425048828125,1.4027099609375,2909,0.40558958053588867,0.07755107432603836,0.019537821412086487,,,
17,,0.0004425048828125,1.1544036865234375,2919,0.535677433013916,0.06579594314098358,0.021941237151622772,,,
17,,0.0004425048828125,1.088714599609375,2929,0.41941237449645996,0.07705423980951309,0.019965723156929016,,,
17,,0.0004425048828125,1.377532958984375,2939,0.16825008392333984,0.06885560601949692,0.009134087711572647,,,
17,,0.0004425048828125,1.2346343994140625,2949,0.9662742614746094,0.07523004710674286,0.055752869695425034,,,
17,,0.0004425048828125,1.3098602294921875,2959,0.1675882339477539,0.08154027909040451,0.01282788347452879,,,
17,,0.0004425048828125,1.2283172607421875,2969,0.5005593299865723,0.07718991488218307,0.0256819911301136,,,
17,,0.0004425048828125,1.5601654052734375,2979,0.099884033203125,0.07044781744480133,0.00909618753939867,,,
17,,0.0004425048828125,1.2187042236328125,2989,0.42659759521484375,0.07531604915857315,0.01954781450331211,,,
17,,0.0004425048828125,1.5990447998046875,2999,0.6562063694000244,0.0718994215130806,0.030632801353931427,,,
17,,0.0004425048828125,1.0754547119140625,3009,0.19334816932678223,0.07607642561197281,0.01196838729083538,,,
17,,0.0004425048828125,1.1849822998046875,3019,0.040918588638305664,0.07191485911607742,0.008786849677562714,,,
17,,0.0004425048828125,1.586639404296875,3029,0.3298513889312744,0.06949435919523239,0.013403073884546757,,,
17,,0.0004425048828125,1.5435028076171875,3039,0.1622779369354248,0.06899148970842361,0.009670611470937729,,,
17,,,,3041,,,,0.23532752692699432,0.07246559113264084,0.01189148798584938
,0.0005,,,3042,,,,,,
18,,0.0004425048828125,1.27630615234375,3049,0.2389535903930664,0.0715625211596489,0.012447690591216087,,,
18,,0.0004425048828125,1.3772125244140625,3059,0.6779372692108154,0.07408453524112701,0.036809589713811874,,,
18,,0.0004425048828125,1.2386474609375,3069,0.14641523361206055,0.0760250836610794,0.01223740167915821,,,
18,,0.0004425048828125,1.3157958984375,3079,0.3240962028503418,0.08614392578601837,0.019230380654335022,,,
18,,0.0004425048828125,1.1766357421875,3089,0.12805652618408203,0.07387843728065491,0.009454515762627125,,,
18,,0.0004425048828125,1.5076904296875,3099,0.176300048828125,0.07186142355203629,0.010341551154851913,,,
18,,0.0004425048828125,1.3059844970703125,3109,0.24028539657592773,0.06783947348594666,0.01126568578183651,,,
18,,0.0004425048828125,1.4619140625,3119,0.620783805847168,0.07802284508943558,0.035623881965875626,,,
18,,0.0004425048828125,1.1019134521484375,3129,0.3006761074066162,0.07893457263708115,0.01687685213983059,,,
18,,0.0004425048828125,1.18963623046875,3139,0.35685229301452637,0.08049417287111282,0.02048112079501152,,,
18,,0.0004425048828125,1.032928466796875,3149,0.32931089401245117,0.08671723306179047,0.018766013905405998,,,
18,,0.0004425048828125,1.6916046142578125,3159,1.0937740802764893,0.08527234941720963,0.07497049123048782,,,
18,,0.0004425048828125,1.6392364501953125,3169,0.7864699363708496,0.0742831826210022,0.04407063126564026,,,
18,,0.0004425048828125,1.0976104736328125,3179,0.5462744235992432,0.07955671846866608,0.025953073054552078,,,
18,,0.0004425048828125,1.3892974853515625,3189,0.4582328796386719,0.08475610613822937,0.02368689887225628,,,
18,,0.0004425048828125,1.3913421630859375,3199,0.6146817207336426,0.08226387202739716,0.03439641371369362,,,
18,,0.0004425048828125,1.52667236328125,3209,0.952610969543457,0.09539220482110977,0.06804238259792328,,,
18,,,,3210,,,,0.5576777458190918,0.08444809168577194,0.03137235343456268
,0.0005,,,3211,,,,,,
19,,0.0004425048828125,1.1348724365234375,3219,1.4003846645355225,0.0986427292227745,0.1446058452129364,,,
19,,0.0004425048828125,1.51385498046875,3229,0.540438175201416,0.11479664593935013,0.04399816691875458,,,
19,,0.0004425048828125,1.2942657470703125,3239,0.314847469329834,0.08469226956367493,0.01865583099424839,,,
19,,0.0004425048828125,1.2423248291015625,3249,0.32078027725219727,0.08693410456180573,0.019602438434958458,,,
19,,0.0004425048828125,1.1920318603515625,3259,0.2145555019378662,0.07454029470682144,0.012560633011162281,,,
19,,0.0004425048828125,1.5890350341796875,3269,0.11613941192626953,0.06939896196126938,0.008917358703911304,,,
19,,0.0004425048828125,1.2628631591796875,3279,0.09101295471191406,0.06741660088300705,0.007977711036801338,,,
19,,0.0004425048828125,1.186004638671875,3289,0.367856502532959,0.05826639011502266,0.013163488358259201,,,
19,,0.0004425048828125,1.7638702392578125,3299,0.40311384201049805,0.07042907923460007,0.018110696226358414,,,
19,,0.0004425048828125,1.325775146484375,3309,0.06291508674621582,0.07171075791120529,0.009179911576211452,,,
19,,0.0004425048828125,1.47509765625,3319,0.4409611225128174,0.08131804317235947,0.020427266135811806,,,
19,,0.0004425048828125,1.22613525390625,3329,0.2658064365386963,0.07472428679466248,0.01296829991042614,,,
19,,0.0004425048828125,1.481048583984375,3339,0.4926271438598633,0.0710744708776474,0.020332133397459984,,,
19,,0.0004425048828125,1.28009033203125,3349,0.40457773208618164,0.07182637602090836,0.01767624355852604,,,
19,,0.0004425048828125,1.207550048828125,3359,0.4187941551208496,0.061275407671928406,0.015480284579098225,,,
19,,0.0004425048828125,1.1162261962890625,3369,0.3561687469482422,0.07176782190799713,0.015863753855228424,,,
19,,0.0004425048828125,1.1161956787109375,3379,0.3729330599308014,0.06943869590759277,0.018115617334842682,,,
19,,,,3379,,,,0.2034814953804016,0.0690174549818039,0.010429617948830128
,0.0005,,,3380,,,,,,
20,,0.0004425048828125,1.3462677001953125,3389,0.20548176765441895,0.07365851104259491,0.01172576379030943,,,
20,,0.0004425048828125,1.6735076904296875,3399,0.17508363723754883,0.07052359730005264,0.010155437514185905,,,
20,,0.0004425048828125,1.1112823486328125,3409,0.2273104190826416,0.0664011612534523,0.011102498508989811,,,
20,,0.0004425048828125,1.2483062744140625,3419,0.10321450233459473,0.06697744131088257,0.008640704676508904,,,
20,,0.0004425048828125,1.0042724609375,3429,0.3635129928588867,0.0662677139043808,0.013913985341787338,,,
20,,0.0004425048828125,1.121551513671875,3439,0.4281289577484131,0.06873119622468948,0.019099334254860878,,,
20,,0.0004425048828125,1.453033447265625,3449,0.16652369499206543,0.07218145579099655,0.010237605310976505,,,
20,,0.0004425048828125,1.026336669921875,3459,0.22417783737182617,0.06568752974271774,0.010742073878645897,,,
20,,0.0004425048828125,1.30157470703125,3469,0.18821120262145996,0.07739316672086716,0.012213354930281639,,,
20,,0.0004425048828125,1.1047210693359375,3479,0.08594298362731934,0.06481520086526871,0.007482829503715038,,,
20,,0.0004425048828125,1.2996368408203125,3489,0.11574721336364746,0.06465550512075424,0.0074636805802583694,,,
20,,0.0004425048828125,1.542022705078125,3499,0.3432598114013672,0.07201415300369263,0.014904668554663658,,,
20,,0.0004425048828125,1.329071044921875,3509,0.3662397861480713,0.06698593497276306,0.01619933545589447,,,
20,,0.0004425048828125,1.567596435546875,3519,0.30319809913635254,0.06604769080877304,0.013019686564803123,,,
20,,0.0004425048828125,1.5085906982421875,3529,0.36129140853881836,0.06470632553100586,0.013928735628724098,,,
20,,0.0004425048828125,1.2885284423828125,3539,0.24789118766784668,0.07354437559843063,0.013332045637071133,,,
20,,,,3548,,,,0.5622276663780212,0.0688105970621109,0.02514657750725746
,0.0005,,,3549,,,,,,
21,,0.0004425048828125,1.1116485595703125,3549,0.5078797340393066,0.06380371004343033,0.01988171599805355,,,
21,,0.0004425048828125,1.3637237548828125,3559,0.11509585380554199,0.06955991685390472,0.0088869109749794,,,
21,,0.0004425048828125,1.337371826171875,3569,0.357177734375,0.07350873202085495,0.016014814376831055,,,
21,,0.0004425048828125,1.2807464599609375,3579,0.4219951629638672,0.0677083432674408,0.0190010704100132,,,
21,,0.0004425048828125,1.4432220458984375,3589,0.6125447750091553,0.06832534819841385,0.03026498854160309,,,
21,,0.0004425048828125,1.20220947265625,3599,0.2959904670715332,0.07996364682912827,0.01716032065451145,,,
21,,0.0004425048828125,1.4526519775390625,3609,0.5652356147766113,0.09323391318321228,0.036655813455581665,,,
21,,0.0004425048828125,1.21063232421875,3619,0.24624347686767578,0.07925864309072495,0.013524357229471207,,,
21,,0.0004425048828125,1.37188720703125,3629,0.5280559062957764,0.08017487078905106,0.024804169312119484,,,
21,,0.0004425048828125,1.382415771484375,3639,0.1353604793548584,0.06839155405759811,0.00885362271219492,,,
21,,0.0004425048828125,1.60302734375,3649,0.11465787887573242,0.06924626976251602,0.008733566850423813,,,
21,,0.0004425048828125,1.2218017578125,3659,0.493725061416626,0.06243949383497238,0.019689589738845825,,,
21,,0.0004425048828125,1.6594696044921875,3669,0.15385031700134277,0.06279222667217255,0.008598165586590767,,,
21,,0.0004425048828125,1.661834716796875,3679,0.11200857162475586,0.061956215649843216,0.007372194901108742,,,
21,,0.0004425048828125,1.3476715087890625,3689,0.15234804153442383,0.06302930414676666,0.009205983951687813,,,
21,,0.0004425048828125,1.215789794921875,3699,0.17574024200439453,0.057143423706293106,0.007223865948617458,,,
21,,0.0004425048828125,0.9791259765625,3709,0.14741110801696777,0.0679551362991333,0.009298698976635933,,,
21,,,,3717,,,,0.3261081874370575,0.068609319627285,0.014386588707566261
,0.0005,,,3718,,,,,,
22,,0.0004425048828125,1.5084991455078125,3719,0.21596503257751465,0.06619763374328613,0.010163633152842522,,,
22,,0.0004425048828125,1.3262786865234375,3729,0.1034536361694336,0.057131003588438034,0.00617204699665308,,,
22,,0.0004425048828125,1.1816864013671875,3739,0.1604762077331543,0.06413576751947403,0.008402420207858086,,,
22,,0.0004425048828125,1.6126708984375,3749,0.057459354400634766,0.061923831701278687,0.006750382483005524,,,
22,,0.0004425048828125,1.1923065185546875,3759,0.22535371780395508,0.0630529448390007,0.009533869102597237,,,
22,,0.0004425048828125,1.4287109375,3769,0.3531975746154785,0.06328513473272324,0.013201344758272171,,,
22,,0.0004425048828125,1.0351715087890625,3779,0.10339021682739258,0.06100507825613022,0.007010666653513908,,,
22,,0.0004425048828125,1.1704254150390625,3789,0.13513636589050293,0.06661687791347504,0.008276301436126232,,,
22,,0.0004425048828125,1.6015777587890625,3799,0.15858721733093262,0.07171360403299332,0.010286175645887852,,,
22,,0.0004425048828125,1.3683624267578125,3809,0.3947610855102539,0.06327486783266068,0.019195877015590668,,,
22,,0.0004425048828125,1.372467041015625,3819,0.23210430145263672,0.06581612676382065,0.01248200424015522,,,
22,,0.0004425048828125,1.0801849365234375,3829,0.6808011531829834,0.07393986731767654,0.032723408192396164,,,
22,,0.0004425048828125,1.4842376708984375,3839,1.0229542255401611,0.08006107807159424,0.0645768865942955,,,
22,,0.0004425048828125,1.6044769287109375,3849,0.7276787757873535,0.07706258445978165,0.039312612265348434,,,
22,,0.0004425048828125,1.4423828125,3859,0.4254944324493408,0.11100422590970993,0.03037099912762642,,,
22,,0.0004425048828125,1.264404296875,3869,0.2351374626159668,0.09403537213802338,0.019048459827899933,,,
22,,0.0004425048828125,1.2422027587890625,3879,0.24358463287353516,0.08088124543428421,0.013740736991167068,,,
22,,,,3886,,,,0.4691212475299835,0.07006055861711502,0.020229965448379517
,0.0005,,,3887,,,,,,
23,,0.0004425048828125,1.336181640625,3889,0.22588610649108887,0.08059176057577133,0.014355380088090897,,,
23,,0.0004425048828125,1.4155426025390625,3899,0.1194610595703125,0.0667489543557167,0.008620674721896648,,,
23,,0.0004425048828125,1.551544189453125,3909,0.08549737930297852,0.06439455598592758,0.00723060080781579,,,
23,,0.0004425048828125,1.0465545654296875,3919,0.41790056228637695,0.06910595297813416,0.016801487654447556,,,
23,,0.0004425048828125,1.1278533935546875,3929,0.16432690620422363,0.06328026950359344,0.00914235133677721,,,
23,,0.0004425048828125,1.4866790771484375,3939,0.36011505126953125,0.06609121710062027,0.013980664312839508,,,
23,,0.0004425048828125,1.3534088134765625,3949,0.6042485237121582,0.08578842133283615,0.03432023525238037,,,
23,,0.0004425048828125,1.14215087890625,3959,0.2993612289428711,0.07362667471170425,0.015259554609656334,,,
23,,0.0004425048828125,0.9396209716796875,3969,0.5248556137084961,0.06917397677898407,0.03739072382450104,,,
23,,0.0004425048828125,1.3888092041015625,3979,0.3102760314941406,0.07558795809745789,0.014155318960547447,,,
23,,0.0004425048828125,1.385162353515625,3989,0.48102235794067383,0.06645931303501129,0.019208434969186783,,,
23,,0.0004425048828125,1.400604248046875,3999,0.4040713310241699,0.07732651382684708,0.021329689770936966,,,
23,,0.0004425048828125,1.5875091552734375,4009,0.23751544952392578,0.09311014413833618,0.022771431133151054,,,
23,,0.0004425048828125,1.2820892333984375,4019,0.39914464950561523,0.07708869874477386,0.02069615200161934,,,
23,,0.0004425048828125,1.5093841552734375,4029,0.17468619346618652,0.07516679912805557,0.013480362482368946,,,
23,,0.0004425048828125,1.7847747802734375,4039,0.4810047149658203,0.07356128841638565,0.02250904217362404,,,
23,,0.0004425048828125,1.715576171875,4049,0.8107748031616211,0.06800361722707748,0.044960588216781616,,,
23,,,,4055,,,,0.5604280829429626,0.072993703186512,0.028400704264640808
,0.0005,,,4056,,,,,,
24,,0.0004425048828125,0.9701080322265625,4059,0.8161671161651611,0.07851418852806091,0.04679664969444275,,,
24,,0.0004425048828125,1.662506103515625,4069,0.3849048614501953,0.07840504497289658,0.018048793077468872,,,
24,,0.0004425048828125,1.1576995849609375,4079,0.5184261798858643,0.07325981557369232,0.02515827864408493,,,
24,,0.0004425048828125,1.249755859375,4089,0.6173787117004395,0.07961095124483109,0.030845684930682182,,,
24,,0.0004425048828125,1.51751708984375,4099,0.47730040550231934,0.07231609523296356,0.019794393330812454,,,
24,,0.0004425048828125,1.489166259765625,4109,0.5294284820556641,0.064002126455307,0.026592973619699478,,,
24,,0.0004425048828125,1.2102508544921875,4119,0.5296854972839355,0.08017656207084656,0.03002871200442314,,,
24,,0.0004425048828125,1.5490875244140625,4129,0.7439298629760742,0.0822133868932724,0.05195464566349983,,,
24,,0.0004425048828125,1.4344940185546875,4139,0.8833990097045898,0.10281365364789963,0.06408760696649551,,,
24,,0.0004425048828125,1.1202239990234375,4149,0.24421072006225586,0.09162720292806625,0.018019678071141243,,,
24,,0.0004425048828125,1.011627197265625,4159,0.6084856986999512,0.09285259246826172,0.036620598286390305,,,
24,,0.0004425048828125,1.1282958984375,4169,0.5873067378997803,0.08805710077285767,0.03259406238794327,,,
24,,0.0004425048828125,1.3412628173828125,4179,0.19335317611694336,0.07093828916549683,0.010832158848643303,,,
24,,0.0004425048828125,1.248809814453125,4189,0.5830693244934082,0.06883379071950912,0.02672506868839264,,,
24,,0.0004425048828125,1.2539215087890625,4199,0.48783397674560547,0.06568387895822525,0.01998765766620636,,,
24,,0.0004425048828125,1.63397216796875,4209,0.46961021423339844,0.06388816237449646,0.020141439512372017,,,
24,,0.0004425048828125,1.01446533203125,4219,0.9106519222259521,0.06751207262277603,0.0503629632294178,,,
24,,,,4224,,,,0.5466547608375549,0.07467024028301239,0.025873752310872078
,0.0005,,,4225,,,,,,
25,,0.0004425048828125,1.4207916259765625,4229,0.42652106285095215,0.06240331381559372,0.0167562086135149,,,
25,,0.0004425048828125,1.1373291015625,4239,0.5202386379241943,0.06698703020811081,0.025975380092859268,,,
25,,0.0004425048828125,1.266571044921875,4249,0.24918675422668457,0.06704573333263397,0.011169306002557278,,,
25,,0.0004425048828125,1.6947784423828125,4259,0.4978358745574951,0.06306955963373184,0.01962636411190033,,,
25,,0.0004425048828125,1.1932525634765625,4269,0.5240664482116699,0.06058301404118538,0.019993480294942856,,,
25,,0.0004425048828125,1.74456787109375,4279,0.13832616806030273,0.06730298697948456,0.008469859138131142,,,
25,,0.0004425048828125,1.5528564453125,4289,0.12705302238464355,0.06513426452875137,0.008072118274867535,,,
25,,0.0004425048828125,1.3924560546875,4299,0.47467589378356934,0.06062573939561844,0.028067544102668762,,,
25,,0.0004425048828125,1.4279022216796875,4309,0.454744815826416,0.07115472108125687,0.018888279795646667,,,
25,,0.0004425048828125,1.3770294189453125,4319,0.5810434818267822,0.07585345208644867,0.028002779930830002,,,
25,,0.0004425048828125,1.3574371337890625,4329,0.18575143814086914,0.0689304769039154,0.009499666281044483,,,
25,,0.0004425048828125,1.155029296875,4339,0.2303469181060791,0.06864192336797714,0.011016147211194038,,,
25,,0.0004425048828125,1.2789154052734375,4349,0.4227938652038574,0.05722625553607941,0.014226198196411133,,,
25,,0.0004425048828125,1.178558349609375,4359,0.23912739753723145,0.06663043051958084,0.01094948872923851,,,
25,,0.0004425048828125,1.28594970703125,4369,0.10352683067321777,0.06689231097698212,0.007962368428707123,,,
25,,0.0004425048828125,1.3150482177734375,4379,0.2286815643310547,0.0651017278432846,0.009273823350667953,,,
25,,0.0004425048828125,1.2911224365234375,4389,0.27202582359313965,0.06754514575004578,0.01178705133497715,,,
25,,,,4393,,,,0.20577798783779144,0.0630936324596405,0.00925849936902523
,0.0005,,,4394,,,,,,
26,,0.0004425048828125,0.9690093994140625,4399,0.061158180236816406,0.05327208712697029,0.004894730169326067,,,
26,,0.0004425048828125,1.3473663330078125,4409,0.1934642791748047,0.05889101326465607,0.007664049975574017,,,
26,,0.0004425048828125,1.40020751953125,4419,0.44240546226501465,0.06279315054416656,0.018856793642044067,,,
26,,0.0004425048828125,1.479156494140625,4429,0.3536708354949951,0.06328056752681732,0.01641269400715828,,,
26,,0.0004425048828125,1.5514373779296875,4439,0.0726017951965332,0.06662768125534058,0.008037634193897247,,,
26,,0.0004425048828125,1.133392333984375,4449,0.23418378829956055,0.06454797834157944,0.010545654222369194,,,
26,,0.0004425048828125,1.206634521484375,4459,0.13254690170288086,0.06049330532550812,0.0073769474402070045,,,
26,,0.0004425048828125,1.29541015625,4469,0.2739887237548828,0.0562899187207222,0.008997469209134579,,,
26,,0.0004425048828125,1.2742767333984375,4479,0.07161140441894531,0.05534182861447334,0.005403442308306694,,,
26,,0.0004425048828125,1.746978759765625,4489,0.3542594909667969,0.06490327417850494,0.013004975393414497,,,
26,,0.0004425048828125,1.2516326904296875,4499,0.21763038635253906,0.07056450843811035,0.010863522998988628,,,
26,,0.0004425048828125,1.464996337890625,4509,0.25583648681640625,0.06420974433422089,0.010805683210492134,,,
26,,0.0004425048828125,1.168304443359375,4519,0.18849778175354004,0.07883864641189575,0.012422648258507252,,,
26,,0.0004425048828125,1.48846435546875,4529,0.2596592903137207,0.09314411878585815,0.018999021500349045,,,
26,,0.0004425048828125,1.3574371337890625,4539,0.3134636878967285,0.07662321627140045,0.015339886769652367,,,
26,,0.0004425048828125,1.2775726318359375,4549,0.4751145839691162,0.07814102619886398,0.022504478693008423,,,
26,,0.0004425048828125,1.8219451904296875,4559,0.3043084144592285,0.062230680137872696,0.012302402406930923,,,
26,,,,4562,,,,0.533317506313324,0.06747713685035706,0.024594437330961227
,0.0005,,,4563,,,,,,
27,,0.0004425048828125,1.323211669921875,4569,0.2400987148284912,0.06876535713672638,0.010851476341485977,,,
27,,0.0004425048828125,1.4115447998046875,4579,0.11587285995483398,0.06275861710309982,0.007462881505489349,,,
27,,0.0004425048828125,1.2455902099609375,4589,0.24978280067443848,0.05994632467627525,0.009629405103623867,,,
27,,0.0004425048828125,0.7855987548828125,4599,0.5258917808532715,0.0649261623620987,0.022979117929935455,,,
27,,0.0004425048828125,1.3062744140625,4609,0.3616001605987549,0.07040505856275558,0.018847264349460602,,,
27,,0.0004425048828125,1.43115234375,4619,0.3664553165435791,0.06884817779064178,0.014550894498825073,,,
27,,0.0004425048828125,1.4191131591796875,4629,0.5420956611633301,0.07352937012910843,0.024961745366454124,,,
27,,0.0004425048828125,1.3827667236328125,4639,0.4492759704589844,0.08207081258296967,0.02143041417002678,,,
27,,0.0004425048828125,1.2211151123046875,4649,0.24570322036743164,0.06033642962574959,0.00876527838408947,,,
27,,0.0004425048828125,1.556854248046875,4659,0.4168391227722168,0.06324894726276398,0.01707359030842781,,,
27,,0.0004425048828125,1.2128448486328125,4669,0.44012022018432617,0.06527788937091827,0.01956791616976261,,,
27,,0.0004425048828125,1.16766357421875,4679,0.29442262649536133,0.0713510513305664,0.012859087437391281,,,
27,,0.0004425048828125,1.627105712890625,4689,0.5007729530334473,0.07116720825433731,0.02360868826508522,,,
27,,0.0004425048828125,1.5981292724609375,4699,0.051250457763671875,0.06030760705471039,0.006335337646305561,,,
27,,0.0004425048828125,1.74462890625,4709,0.13614606857299805,0.07137337327003479,0.009808085858821869,,,
27,,0.0004425048828125,1.74462890625,4719,0.08252716064453125,0.06744853407144547,0.00805205199867487,,,
27,,0.0004425048828125,1.2502593994140625,4729,0.3648405075073242,0.06080329790711403,0.014315961860120296,,,
27,,,,4731,,,,0.20408186316490173,0.06332053244113922,0.009338741190731525
,0.0005,,,4732,,,,,,
28,,0.0004425048828125,1.119354248046875,4739,0.42705512046813965,0.06200247257947922,0.015886150300502777,,,
28,,0.0004425048828125,1.54742431640625,4749,0.29633045196533203,0.06465441733598709,0.011634640395641327,,,
28,,0.0004425048828125,1.3699188232421875,4759,0.2777986526489258,0.05346621945500374,0.008314614184200764,,,
28,,0.0004425048828125,1.3963470458984375,4769,0.2044670581817627,0.0635700672864914,0.008487658575177193,,,
28,,0.0004425048828125,1.3924407958984375,4779,0.20579910278320312,0.06519099324941635,0.008947852067649364,,,
28,,0.0004425048828125,1.3995513916015625,4789,0.3818182945251465,0.06863068789243698,0.017109157517552376,,,
28,,0.0004425048828125,1.380401611328125,4799,0.6320126056671143,0.0771053209900856,0.030382316559553146,,,
28,,0.0004425048828125,1.6375885009765625,4809,0.20166325569152832,0.059565238654613495,0.00948132760822773,,,
28,,0.0004425048828125,1.7231292724609375,4819,0.5100984573364258,0.0589316301047802,0.025091370567679405,,,
28,,0.0004425048828125,1.204803466796875,4829,0.39464330673217773,0.06960257887840271,0.016767535358667374,,,
28,,0.0004425048828125,1.3918304443359375,4839,0.4360847473144531,0.0697280541062355,0.017887365072965622,,,
28,,0.0004425048828125,1.1425628662109375,4849,0.3552384376525879,0.06990839540958405,0.017005519941449165,,,
28,,0.0004425048828125,1.3159942626953125,4859,0.5628869533538818,0.07977010309696198,0.028674641624093056,,,
28,,0.0004425048828125,1.537139892578125,4869,0.5438058376312256,0.09459846466779709,0.03163844719529152,,,
28,,0.0004425048828125,1.1119232177734375,4879,0.3091111183166504,0.0791781097650528,0.01577950268983841,,,
28,,0.0004425048828125,1.1832733154296875,4889,0.38044118881225586,0.07657727599143982,0.01788974180817604,,,
28,,0.0004425048828125,1.135711669921875,4899,0.3387746810913086,0.06481176614761353,0.012815028429031372,,,
28,,,,4900,,,,0.408023864030838,0.06919857114553452,0.018731625750660896
,0.0005,,,4901,,,,,,
29,,0.0004425048828125,0.915679931640625,4909,0.44998788833618164,0.05955030769109726,0.019545327872037888,,,
29,,0.0004425048828125,1.4941558837890625,4919,0.32950544357299805,0.0610838457942009,0.011807579547166824,,,
29,,0.0004425048828125,1.4941558837890625,4929,0.30933260917663574,0.06534840166568756,0.013345805928111076,,,
29,,0.0004425048828125,1.1108245849609375,4939,0.3954496383666992,0.05906808003783226,0.014698855578899384,,,
29,,0.0004425048828125,1.4785003662109375,4949,0.5559275150299072,0.06292366236448288,0.024136371910572052,,,
29,,0.0004425048828125,1.6179351806640625,4959,0.8005685806274414,0.06495463103055954,0.0391976535320282,,,
29,,0.0004425048828125,1.09912109375,4969,0.1900920867919922,0.06384696066379547,0.009184759110212326,,,
29,,0.0004425048828125,1.78314208984375,4979,0.4721846580505371,0.07835213094949722,0.024197770282626152,,,
29,,0.0004425048828125,1.2429046630859375,4989,0.15847349166870117,0.06507819145917892,0.008443068712949753,,,
29,,0.0004425048828125,1.3248291015625,4999,0.2321763038635254,0.06023898348212242,0.010389917530119419,,,
29,,0.0004425048828125,1.136749267578125,5009,0.26139330863952637,0.07895677536725998,0.013743685558438301,,,
29,,0.0004425048828125,1.257110595703125,5019,0.03090810775756836,0.06929030269384384,0.007678285241127014,,,
29,,0.0004425048828125,1.177703857421875,5029,0.34457874298095703,0.06703266501426697,0.013649918138980865,,,
29,,0.0004425048828125,1.508544921875,5039,0.24417829513549805,0.0621541403234005,0.009963925927877426,,,
29,,0.0004425048828125,1.1838226318359375,5049,0.3099648952484131,0.0666031688451767,0.012895246967673302,,,
29,,0.0004425048828125,1.220458984375,5059,0.5554733276367188,0.06449290364980698,0.02552519366145134,,,
29,,0.0004425048828125,1.216522216796875,5069,0.11817041784524918,0.061401788145303726,0.006993577815592289,,,
29,,,,5069,,,,0.0698314681649208,0.06059451773762703,0.006276282481849194
,0.0005,,,5070,,,,,,
30,,0.0004425048828125,1.16876220703125,5079,0.1887814998626709,0.05892680585384369,0.007515511941164732,,,
30,,0.0004425048828125,1.3306427001953125,5089,0.20600223541259766,0.050320595502853394,0.01025820430368185,,,
30,,0.0004425048828125,1.3044891357421875,5099,0.052337646484375,0.06167048215866089,0.006584294140338898,,,
30,,0.0004425048828125,1.282958984375,5109,0.4839913845062256,0.06333635002374649,0.019724026322364807,,,
30,,0.0004425048828125,1.27764892578125,5119,0.12673401832580566,0.061998505145311356,0.00760556710883975,,,
30,,0.0004425048828125,1.3489227294921875,5129,0.1327342987060547,0.05562623217701912,0.0065117147751152515,,,
30,,0.0004425048828125,1.266143798828125,5139,0.06606721878051758,0.066740021109581,0.007826972752809525,,,
30,,0.0004425048828125,1.296600341796875,5149,0.28771328926086426,0.0562855526804924,0.009808536618947983,,,
30,,0.0004425048828125,1.2687530517578125,5159,0.2869234085083008,0.05135583505034447,0.009005911648273468,,,
30,,0.0004425048828125,1.23583984375,5169,0.28411102294921875,0.058696307241916656,0.010279210284352303,,,
30,,0.0004425048828125,1.145111083984375,5179,0.9525976181030273,0.09659647941589355,0.061958733946084976,,,
30,,0.0004425048828125,1.0296173095703125,5189,0.43325352668762207,0.07565029710531235,0.022043462842702866,,,
30,,0.0004425048828125,1.54638671875,5199,0.8007388114929199,0.07188238948583603,0.05056760460138321,,,
30,,0.0004425048828125,1.6705322265625,5209,0.6453979015350342,0.0679473802447319,0.03628784790635109,,,
30,,0.0004425048828125,1.20965576171875,5219,0.3767061233520508,0.07230847328901291,0.017425911501049995,,,
30,,0.0004425048828125,1.295562744140625,5229,0.11415314674377441,0.06896115094423294,0.008478116244077682,,,
30,,,,5238,,,,0.21612675487995148,0.06396473944187164,0.009637602604925632
,0.0005,,,5239,,,,,,
31,,0.0004425048828125,1.3426666259765625,5239,0.12298727035522461,0.05918362736701965,0.006433304864913225,,,
31,,0.0004425048828125,1.3580322265625,5249,0.16530084609985352,0.05592920631170273,0.006655618082731962,,,
31,,0.0004425048828125,1.2653045654296875,5259,0.3986387252807617,0.06299827247858047,0.01467142067849636,,,
31,,0.0004425048828125,1.309112548828125,5269,0.22349166870117188,0.055616673082113266,0.008471444249153137,,,
31,,0.0004425048828125,1.191619873046875,5279,0.10715055465698242,0.052243053913116455,0.005067488644272089,,,
31,,0.0004425048828125,1.300506591796875,5289,0.1230628490447998,0.05415887385606766,0.006163559854030609,,,
31,,0.0004425048828125,1.2591705322265625,5299,0.11980438232421875,0.05233314633369446,0.00520747946575284,,,
31,,0.0004425048828125,0.9767913818359375,5309,0.20772385597229004,0.05590775981545448,0.007487668190151453,,,
31,,0.0004425048828125,1.5106353759765625,5319,0.25550150871276855,0.05634501948952675,0.009004729799926281,,,
31,,0.0004425048828125,1.545440673828125,5329,0.42086219787597656,0.06136656925082207,0.01797620579600334,,,
31,,0.0004425048828125,1.434661865234375,5339,0.3933734893798828,0.06612293422222137,0.017245542258024216,,,
31,,0.0004425048828125,1.6253509521484375,5349,1.0020720958709717,0.0715378001332283,0.05862190201878548,,,
31,,0.0004425048828125,1.6842041015625,5359,1.3902287483215332,0.07790985703468323,0.10749403387308121,,,
31,,0.0004425048828125,1.303741455078125,5369,0.2925395965576172,0.06783504039049149,0.01475431676954031,,,
31,,0.0004425048828125,1.6123199462890625,5379,0.0720071792602539,0.10580892115831375,0.021161751821637154,,,
31,,0.0004425048828125,1.2780914306640625,5389,0.48928022384643555,0.08209122717380524,0.025916557759046555,,,
31,,0.0004425048828125,1.4252166748046875,5399,0.46524691581726074,0.06419675052165985,0.021460438147187233,,,
31,,,,5407,,,,0.12799784541130066,0.06805942952632904,0.008482377976179123
,0.0005,,,5408,,,,,,
32,,0.0004425048828125,1.38262939453125,5409,0.3083484172821045,0.07230979204177856,0.01462470181286335,,,
32,,0.0004425048828125,1.3272552490234375,5419,0.35763096809387207,0.05383208766579628,0.012486325576901436,,,
32,,0.0004425048828125,1.384307861328125,5429,0.13025546073913574,0.059283431619405746,0.006942206993699074,,,
32,,0.0004425048828125,1.188690185546875,5439,0.2121880054473877,0.05399736389517784,0.007681799121201038,,,
32,,0.0004425048828125,1.1376800537109375,5449,0.0898294448852539,0.05691011622548103,0.005846806336194277,,,
32,,0.0004425048828125,1.371002197265625,5459,0.12799453735351562,0.04582155868411064,0.00467312429100275,,,
32,,0.0004425048828125,1.1156463623046875,5469,0.08191919326782227,0.05620913207530975,0.005754295736551285,,,
32,,0.0004425048828125,1.047943115234375,5479,0.4277923107147217,0.053669948130846024,0.017627013847231865,,,
32,,0.0004425048828125,1.376312255859375,5489,0.619741678237915,0.06660539656877518,0.02813335694372654,,,
32,,0.0004425048828125,1.5973052978515625,5499,0.45796632766723633,0.062040332704782486,0.017506148666143417,,,
32,,0.0004425048828125,1.2235870361328125,5509,0.10008525848388672,0.05535992607474327,0.005398251581937075,,,
32,,0.0004425048828125,1.32354736328125,5519,0.21109461784362793,0.05895940214395523,0.008092323318123817,,,
32,,0.0004425048828125,1.2430267333984375,5529,0.13052773475646973,0.057063646614551544,0.006359263323247433,,,
32,,0.0004425048828125,1.4529571533203125,5539,0.5944361686706543,0.06097184121608734,0.029000062495470047,,,
32,,0.0004425048828125,1.3214263916015625,5549,0.2516002655029297,0.056137435138225555,0.01017654687166214,,,
32,,0.0004425048828125,1.3697509765625,5559,0.24345040321350098,0.05981408804655075,0.009756049141287804,,,
32,,0.0004425048828125,1.2347259521484375,5569,0.3341646194458008,0.0610753633081913,0.012287733145058155,,,
32,,,,5576,,,,0.09110172092914581,0.058037515729665756,0.006066249683499336
,0.0005,,,5577,,,,,,
33,,0.0004425048828125,1.352813720703125,5579,0.1765279769897461,0.05886472761631012,0.007273617200553417,,,
33,,0.0004425048828125,1.258087158203125,5589,0.14550495147705078,0.05676363408565521,0.007143395021557808,,,
33,,0.0004425048828125,1.134307861328125,5599,0.046154022216796875,0.057205479592084885,0.0054301912896335125,,,
33,,0.0004425048828125,1.417083740234375,5609,0.10900163650512695,0.0520256906747818,0.0052371458150446415,,,
33,,0.0004425048828125,1.473724365234375,5619,0.5184359550476074,0.05737174674868584,0.019002145156264305,,,
33,,0.0004425048828125,1.2938079833984375,5629,0.06350135803222656,0.052142299711704254,0.00481999758630991,,,
33,,0.0004425048828125,1.25958251953125,5639,0.1049184799194336,0.05488425865769386,0.005590852815657854,,,
33,,0.0004425048828125,1.3107147216796875,5649,0.5885205268859863,0.05788367614150047,0.02327936887741089,,,
33,,0.0004425048828125,1.5523681640625,5659,0.2832455635070801,0.059299420565366745,0.010607647709548473,,,
33,,0.0004425048828125,1.12054443359375,5669,0.12505149841308594,0.06693018972873688,0.009391610510647297,,,
33,,0.0004425048828125,1.381195068359375,5679,0.3371419906616211,0.061881449073553085,0.012289270758628845,,,
33,,0.0004425048828125,1.4385986328125,5689,0.8225023746490479,0.06220897659659386,0.044498149305582047,,,
33,,0.0004425048828125,1.3839569091796875,5699,0.23167967796325684,0.05760601535439491,0.009245621971786022,,,
33,,0.0004425048828125,1.3308868408203125,5709,0.14990997314453125,0.06561114639043808,0.008562345057725906,,,
33,,0.0004425048828125,1.3143463134765625,5719,0.10193920135498047,0.06362418085336685,0.007519195321947336,,,
33,,0.0004425048828125,1.44134521484375,5729,1.063600778579712,0.0596669502556324,0.0662773996591568,,,
33,,0.0004425048828125,1.2365875244140625,5739,0.03392291069030762,0.053788866847753525,0.004760694224387407,,,
33,,,,5745,,,,0.5213713645935059,0.0600154846906662,0.022979842498898506
,0.0005,,,5746,,,,,,
34,,0.0004425048828125,1.3876953125,5749,0.09288883209228516,0.060176827013492584,0.006333690136671066,,,
34,,0.0004425048828125,1.623138427734375,5759,0.1810314655303955,0.06556317210197449,0.009294654242694378,,,
34,,0.0004425048828125,1.5359954833984375,5769,0.1418449878692627,0.06396119296550751,0.008358463644981384,,,
34,,0.0004425048828125,1.618927001953125,5779,0.2831110954284668,0.060077913105487823,0.011549166403710842,,,
34,,0.0004425048828125,1.22601318359375,5789,0.07146501541137695,0.05401492491364479,0.005298991221934557,,,
34,,0.0004425048828125,1.3082122802734375,5799,0.0638887882232666,0.05527408793568611,0.005226761568337679,,,
34,,0.0004425048828125,1.274505615234375,5809,0.2507920265197754,0.05369631573557854,0.008231685496866703,,,
34,,0.0004425048828125,1.3495941162109375,5819,0.11487579345703125,0.048142898827791214,0.004599798936396837,,,
34,,0.0004425048828125,1.5007781982421875,5829,0.1727919578552246,0.05409562960267067,0.006470729596912861,,,
34,,0.0004425048828125,1.0457611083984375,5839,0.1489880084991455,0.05863761901855469,0.008185509592294693,,,
34,,0.0004425048828125,1.1253662109375,5849,0.4183998107910156,0.059739574790000916,0.01538462657481432,,,
34,,0.0004425048828125,1.3345794677734375,5859,0.1408846378326416,0.060269180685281754,0.007456301245838404,,,
34,,0.0004425048828125,1.4528961181640625,5869,0.08758306503295898,0.06426425278186798,0.007936673238873482,,,
34,,0.0004425048828125,1.29547119140625,5879,0.5485498905181885,0.06355219334363937,0.024094965308904648,,,
34,,0.0004425048828125,1.269622802734375,5889,0.16341638565063477,0.06160271540284157,0.008133156225085258,,,
34,,0.0004425048828125,1.22576904296875,5899,0.26271486282348633,0.06901700049638748,0.020406654104590416,,,
34,,0.0004425048828125,1.3177490234375,5909,0.3489675521850586,0.06686219573020935,0.013571690768003464,,,
34,,,,5914,,,,0.6735749244689941,0.06461203098297119,0.034882549196481705
,0.0005,,,5915,,,,,,
35,,0.0004425048828125,1.2829742431640625,5919,0.0669851303100586,0.06792799383401871,0.008044254966080189,,,
35,,0.0004425048828125,1.5003662109375,5929,0.11418342590332031,0.061812084168195724,0.0070864250883460045,,,
35,,0.0004425048828125,1.2642364501953125,5939,0.32713890075683594,0.05297897383570671,0.011242278851568699,,,
35,,0.0004425048828125,1.3413543701171875,5949,0.2546720504760742,0.06022343039512634,0.00995742529630661,,,
35,,0.0004425048828125,1.5045928955078125,5959,0.24068903923034668,0.0679549127817154,0.010893459431827068,,,
35,,0.0004425048828125,1.5469207763671875,5969,0.41831040382385254,0.08474558591842651,0.02097424492239952,,,
35,,0.0004425048828125,1.5395050048828125,5979,0.5466132164001465,0.09714092314243317,0.030514445155858994,,,
35,,0.0004425048828125,1.2876129150390625,5989,0.13674545288085938,0.09197981655597687,0.015254349447786808,,,
35,,0.0004425048828125,1.1454620361328125,5999,0.19005823135375977,0.07583581656217575,0.012358393520116806,,,
35,,0.0004425048828125,1.1069793701171875,6009,0.2187662124633789,0.06197024881839752,0.008942882530391216,,,
35,,0.0004425048828125,1.0811767578125,6019,0.43851161003112793,0.06857364624738693,0.0198223739862442,,,
35,,0.0004425048828125,1.4397430419921875,6029,0.3378920555114746,0.07012888789176941,0.016143519431352615,,,
35,,0.0004425048828125,1.3543548583984375,6039,0.1958022117614746,0.07011532783508301,0.010336172766983509,,,
35,,0.0004425048828125,1.38116455078125,6049,0.1510615348815918,0.0612163245677948,0.007821207866072655,,,
35,,0.0004425048828125,1.3138427734375,6059,0.05573081970214844,0.047611672431230545,0.004279755987226963,,,
35,,0.0004425048828125,1.203704833984375,6069,0.10103654861450195,0.05096906051039696,0.006049319636076689,,,
35,,0.0004425048828125,1.1730804443359375,6079,0.5338411331176758,0.053882896900177,0.019801640883088112,,,
35,,,,6083,,,,1.0706305503845215,0.06746993213891983,0.08142761886119843
,0.0005,,,6084,,,,,,
36,,0.0004425048828125,1.4002685546875,6089,0.2655916213989258,0.06636743247509003,0.01098619308322668,,,
36,,0.0004425048828125,1.3410797119140625,6099,0.4465444087982178,0.060005903244018555,0.019003771245479584,,,
36,,0.0004425048828125,1.2562103271484375,6109,0.2812016010284424,0.0656580775976181,0.013302730396389961,,,
36,,0.0004425048828125,1.3856353759765625,6119,0.35636377334594727,0.05904744938015938,0.013460601679980755,,,
36,,0.0004425048828125,1.5245513916015625,6129,0.23143553733825684,0.07156519591808319,0.011080109514296055,,,
36,,0.0004425048828125,1.320404052734375,6139,0.38518381118774414,0.06958165019750595,0.01720135472714901,,,
36,,0.0004425048828125,1.5153961181640625,6149,0.4432556629180908,0.06269223988056183,0.01657593995332718,,,
36,,0.0004425048828125,1.1581878662109375,6159,0.29915499687194824,0.069975346326828,0.013626537285745144,,,
36,,0.0004425048828125,1.64459228515625,6169,0.4255402088165283,0.057920582592487335,0.01550259254872799,,,
36,,0.0004425048828125,0.966827392578125,6179,0.43372535705566406,0.051878586411476135,0.013844404369592667,,,
36,,0.0004425048828125,1.52728271484375,6189,0.3175022602081299,0.05972374603152275,0.01265680231153965,,,
36,,0.0004425048828125,1.3029937744140625,6199,0.25253963470458984,0.05961976200342178,0.00953239481896162,,,
36,,0.0004425048828125,1.102294921875,6209,0.23949503898620605,0.05753515288233757,0.009018410928547382,,,
36,,0.0004425048828125,1.1707000732421875,6219,0.6899471282958984,0.05688987672328949,0.029227357357740402,,,
36,,0.0004425048828125,1.2365875244140625,6229,0.5049738883972168,0.05706335976719856,0.0183566864579916,,,
36,,0.0004425048828125,1.2110137939453125,6239,0.5194716453552246,0.05852843075990677,0.02222350984811783,,,
36,,0.0004425048828125,1.2812042236328125,6249,0.45998287200927734,0.06387757509946823,0.019838577136397362,,,
36,,,,6252,,,,0.6191667914390564,0.06240970268845558,0.028868095949292183
,0.0005,,,6253,,,,,,
37,,0.0004425048828125,1.1545562744140625,6259,0.3985607624053955,0.06206643953919411,0.014452090486884117,,,
37,,0.0004425048828125,1.36346435546875,6269,0.2936396598815918,0.06597436219453812,0.014234615489840508,,,
37,,0.0004425048828125,1.1860198974609375,6279,0.22764325141906738,0.0579816959798336,0.009155119769275188,,,
37,,0.0004425048828125,1.1423187255859375,6289,0.21176600456237793,0.06408501416444778,0.009917723014950752,,,
37,,0.0004425048828125,1.1049652099609375,6299,0.16424226760864258,0.057141151279211044,0.006805887911468744,,,
37,,0.0004425048828125,1.507110595703125,6309,0.22320556640625,0.05742041766643524,0.009559418074786663,,,
37,,0.0004425048828125,1.0928802490234375,6319,0.2196943759918213,0.056762516498565674,0.007722257636487484,,,
37,,0.0004425048828125,1.1973419189453125,6329,0.1615293025970459,0.05374004319310188,0.006861434318125248,,,
37,,0.0004425048828125,1.237060546875,6339,0.2960667610168457,0.051281336694955826,0.01041099801659584,,,
37,,0.0004425048828125,1.36883544921875,6349,0.403454065322876,0.06072860211133957,0.016550280153751373,,,
37,,0.0004425048828125,1.272216796875,6359,0.169541597366333,0.06674621999263763,0.009214126504957676,,,
37,,0.0004425048828125,1.054656982421875,6369,0.10582590103149414,0.05538581311702728,0.006288403179496527,,,
37,,0.0004425048828125,1.3024444580078125,6379,0.23958468437194824,0.05722730979323387,0.008534517139196396,,,
37,,0.0004425048828125,1.1046600341796875,6389,0.08559393882751465,0.05534064769744873,0.005651276558637619,,,
37,,0.0004425048828125,1.5223236083984375,6399,0.3519620895385742,0.04919848218560219,0.01245833933353424,,,
37,,0.0004425048828125,1.0618896484375,6409,0.9158070087432861,0.07892315834760666,0.05629774183034897,,,
37,,0.0004425048828125,1.6818084716796875,6419,0.22222042083740234,0.07174521684646606,0.01115628145635128,,,
37,,,,6421,,,,0.49527299404144287,0.06670769304037094,0.024644101038575172
,0.0005,,,6422,,,,,,
38,,0.0004425048828125,1.3525238037109375,6429,0.587017297744751,0.06034720316529274,0.0267572570592165,,,
38,,0.0004425048828125,1.1206817626953125,6439,0.5687539577484131,0.08120573312044144,0.028595995157957077,,,
38,,0.0004425048828125,1.465576171875,6449,0.44291234016418457,0.06526487320661545,0.019121497869491577,,,
38,,0.0004425048828125,1.600830078125,6459,0.5651993751525879,0.0800761729478836,0.026901040226221085,,,
38,,0.0004425048828125,1.212005615234375,6469,0.18307971954345703,0.06050625815987587,0.009123564697802067,,,
38,,0.0004425048828125,1.3682861328125,6479,0.255033016204834,0.05858047306537628,0.011648425832390785,,,
38,,0.0004425048828125,1.281219482421875,6489,0.5505883693695068,0.06046394258737564,0.021313652396202087,,,
38,,0.0004425048828125,1.3763580322265625,6499,0.08204030990600586,0.057604994624853134,0.005899098701775074,,,
38,,0.0004425048828125,1.2503662109375,6509,0.08177542686462402,0.05992135778069496,0.005865756887942553,,,
38,,0.0004425048828125,1.0673370361328125,6519,0.30392885208129883,0.05564374849200249,0.010257072746753693,,,
38,,0.0004425048828125,1.342681884765625,6529,0.09689021110534668,0.05986255034804344,0.006633518263697624,,,
38,,0.0004425048828125,1.36761474609375,6539,0.14036965370178223,0.054098062217235565,0.006421483121812344,,,
38,,0.0004425048828125,1.352630615234375,6549,0.5875735282897949,0.06125953793525696,0.024297263473272324,,,
38,,0.0004425048828125,1.5782623291015625,6559,0.1034388542175293,0.054067205637693405,0.005843490827828646,,,
38,,0.0004425048828125,1.292877197265625,6569,0.23341107368469238,0.05359359085559845,0.00813344120979309,,,
38,,0.0004425048828125,1.23651123046875,6579,0.3724172115325928,0.05956905707716942,0.012922219932079315,,,
38,,0.0004425048828125,1.2690582275390625,6589,0.1731553077697754,0.055304765701293945,0.0073174526914954185,,,
38,,,,6590,,,,0.0932256281375885,0.05945323407649994,0.006270101293921471
,0.0005,,,6591,,,,,,
39,,0.0004425048828125,1.1939697265625,6599,0.05467057228088379,0.05243741348385811,0.004687880165874958,,,
39,,0.0004425048828125,1.5263214111328125,6609,0.31291913986206055,0.05563468858599663,0.015824533998966217,,,
39,,0.0004425048828125,1.7339935302734375,6619,0.38253021240234375,0.06738808006048203,0.015592366456985474,,,
39,,0.0004425048828125,1.2628326416015625,6629,0.0808103084564209,0.06019948795437813,0.0070094214752316475,,,
39,,0.0004425048828125,1.234588623046875,6639,0.24016094207763672,0.06397400796413422,0.01000340934842825,,,
39,,0.0004425048828125,1.242034912109375,6649,0.0743868350982666,0.05671738460659981,0.0057242391631007195,,,
39,,0.0004425048828125,1.248291015625,6659,0.09190988540649414,0.051022663712501526,0.004762808792293072,,,
39,,0.0004425048828125,0.7933502197265625,6669,0.133620023727417,0.048948194831609726,0.005423367023468018,,,
39,,0.0004425048828125,1.1821746826171875,6679,0.12389779090881348,0.049671147018671036,0.004951158072799444,,,
39,,0.0004425048828125,1.350250244140625,6689,0.2998037338256836,0.05373195558786392,0.009724314324557781,,,
39,,0.0004425048828125,1.2171630859375,6699,0.23786354064941406,0.049657318741083145,0.007114883977919817,,,
39,,0.0004425048828125,1.5826263427734375,6709,0.3385505676269531,0.04976990073919296,0.009453745558857918,,,
39,,0.0004425048828125,1.280426025390625,6719,0.4370694160461426,0.0505625419318676,0.017047841101884842,,,
39,,0.0004425048828125,1.1957244873046875,6729,0.2861161231994629,0.05680326744914055,0.01132556889206171,,,
39,,0.0004425048828125,1.36419677734375,6739,0.6734147071838379,0.06478201597929001,0.032985251396894455,,,
39,,0.0004425048828125,1.8255462646484375,6749,0.3251335620880127,0.06321939080953598,0.013382535427808762,,,
39,,0.0004425048828125,1.349609375,6759,0.3363161087036133,0.05783736705780029,0.013600814156234264,,,
39,,,,6759,,,,0.20489610731601715,0.05688053369522095,0.00786650087684393
,0.0005,,,6760,,,,,,
40,,0.0004425048828125,1.4451446533203125,6769,0.23072338104248047,0.04939935356378555,0.00780052226036787,,,
40,,0.0004425048828125,1.2984771728515625,6779,0.23143863677978516,0.05971589684486389,0.009102524258196354,,,
40,,0.0004425048828125,1.2372894287109375,6789,0.10607004165649414,0.054596997797489166,0.0055471183732151985,,,
40,,0.0004425048828125,1.20855712890625,6799,0.20272588729858398,0.05698641762137413,0.00853773020207882,,,
40,,0.0004425048828125,1.194488525390625,6809,0.07848548889160156,0.052654821425676346,0.004785054828971624,,,
40,,0.0004425048828125,1.4901275634765625,6819,0.3456547260284424,0.05319840833544731,0.010967634618282318,,,
40,,0.0004425048828125,1.3401336669921875,6829,0.029517173767089844,0.05772610008716583,0.005467693321406841,,,
40,,0.0004425048828125,1.312530517578125,6839,0.04187726974487305,0.05072200298309326,0.004393032751977444,,,
40,,0.0004425048828125,1.2126312255859375,6849,0.21280431747436523,0.05175194889307022,0.007806243374943733,,,
40,,0.0004425048828125,1.4364776611328125,6859,0.7113454341888428,0.055890683084726334,0.03625183552503586,,,
40,,0.0004425048828125,1.5342559814453125,6869,0.1810157299041748,0.06003584712743759,0.008039265871047974,,,
40,,0.0004425048828125,1.515411376953125,6879,0.2720346450805664,0.06271913647651672,0.011119984090328217,,,
40,,0.0004425048828125,1.6954803466796875,6889,0.24054431915283203,0.05490871146321297,0.008239304646849632,,,
40,,0.0004425048828125,1.068084716796875,6899,0.1411910057067871,0.056534696370363235,0.0065421233884990215,,,
40,,0.0004425048828125,1.1593170166015625,6909,0.0940558910369873,0.05548770725727081,0.006004351191222668,,,
40,,0.0004425048828125,1.4081573486328125,6919,0.12288117408752441,0.050776559859514236,0.005205117631703615,,,
40,,,,6928,,,,0.09876798093318939,0.0509556345641613,0.004998593125492334
,0.0005,,,6929,,,,,,
41,,0.0004425048828125,1.2755584716796875,6929,0.11075115203857422,0.044134583324193954,0.003935873508453369,,,
41,,0.0004425048828125,1.4072265625,6939,0.40006399154663086,0.058740951120853424,0.013982908800244331,,,
41,,0.0004425048828125,1.115570068359375,6949,0.06373715400695801,0.049925658851861954,0.004364336840808392,,,
41,,0.0004425048828125,1.1331634521484375,6959,0.21293950080871582,0.05493653565645218,0.007524686865508556,,,
41,,0.0004425048828125,1.316070556640625,6969,0.37098073959350586,0.050363413989543915,0.013363378122448921,,,
41,,0.0004425048828125,1.1920928955078125,6979,0.325028657913208,0.04975062981247902,0.00993715412914753,,,
41,,0.0004425048828125,1.653350830078125,6989,0.13461852073669434,0.054215479642152786,0.006051332224160433,,,
41,,0.0004425048828125,1.2525634765625,6999,0.29643940925598145,0.050392016768455505,0.010024497285485268,,,
41,,0.0004425048828125,1.2365264892578125,7009,0.09238123893737793,0.048896580934524536,0.004581208806484938,,,
41,,0.0004425048828125,1.45111083984375,7019,0.26647162437438965,0.06681914627552032,0.01056241150945425,,,
41,,0.0004425048828125,1.21282958984375,7029,0.4832124710083008,0.0619983971118927,0.02015930972993374,,,
41,,0.0004425048828125,1.671844482421875,7039,0.4931478500366211,0.05527105554938316,0.020032016560435295,,,
41,,0.0004425048828125,1.1572418212890625,7049,0.21789169311523438,0.05573565885424614,0.007959882728755474,,,
41,,0.0004425048828125,1.159820556640625,7059,0.20409154891967773,0.044014476239681244,0.005617247894406319,,,
41,,0.0004425048828125,1.26043701171875,7069,0.14069700241088867,0.053836844861507416,0.006205800920724869,,,
41,,0.0004425048828125,1.634063720703125,7079,0.12297725677490234,0.04812584072351456,0.004625038243830204,,,
41,,0.0004425048828125,1.5100250244140625,7089,0.20430207252502441,0.05307392403483391,0.007333768531680107,,,
41,,,,7097,,,,0.701174259185791,0.0593680702149868,0.03987445682287216
,0.0005,,,7098,,,,,,
42,,0.0004425048828125,1.42926025390625,7099,0.4276700019836426,0.06261886656284332,0.021336041390895844,,,
42,,0.0004425048828125,1.6761016845703125,7109,0.24643445014953613,0.06143288314342499,0.010190485045313835,,,
42,,0.0004425048828125,1.2479705810546875,7119,0.20801401138305664,0.055803898721933365,0.008109764195978642,,,
42,,0.0004425048828125,1.251708984375,7129,0.1796865463256836,0.05576938018202782,0.007162896916270256,,,
42,,0.0004425048828125,1.2827301025390625,7139,0.24993157386779785,0.07291287183761597,0.012741432525217533,,,
42,,0.0004425048828125,1.209228515625,7149,0.13887572288513184,0.05101751536130905,0.006032244302332401,,,
42,,0.0004425048828125,1.4593048095703125,7159,0.3179497718811035,0.05361633375287056,0.011445019394159317,,,
42,,0.0004425048828125,1.2454833984375,7169,0.13004684448242188,0.052577923983335495,0.005638084374368191,,,
42,,0.0004425048828125,1.2401275634765625,7179,0.13854432106018066,0.05680163577198982,0.006432813126593828,,,
42,,0.0004425048828125,1.4619903564453125,7189,0.29994821548461914,0.05995900556445122,0.012792067602276802,,,
42,,0.0004425048828125,1.6133575439453125,7199,0.03865861892700195,0.05005623772740364,0.004402656573802233,,,
42,,0.0004425048828125,1.2981109619140625,7209,0.41463589668273926,0.047639742493629456,0.015804480761289597,,,
42,,0.0004425048828125,1.4194183349609375,7219,0.06140756607055664,0.05041292682290077,0.004606284666806459,,,
42,,0.0004425048828125,1.2598419189453125,7229,0.1445145606994629,0.05241395905613899,0.006076987832784653,,,
42,,0.0004425048828125,1.17108154296875,7239,0.39754343032836914,0.0636749193072319,0.01516733504831791,,,
42,,0.0004425048828125,1.2137603759765625,7249,0.20280694961547852,0.06327894330024719,0.009300611913204193,,,
42,,0.0004425048828125,1.44757080078125,7259,0.5116279125213623,0.058495745062828064,0.021584797650575638,,,
42,,,,7266,,,,0.2194470763206482,0.06748313456773758,0.010293676517903805
,0.0005,,,7267,,,,,,
43,,0.0004425048828125,1.29718017578125,7269,0.5506076812744141,0.07313375920057297,0.023756224662065506,,,
43,,0.0004425048828125,1.3468170166015625,7279,0.44859886169433594,0.06544163823127747,0.018977239727973938,,,
43,,0.0004425048828125,1.3532562255859375,7289,0.8568189144134521,0.10605651885271072,0.06651820987462997,,,
43,,0.0004425048828125,1.3200531005859375,7299,0.8326959609985352,0.08998925238847733,0.05736509710550308,,,
43,,0.0004425048828125,1.2216644287109375,7309,0.22395706176757812,0.083217091858387,0.015100556425750256,,,
43,,0.0004425048828125,1.3319244384765625,7319,0.28020191192626953,0.07405373454093933,0.015731684863567352,,,
43,,0.0004425048828125,1.2401275634765625,7329,0.3486058712005615,0.07280011475086212,0.015236061997711658,,,
43,,0.0004425048828125,1.3074493408203125,7339,0.21995949745178223,0.06460633873939514,0.009908877313137054,,,
43,,0.0004425048828125,1.1484375,7349,0.11753654479980469,0.053174570202827454,0.005507937632501125,,,
43,,0.0004425048828125,1.38372802734375,7359,0.3951563835144043,0.05641128495335579,0.014545141719281673,,,
43,,0.0004425048828125,1.2361907958984375,7369,0.3440580368041992,0.056154828518629074,0.012933580204844475,,,
43,,0.0004425048828125,1.4820404052734375,7379,0.2011399269104004,0.05770919844508171,0.010355010628700256,,,
43,,0.0004425048828125,1.36651611328125,7389,0.39875102043151855,0.06260569393634796,0.017160458490252495,,,
43,,0.0004425048828125,0.9191741943359375,7399,0.32881999015808105,0.0643022209405899,0.013971137814223766,,,
43,,0.0004425048828125,1.2896270751953125,7409,0.31481003761291504,0.10211881250143051,0.02794717252254486,,,
43,,0.0004425048828125,1.403228759765625,7419,0.7250466346740723,0.07950881123542786,0.04229427129030228,,,
43,,0.0004425048828125,1.2444915771484375,7429,0.6325986385345459,0.0830564945936203,0.046639494597911835,,,
43,,,,7435,,,,0.5823771357536316,0.10985907912254333,0.03889917954802513
,0.0005,,,7436,,,,,,
44,,0.0004425048828125,1.3975830078125,7439,0.5098872184753418,0.10688713192939758,0.03867631405591965,,,
44,,0.0004425048828125,1.533416748046875,7449,0.3126187324523926,0.07100295275449753,0.01394356694072485,,,
44,,0.0004425048828125,1.257293701171875,7459,0.8014369010925293,0.07697455585002899,0.047688983380794525,,,
44,,0.0004425048828125,1.351898193359375,7469,0.32915353775024414,0.06281504780054092,0.011746053583920002,,,
44,,0.0004425048828125,1.184356689453125,7479,0.17333269119262695,0.05671988055109978,0.0076415883377194405,,,
44,,0.0004425048828125,1.666534423828125,7489,0.1857903003692627,0.051761094480752945,0.007536736316978931,,,
44,,0.0004425048828125,1.232147216796875,7499,0.07864713668823242,0.04210097715258598,0.003373171901330352,,,
44,,0.0004425048828125,1.2665252685546875,7509,0.07549333572387695,0.05436384305357933,0.005816135089844465,,,
44,,0.0004425048828125,1.1749114990234375,7519,0.5116865634918213,0.05688085779547691,0.02001335285604,,,
44,,0.0004425048828125,1.3726959228515625,7529,0.4308135509490967,0.05993648245930672,0.01706935279071331,,,
44,,0.0004425048828125,1.1173858642578125,7539,0.12702035903930664,0.04467267543077469,0.004094711970537901,,,
44,,0.0004425048828125,1.37158203125,7549,0.24770712852478027,0.05332160368561745,0.009771933779120445,,,
44,,0.0004425048828125,1.3966522216796875,7559,0.28824329376220703,0.04710711911320686,0.008661003783345222,,,
44,,0.0004425048828125,1.0300445556640625,7569,0.20329666137695312,0.0487506203353405,0.006669490598142147,,,
44,,0.0004425048828125,1.36566162109375,7579,0.3436391353607178,0.05053150653839111,0.01196000911295414,,,
44,,0.0004425048828125,1.3076934814453125,7589,0.19489383697509766,0.054170314222574234,0.007798153441399336,,,
44,,0.0004425048828125,1.4523468017578125,7599,0.2003650665283203,0.04674426093697548,0.006841369904577732,,,
44,,,,7604,,,,0.21252554655075073,0.05594742298126221,0.00820048525929451
,0.0005,,,7605,,,,,,
45,,0.0004425048828125,1.0415802001953125,7609,0.32411956787109375,0.05042919144034386,0.011185761541128159,,,
45,,0.0004425048828125,1.264251708984375,7619,0.6316757202148438,0.05145902931690216,0.029033835977315903,,,
45,,0.0004425048828125,1.312713623046875,7629,0.2706303596496582,0.05691093951463699,0.008880027569830418,,,
45,,0.0004425048828125,1.3104400634765625,7639,0.5200912952423096,0.05191291496157646,0.018408166244626045,,,
45,,0.0004425048828125,1.3565521240234375,7649,0.3583657741546631,0.08074361085891724,0.017842531204223633,,,
45,,0.0004425048828125,1.319244384765625,7659,1.1145117282867432,0.08241800218820572,0.07455241680145264,,,
45,,0.0004425048828125,1.065093994140625,7669,1.056835651397705,0.07671560347080231,0.07239806652069092,,,
45,,0.0004425048828125,1.4989166259765625,7679,0.24641060829162598,0.09491126239299774,0.01883743144571781,,,
45,,0.0004425048828125,1.0668487548828125,7689,0.7821307182312012,0.07815991342067719,0.048628196120262146,,,
45,,0.0004425048828125,1.3596343994140625,7699,0.4536304473876953,0.08262612670660019,0.021494850516319275,,,
45,,0.0004425048828125,0.8489227294921875,7709,1.0470185279846191,0.07561280578374863,0.07395222783088684,,,
45,,0.0004425048828125,1.4144439697265625,7719,0.17817330360412598,0.06758294999599457,0.010528115555644035,,,
45,,0.0004425048828125,1.3306427001953125,7729,0.17937469482421875,0.05983228608965874,0.008819269016385078,,,
45,,0.0004425048828125,1.305084228515625,7739,0.05613446235656738,0.05803846940398216,0.005801834166049957,,,
45,,0.0004425048828125,1.30401611328125,7749,0.126631498336792,0.05962647497653961,0.00714252470061183,,,
45,,0.0004425048828125,1.0898590087890625,7759,0.06029653549194336,0.052693597972393036,0.0047024693340063095,,,
45,,0.0004425048828125,1.1860198974609375,7769,0.2442772388458252,0.056078605353832245,0.009201825596392155,,,
45,,,,7773,,,,0.20234091579914093,0.05692702531814575,0.007805353961884975
,0.0005,,,7774,,,,,,
46,,0.0004425048828125,1.0536956787109375,7779,0.23037409782409668,0.05677442252635956,0.00832449086010456,,,
46,,0.0004425048828125,1.29937744140625,7789,0.04352235794067383,0.051211584359407425,0.004182544071227312,,,
46,,0.0004425048828125,1.526947021484375,7799,0.03792452812194824,0.04608069732785225,0.003483939217403531,,,
46,,0.0004425048828125,1.4298095703125,7809,0.04294395446777344,0.048816028982400894,0.004124867729842663,,,
46,,0.0004425048828125,1.41217041015625,7819,0.0944204330444336,0.05227959156036377,0.005208772141486406,,,
46,,0.0004425048828125,1.4789581298828125,7829,0.038051605224609375,0.04781372845172882,0.003984857816249132,,,
46,,0.0004425048828125,1.4164276123046875,7839,0.09203457832336426,0.048424433916807175,0.004312708042562008,,,
46,,0.0004425048828125,1.639312744140625,7849,0.10066819190979004,0.0527273453772068,0.005063268356025219,,,
46,,0.0004425048828125,1.570220947265625,7859,0.43868279457092285,0.05761183053255081,0.0187540166079998,,,
46,,0.0004425048828125,1.4814300537109375,7869,0.42213940620422363,0.056566495448350906,0.014555955305695534,,,
46,,0.0004425048828125,1.3004913330078125,7879,0.204695463180542,0.05421840772032738,0.007509848102927208,,,
46,,0.0004425048828125,1.3943634033203125,7889,0.05724930763244629,0.05523943528532982,0.0050890520215034485,,,
46,,0.0004425048828125,1.3939208984375,7899,0.18420863151550293,0.04943478852510452,0.006755632348358631,,,
46,,0.0004425048828125,1.1657257080078125,7909,0.10220193862915039,0.0465230830013752,0.004155400674790144,,,
46,,0.0004425048828125,1.12738037109375,7919,0.15614652633666992,0.05050118640065193,0.007668330334126949,,,
46,,0.0004425048828125,1.0511322021484375,7929,0.09777069091796875,0.053238894790410995,0.0054793283343315125,,,
46,,0.0004425048828125,1.0689544677734375,7939,0.2984929084777832,0.05557144805788994,0.011008446104824543,,,
46,,,,7942,,,,0.5388033390045166,0.057009730488061905,0.022270428016781807
,0.0005,,,7943,,,,,,
47,,0.0004425048828125,1.206573486328125,7949,0.43526458740234375,0.05394195020198822,0.019454337656497955,,,
47,,0.0004425048828125,1.1080474853515625,7959,0.19736647605895996,0.06129933521151543,0.008339441381394863,,,
47,,0.0004425048828125,1.5313568115234375,7969,0.2609553337097168,0.05001739785075188,0.00823164638131857,,,
47,,0.0004425048828125,1.0993804931640625,7979,0.04578232765197754,0.04954119771718979,0.004178671631962061,,,
47,,0.0004425048828125,1.1175537109375,7989,0.2395949363708496,0.05147024616599083,0.008266955614089966,,,
47,,0.0004425048828125,1.675048828125,7999,0.24258708953857422,0.0517263226211071,0.007928743027150631,,,
47,,0.0004425048828125,1.619232177734375,8009,0.6836128234863281,0.06433752179145813,0.03252559155225754,,,
47,,0.0004425048828125,1.1015167236328125,8019,0.2878763675689697,0.05957170948386192,0.010181525722146034,,,
47,,0.0004425048828125,1.2042236328125,8029,0.5050313472747803,0.05748497322201729,0.023915888741612434,,,
47,,0.0004425048828125,1.744903564453125,8039,0.45587992668151855,0.05511864274740219,0.01711282506585121,,,
47,,0.0004425048828125,1.5814361572265625,8049,0.3177168369293213,0.05475869029760361,0.010565623641014099,,,
47,,0.0004425048828125,1.2683868408203125,8059,0.29040980339050293,0.052890945225954056,0.00945816095918417,,,
47,,0.0004425048828125,1.0990447998046875,8069,0.19943523406982422,0.05373876541852951,0.007109739817678928,,,
47,,0.0004425048828125,1.432769775390625,8079,0.18310308456420898,0.05377931892871857,0.007124687545001507,,,
47,,0.0004425048828125,1.431976318359375,8089,0.15263652801513672,0.05022761970758438,0.005556774325668812,,,
47,,0.0004425048828125,1.29833984375,8099,0.26431703567504883,0.04960134997963905,0.008416862227022648,,,
47,,0.0004425048828125,1.4475555419921875,8109,0.15196800231933594,0.046734943985939026,0.005046764854341745,,,
47,,,,8111,,,,0.2594820261001587,0.052506040781736374,0.00865353737026453
,0.0005,,,8112,,,,,,
48,,0.0004425048828125,1.2571868896484375,8119,0.2813730239868164,0.051522620022296906,0.008551061153411865,,,
48,,0.0004425048828125,1.3191986083984375,8129,0.05569028854370117,0.046931248158216476,0.00382468500174582,,,
48,,0.0004425048828125,1.2025604248046875,8139,0.287738561630249,0.04632067680358887,0.007945314981043339,,,
48,,0.0004425048828125,1.415863037109375,8149,0.31747865676879883,0.05683917924761772,0.011361699551343918,,,
48,,0.0004425048828125,1.2355804443359375,8159,0.26001691818237305,0.04354841634631157,0.009283255785703659,,,
48,,0.0004425048828125,1.3466949462890625,8169,0.1726818084716797,0.05142530798912048,0.006376263219863176,,,
48,,0.0004425048828125,1.5253448486328125,8179,0.19521784782409668,0.048967234790325165,0.00680189486593008,,,
48,,0.0004425048828125,1.3356170654296875,8189,0.12129855155944824,0.04880554601550102,0.005074623506516218,,,
48,,0.0004425048828125,1.5006256103515625,8199,0.20444059371948242,0.05529260262846947,0.007534366101026535,,,
48,,0.0004425048828125,1.58123779296875,8209,0.09942817687988281,0.0534658208489418,0.005214428063482046,,,
48,,0.0004425048828125,1.3258514404296875,8219,0.5290124416351318,0.05630766227841377,0.020527616143226624,,,
48,,0.0004425048828125,1.194732666015625,8229,0.20984983444213867,0.053546469658613205,0.007429341785609722,,,
48,,0.0004425048828125,1.0572509765625,8239,0.18875861167907715,0.04856429994106293,0.006178057752549648,,,
48,,0.0004425048828125,1.2256011962890625,8249,0.35105466842651367,0.05679943412542343,0.01153528317809105,,,
48,,0.0004425048828125,1.152099609375,8259,0.35391998291015625,0.05384725332260132,0.012994766235351562,,,
48,,0.0004425048828125,1.5067291259765625,8269,0.22308874130249023,0.06315172463655472,0.01010768674314022,,,
48,,0.0004425048828125,1.233154296875,8279,0.22397899627685547,0.06316586583852768,0.00877643283456564,,,
48,,,,8280,,,,0.0806555449962616,0.05808619037270546,0.005990539211779833
,0.0005,,,8281,,,,,,
49,,0.0004425048828125,1.325439453125,8289,0.3420579433441162,0.04802553728222847,0.010460986755788326,,,
49,,0.0004425048828125,1.3684844970703125,8299,0.5425770282745361,0.05550239235162735,0.020233523100614548,,,
49,,0.0004425048828125,1.6848907470703125,8309,0.5048625469207764,0.061403483152389526,0.02027488872408867,,,
49,,0.0004425048828125,1.6455535888671875,8319,0.14191102981567383,0.04649503156542778,0.004912758246064186,,,
49,,0.0004425048828125,1.2988739013671875,8329,0.08778071403503418,0.05092036351561546,0.0047648316249251366,,,
49,,0.0004425048828125,1.19268798828125,8339,0.051927804946899414,0.05342773348093033,0.005002696067094803,,,
49,,0.0004425048828125,1.17620849609375,8349,0.06584763526916504,0.049319077283144,0.004405830055475235,,,
49,,0.0004425048828125,1.1273651123046875,8359,0.17785024642944336,0.04228935390710831,0.005046012811362743,,,
49,,0.0004425048828125,0.8810272216796875,8369,0.278423547744751,0.04930133372545242,0.008218860253691673,,,
49,,0.0004425048828125,1.366363525390625,8379,0.10651922225952148,0.046179719269275665,0.004260146990418434,,,
49,,0.0004425048828125,1.3531341552734375,8389,0.07710552215576172,0.03869570791721344,0.0030210602562874556,,,
49,,0.0004425048828125,1.1209869384765625,8399,0.3157229423522949,0.04862699285149574,0.010505990125238895,,,
49,,0.0004425048828125,1.15032958984375,8409,0.06953835487365723,0.04878111556172371,0.004307518247514963,,,
49,,0.0004425048828125,1.1884307861328125,8419,0.0863199234008789,0.047404173761606216,0.004242748487740755,,,
49,,0.0004425048828125,1.200164794921875,8429,0.03736758232116699,0.04706729203462601,0.003800150938332081,,,
49,,0.0004425048828125,1.4402313232421875,8439,0.26087045669555664,0.04737890511751175,0.007087431848049164,,,
49,,0.0004425048828125,1.3721923828125,8449,0.1559693068265915,0.04629763215780258,0.004954634699970484,,,
49,,,,8449,,,,0.1390279084444046,0.0498303659260273,0.005429141689091921
,0.0005,,,8450,,,,,,
50,,0.0004425048828125,1.4012451171875,8459,0.49601078033447266,0.04930872470140457,0.017568232491612434,,,
50,,0.0004425048828125,1.4627227783203125,8469,0.875436544418335,0.05218995735049248,0.04773430898785591,,,
50,,0.0004425048828125,1.369171142578125,8479,0.7547616958618164,0.04890412092208862,0.03307139128446579,,,
50,,0.0004425048828125,1.4854278564453125,8489,0.2768406867980957,0.056500036269426346,0.009448107331991196,,,
50,,0.0004425048828125,1.33245849609375,8499,0.043747901916503906,0.06353678554296494,0.006702680606395006,,,
50,,0.0004425048828125,1.38421630859375,8509,0.6119875907897949,0.06331202387809753,0.026240557432174683,,,
50,,0.0004425048828125,1.6204681396484375,8519,1.0767836570739746,0.10852370411157608,0.08864101767539978,,,
50,,0.0004425048828125,1.2730865478515625,8529,0.48558545112609863,0.14415180683135986,0.058873213827610016,,,
50,,0.0004425048828125,1.1992340087890625,8539,0.7976036071777344,0.14062312245368958,0.07064880430698395,,,
50,,0.0004425048828125,1.2124481201171875,8549,1.0948801040649414,0.12780515849590302,0.09974390268325806,,,
50,,0.0004425048828125,1.2344207763671875,8559,0.5435714721679688,0.09160811454057693,0.04141907021403313,,,
50,,0.0004425048828125,1.311248779296875,8569,0.6768453121185303,0.08294639736413956,0.03664781153202057,,,
50,,0.0004425048828125,1.1558380126953125,8579,0.5813014507293701,0.06770838052034378,0.02663278579711914,,,
50,,0.0004425048828125,1.4609222412109375,8589,0.6676909923553467,0.06108611077070236,0.03131736442446709,,,
50,,0.0004425048828125,1.4781951904296875,8599,0.3041806221008301,0.05738181248307228,0.010494139976799488,,,
50,,0.0004425048828125,1.2995147705078125,8609,0.49278926849365234,0.06917700171470642,0.020866133272647858,,,
50,,,,8618,,,,0.13114452362060547,0.06017237901687622,0.007337157614529133
,0.0005,,,8619,,,,,,
51,,0.0004425048828125,1.4175567626953125,8619,0.09657764434814453,0.05736913904547691,0.006131226196885109,,,
51,,0.0004425048828125,1.2581329345703125,8629,0.11268925666809082,0.05976413935422897,0.006768969818949699,,,
51,,0.0004425048828125,1.3516845703125,8639,0.14542651176452637,0.05827617272734642,0.007110651582479477,,,
51,,0.0004425048828125,1.33526611328125,8649,0.1502537727355957,0.04584546014666557,0.004575345665216446,,,
51,,0.0004425048828125,1.162017822265625,8659,0.41367435455322266,0.055843837559223175,0.014794559217989445,,,
51,,0.0004425048828125,1.60064697265625,8669,0.29473161697387695,0.05610469728708267,0.00969527754932642,,,
51,,0.0004425048828125,1.3548431396484375,8679,0.29331517219543457,0.05111360177397728,0.009343357756733894,,,
51,,0.0004425048828125,1.595306396484375,8689,0.04353690147399902,0.05137550085783005,0.004515470936894417,,,
51,,0.0004425048828125,1.3349456787109375,8699,0.2553374767303467,0.05252741277217865,0.008018191903829575,,,
51,,0.0004425048828125,1.1144256591796875,8709,0.18991303443908691,0.05352079123258591,0.006824539974331856,,,
51,,0.0004425048828125,1.416534423828125,8719,0.16618561744689941,0.05677066370844841,0.006672341376543045,,,
51,,0.0004425048828125,1.3680419921875,8729,0.12684965133666992,0.05312890559434891,0.005532729439437389,,,
51,,0.0004425048828125,1.2223968505859375,8739,0.11121463775634766,0.04155416041612625,0.0036621149629354477,,,
51,,0.0004425048828125,1.2573394775390625,8749,0.12082910537719727,0.04945223033428192,0.005571306217461824,,,
51,,0.0004425048828125,1.21624755859375,8759,0.18577980995178223,0.04938783869147301,0.006384952925145626,,,
51,,0.0004425048828125,1.61669921875,8769,0.10402846336364746,0.04812762513756752,0.004828236997127533,,,
51,,0.0004425048828125,1.282073974609375,8779,0.1785435676574707,0.05062410980463028,0.007562051992863417,,,
51,,,,8787,,,,0.10140035301446915,0.0503428690135479,0.004874617327004671
,0.0005,,,8788,,,,,,
52,,0.0004425048828125,1.3255462646484375,8789,0.394881010055542,0.050412409007549286,0.012355873361229897,,,
52,,0.0004425048828125,1.299163818359375,8799,0.06789827346801758,0.046329986304044724,0.003997547086328268,,,
52,,0.0004425048828125,1.6189422607421875,8809,0.14390158653259277,0.04779026657342911,0.005228598602116108,,,
52,,0.0004425048828125,1.4757537841796875,8819,0.13911843299865723,0.049179185181856155,0.004874874837696552,,,
52,,0.0004425048828125,1.3520965576171875,8829,0.28133702278137207,0.05226857587695122,0.010766217485070229,,,
52,,0.0004425048828125,1.4876251220703125,8839,0.19293522834777832,0.0501934252679348,0.006570241879671812,,,
52,,0.0004425048828125,1.1501312255859375,8849,0.07865691184997559,0.050739388912916183,0.0048794872127473354,,,
52,,0.0004425048828125,1.1923980712890625,8859,0.3296701908111572,0.04435507580637932,0.01179414615035057,,,
52,,0.0004425048828125,1.4355316162109375,8869,0.14069628715515137,0.04771394282579422,0.0047519695945084095,,,
52,,0.0004425048828125,1.396270751953125,8879,0.09272098541259766,0.04976784437894821,0.004723541904240847,,,
52,,0.0004425048828125,1.2514495849609375,8889,0.2772672176361084,0.047706227749586105,0.007897822186350822,,,
52,,0.0004425048828125,1.277069091796875,8899,0.045743465423583984,0.043737128376960754,0.0035792714916169643,,,
52,,0.0004425048828125,1.3187408447265625,8909,0.07807302474975586,0.04242117330431938,0.003897077403962612,,,
52,,0.0004425048828125,1.267578125,8919,0.052039146423339844,0.04477471485733986,0.0036588103976100683,,,
52,,0.0004425048828125,1.28759765625,8929,0.03628182411193848,0.04284552112221718,0.0033063164446502924,,,
52,,0.0004425048828125,1.1419525146484375,8939,0.02738189697265625,0.04552610591053963,0.0034127000253647566,,,
52,,0.0004425048828125,1.2129974365234375,8949,0.3743739128112793,0.04803689196705818,0.013607588596642017,,,
52,,,,8956,,,,0.9192087054252625,0.05734225735068321,0.05873250216245651
,0.0005,,,8957,,,,,,
53,,0.0004425048828125,1.2786865234375,8959,0.7674391269683838,0.07541808485984802,0.04466209560632706,,,
53,,0.0004425048828125,1.33056640625,8969,0.494828462600708,0.0906505137681961,0.030401334166526794,,,
53,,0.0004425048828125,1.2740631103515625,8979,0.21274685859680176,0.07405386865139008,0.013139428570866585,,,
53,,0.0004425048828125,1.5204010009765625,8989,0.21587538719177246,0.08311399817466736,0.014690807089209557,,,
53,,0.0004425048828125,1.44610595703125,8999,0.08101654052734375,0.06742971390485764,0.007974134758114815,,,
53,,0.0004425048828125,1.357269287109375,9009,0.18619632720947266,0.06190234050154686,0.008053010329604149,,,
53,,0.0004425048828125,1.36163330078125,9019,0.4080331325531006,0.06165389344096184,0.01721201278269291,,,
53,,0.0004425048828125,1.364166259765625,9029,0.41991472244262695,0.04908832907676697,0.019368460401892662,,,
53,,0.0004425048828125,1.4702911376953125,9039,0.6124827861785889,0.05333481729030609,0.024810951203107834,,,
53,,0.0004425048828125,1.201446533203125,9049,0.33561134338378906,0.059847425669431686,0.011422989889979362,,,
53,,0.0004425048828125,1.3104248046875,9059,0.3200678825378418,0.051048845052719116,0.010980766266584396,,,
53,,0.0004425048828125,1.351470947265625,9069,0.08237171173095703,0.04960619658231735,0.004921619314700365,,,
53,,0.0004425048828125,0.9175262451171875,9079,0.21164584159851074,0.057467103004455566,0.007967171259224415,,,
53,,0.0004425048828125,1.2268829345703125,9089,0.12636709213256836,0.04318190738558769,0.0040584164671599865,,,
53,,0.0004425048828125,1.3316650390625,9099,0.05339527130126953,0.04610617831349373,0.0036741967778652906,,,
53,,0.0004425048828125,1.3288421630859375,9109,0.2273721694946289,0.04707557335495949,0.006470911204814911,,,
53,,0.0004425048828125,1.4855499267578125,9119,0.170943021774292,0.04657479748129845,0.005992664489895105,,,
53,,,,9125,,,,0.16830304265022278,0.04876874014735222,0.005908094812184572
,0.0005,,,9126,,,,,,
54,,0.0004425048828125,1.4346923828125,9129,0.16707992553710938,0.04702513664960861,0.005553715396672487,,,
54,,0.0004425048828125,1.422027587890625,9139,0.17481231689453125,0.04366734251379967,0.004958919249475002,,,
54,,0.0004425048828125,1.112945556640625,9149,0.05651450157165527,0.045275844633579254,0.0037024642806500196,,,
54,,0.0004425048828125,1.6966705322265625,9159,0.286083459854126,0.04614391177892685,0.01096415240317583,,,
54,,0.0004425048828125,1.5702056884765625,9169,0.17366480827331543,0.044465627521276474,0.005174010992050171,,,
54,,0.0004425048828125,1.240966796875,9179,0.9677681922912598,0.051877714693546295,0.057552237063646317,,,
54,,0.0004425048828125,1.4348602294921875,9189,0.12806296348571777,0.05566150322556496,0.0060892957262694836,,,
54,,0.0004425048828125,1.2000885009765625,9199,0.08829450607299805,0.05150194466114044,0.004768824204802513,,,
54,,0.0004425048828125,1.327606201171875,9209,0.14127635955810547,0.04535248130559921,0.004851259291172028,,,
54,,0.0004425048828125,1.0479888916015625,9219,0.24458646774291992,0.0519801527261734,0.008532103151082993,,,
54,,0.0004425048828125,1.1742401123046875,9229,0.4158518314361572,0.050224486738443375,0.014888627454638481,,,
54,,0.0004425048828125,1.3058929443359375,9239,0.5589959621429443,0.0523349903523922,0.02083301544189453,,,
54,,0.0004425048828125,1.3605499267578125,9249,0.5912814140319824,0.050211209803819656,0.023824378848075867,,,
54,,0.0004425048828125,1.5055999755859375,9259,0.18449139595031738,0.04986698925495148,0.007128549739718437,,,
54,,0.0004425048828125,1.3140869140625,9269,0.14595651626586914,0.05397595465183258,0.0064948610961437225,,,
54,,0.0004425048828125,1.2859344482421875,9279,0.06411576271057129,0.05151951313018799,0.005166693590581417,,,
54,,0.0004425048828125,1.54046630859375,9289,0.530475378036499,0.05009811744093895,0.020072463899850845,,,
54,,,,9294,,,,0.3110022246837616,0.05608529597520828,0.011228355579078197
,0.0005,,,9295,,,,,,
55,,0.0004425048828125,1.45819091796875,9299,0.1831355094909668,0.05154842883348465,0.006516898050904274,,,
55,,0.0004425048828125,1.32720947265625,9309,0.405989408493042,0.056293461471796036,0.015082847326993942,,,
55,,0.0004425048828125,1.0972900390625,9319,0.20608758926391602,0.054344743490219116,0.007869056425988674,,,
55,,0.0004425048828125,1.3256988525390625,9329,0.09990954399108887,0.04917505010962486,0.00458943797275424,,,
55,,0.0004425048828125,1.5374755859375,9339,0.07956385612487793,0.0500536784529686,0.004632789175957441,,,
55,,0.0004425048828125,1.390869140625,9349,0.1802842617034912,0.04925434663891792,0.006118874065577984,,,
55,,0.0004425048828125,1.1211090087890625,9359,0.2844071388244629,0.04659660905599594,0.010923752561211586,,,
55,,0.0004425048828125,1.319061279296875,9369,0.14731287956237793,0.056455641984939575,0.00653181504458189,,,
55,,0.0004425048828125,1.074615478515625,9379,0.1519472599029541,0.05822591856122017,0.007192638702690601,,,
55,,0.0004425048828125,1.1581573486328125,9389,0.0575714111328125,0.04336011782288551,0.003361642826348543,,,
55,,0.0004425048828125,1.146636962890625,9399,0.1360797882080078,0.04994868487119675,0.005265186540782452,,,
55,,0.0004425048828125,1.155517578125,9409,0.1170809268951416,0.04399269074201584,0.004078289959579706,,,
55,,0.0004425048828125,1.246734619140625,9419,0.09483551979064941,0.04297375679016113,0.003660148475319147,,,
55,,0.0004425048828125,1.3526458740234375,9429,0.309689998626709,0.048038776963949203,0.011441354639828205,,,
55,,0.0004425048828125,1.2201080322265625,9439,0.05666494369506836,0.04503346234560013,0.003588451072573662,,,
55,,0.0004425048828125,1.1994171142578125,9449,0.060222625732421875,0.04406021907925606,0.0034556568134576082,,,
55,,0.0004425048828125,1.150421142578125,9459,0.13898372650146484,0.045717231929302216,0.005005120299756527,,,
55,,,,9463,,,,0.2186165302991867,0.04865223169326782,0.006815250497311354
,0.0005,,,9464,,,,,,
56,,0.0004425048828125,1.347930908203125,9469,0.07975530624389648,0.05079375207424164,0.004915289115160704,,,
56,,0.0004425048828125,1.6378326416015625,9479,0.3616197109222412,0.04540158808231354,0.011074623093008995,,,
56,,0.0004425048828125,1.1979217529296875,9489,0.5935578346252441,0.052360787987709045,0.022275855764746666,,,
56,,0.0004425048828125,1.5394287109375,9499,0.3687586784362793,0.05407451093196869,0.01268593780696392,,,
56,,0.0004425048828125,1.531982421875,9509,0.05528569221496582,0.045685168355703354,0.003615416120737791,,,
56,,0.0004425048828125,1.2504425048828125,9519,0.06771516799926758,0.04370419681072235,0.0035809811670333147,,,
56,,0.0004425048828125,1.301300048828125,9529,0.18536591529846191,0.03951199725270271,0.004833518527448177,,,
56,,0.0004425048828125,1.1671295166015625,9539,0.1672508716583252,0.04288714751601219,0.0045212144032120705,,,
56,,0.0004425048828125,1.2808685302734375,9549,0.1591510772705078,0.04958311840891838,0.005375268869102001,,,
56,,0.0004425048828125,1.1804351806640625,9559,0.09534382820129395,0.051384489983320236,0.005023160949349403,,,
56,,0.0004425048828125,1.4611663818359375,9569,0.2020878791809082,0.04826527088880539,0.006253838539123535,,,
56,,0.0004425048828125,1.4420013427734375,9579,0.11374235153198242,0.04402939975261688,0.00376856978982687,,,
56,,0.0004425048828125,1.46331787109375,9589,0.08177757263183594,0.050420280545949936,0.004704249557107687,,,
56,,0.0004425048828125,1.4785003662109375,9599,0.5205183029174805,0.0568213015794754,0.020815255120396614,,,
56,,0.0004425048828125,1.316650390625,9609,0.43692588806152344,0.05785243213176727,0.015764685347676277,,,
56,,0.0004425048828125,1.2091522216796875,9619,0.12777185440063477,0.06357725709676743,0.008414252661168575,,,
56,,0.0004425048828125,1.5709991455078125,9629,0.6114990711212158,0.0843394547700882,0.03249747306108475,,,
56,,,,9632,,,,0.34370189905166626,0.07808728516101837,0.016618764027953148
,0.0005,,,9633,,,,,,
57,,0.0004425048828125,1.396270751953125,9639,0.36632299423217773,0.05871405452489853,0.014841033145785332,,,
57,,0.0004425048828125,1.0611114501953125,9649,0.3414435386657715,0.05049366131424904,0.012262033298611641,,,
57,,0.0004425048828125,1.4494171142578125,9659,0.23004436492919922,0.04175505042076111,0.010899960063397884,,,
57,,0.0004425048828125,1.519134521484375,9669,0.2684187889099121,0.05667579174041748,0.009596400894224644,,,
57,,0.0004425048828125,1.5777130126953125,9679,0.6701080799102783,0.061513520777225494,0.03136378526687622,,,
57,,0.0004425048828125,1.29498291015625,9689,1.141045093536377,0.08097609877586365,0.07739533483982086,,,
57,,0.0004425048828125,1.1859130859375,9699,0.12330245971679688,0.06402546167373657,0.007678446359932423,,,
57,,0.0004425048828125,1.47198486328125,9709,0.5299038887023926,0.05530953407287598,0.022934168577194214,,,
57,,0.0004425048828125,1.65081787109375,9719,0.8593080043792725,0.06448487192392349,0.056479036808013916,,,
57,,0.0004425048828125,1.076446533203125,9729,0.24051380157470703,0.09379979968070984,0.018466664478182793,,,
57,,0.0004425048828125,1.378692626953125,9739,0.5587739944458008,0.07052839547395706,0.02749462239444256,,,
57,,0.0004425048828125,1.4909820556640625,9749,0.14368510246276855,0.06418480724096298,0.008069455623626709,,,
57,,0.0004425048828125,1.6885528564453125,9759,0.3393869400024414,0.05383678525686264,0.010952306911349297,,,
57,,0.0004425048828125,1.164306640625,9769,0.43319106101989746,0.05659465864300728,0.019850362092256546,,,
57,,0.0004425048828125,1.1397857666015625,9779,0.2496800422668457,0.05569634586572647,0.008552098646759987,,,
57,,0.0004425048828125,1.5265960693359375,9789,0.08715200424194336,0.04797915369272232,0.0042615314014256,,,
57,,0.0004425048828125,1.444580078125,9799,0.16833925247192383,0.047102779150009155,0.004979089368134737,,,
57,,,,9801,,,,0.13560405373573303,0.050702936947345734,0.005651930812746286
,0.0005,,,9802,,,,,,
58,,0.0004425048828125,1.451812744140625,9809,0.2117166519165039,0.03637276589870453,0.004577222745865583,,,
58,,0.0004425048828125,1.2760009765625,9819,0.41873764991760254,0.0489346943795681,0.014389099553227425,,,
58,,0.0004425048828125,1.5248565673828125,9829,0.09940457344055176,0.050467610359191895,0.00461866008117795,,,
58,,0.0004425048828125,1.4278106689453125,9839,0.27616143226623535,0.050531137734651566,0.009319362230598927,,,
58,,0.0004425048828125,1.1536102294921875,9849,0.4003887176513672,0.04515590891242027,0.011346559040248394,,,
58,,0.0004425048828125,1.1240692138671875,9859,0.1425318717956543,0.04500073194503784,0.006044679321348667,,,
58,,0.0004425048828125,1.205291748046875,9869,0.158430814743042,0.055361684411764145,0.006852194666862488,,,
58,,0.0004425048828125,1.3731842041015625,9879,0.2059016227722168,0.04581589251756668,0.006357461679726839,,,
58,,0.0004425048828125,1.244415283203125,9889,0.104827880859375,0.04896996542811394,0.004505440592765808,,,
58,,0.0004425048828125,1.293182373046875,9899,0.206406831741333,0.05423504859209061,0.007838091813027859,,,
58,,0.0004425048828125,1.319793701171875,9909,0.10138130187988281,0.048772018402814865,0.00516009796410799,,,
58,,0.0004425048828125,1.02203369140625,9919,0.43410634994506836,0.05007660388946533,0.01425178162753582,,,
58,,0.0004425048828125,1.4623260498046875,9929,0.24409914016723633,0.05223846808075905,0.00772275822237134,,,
58,,0.0004425048828125,1.3598785400390625,9939,0.3555736541748047,0.0518706738948822,0.012610148638486862,,,
58,,0.0004425048828125,1.5597686767578125,9949,0.23569750785827637,0.04938710480928421,0.007332744542509317,,,
58,,0.0004425048828125,1.6203460693359375,9959,0.0908651351928711,0.050803326070308685,0.00474656792357564,,,
58,,0.0004425048828125,1.335174560546875,9969,0.09046077728271484,0.040558066219091415,0.0032391638960689306,,,
58,,,,9970,,,,0.05790035426616669,0.048039890825748444,0.004024440422654152
,0.0005,,,9971,,,,,,
59,,0.0004425048828125,1.35809326171875,9979,0.1699845790863037,0.04631872475147247,0.005402954760938883,,,
59,,0.0004425048828125,1.460113525390625,9989,0.08189129829406738,0.04609622806310654,0.004050150513648987,,,
59,,0.0004425048828125,1.625579833984375,9999,0.16546249389648438,0.04095615819096565,0.004776507616043091,,,
59,,0.0004425048828125,1.113311767578125,10009,0.25151491165161133,0.04888561740517616,0.008725181221961975,,,
59,,0.0004425048828125,1.55322265625,10019,0.40274953842163086,0.05384024605154991,0.013890465721487999,,,
59,,0.0004425048828125,1.3243408203125,10029,0.3714902400970459,0.058670587837696075,0.013445628806948662,,,
59,,0.0004425048828125,0.9972686767578125,10039,0.2307140827178955,0.05397963896393776,0.00866257306188345,,,
59,,0.0004425048828125,1.2863616943359375,10049,0.43990397453308105,0.05655045062303543,0.016032464802265167,,,
59,,0.0004425048828125,1.3144073486328125,10059,0.13552045822143555,0.0557265430688858,0.006507673300802708,,,
59,,0.0004425048828125,1.3144073486328125,10069,0.17023515701293945,0.04890531301498413,0.006242049857974052,,,
59,,0.0004425048828125,1.3846282958984375,10079,0.40123891830444336,0.04848269745707512,0.012074737809598446,,,
59,,0.0004425048828125,1.2021484375,10089,0.23829197883605957,0.05936029180884361,0.008912233635783195,,,
59,,0.0004425048828125,1.522674560546875,10099,0.24327921867370605,0.050553325563669205,0.0071532242000103,,,
59,,0.0004425048828125,1.5129852294921875,10109,0.1614677906036377,0.04550231993198395,0.005193779245018959,,,
59,,0.0004425048828125,1.3335113525390625,10119,0.1544642448425293,0.05211051180958748,0.006277279928326607,,,
59,,0.0004425048828125,1.1812896728515625,10129,0.17712616920471191,0.061280544847249985,0.008143972605466843,,,
59,,0.0004425048828125,1.190460205078125,10139,0.048343658447265625,0.045211583375930786,0.003575610928237438,,,
59,,,,10139,,,,0.5271176695823669,0.06350379437208176,0.026076745241880417
,0.0005,,,10140,,,,,,
60,,0.0004425048828125,1.17828369140625,10149,0.15563583374023438,0.054169751703739166,0.006368847098201513,,,
60,,0.0004425048828125,0.8953094482421875,10159,0.3779177665710449,0.05683394894003868,0.013713693246245384,,,
60,,0.0004425048828125,1.519378662109375,10169,0.07526254653930664,0.05162105709314346,0.004554259590804577,,,
60,,0.0004425048828125,1.1792144775390625,10179,0.8905808925628662,0.05248130485415459,0.05031132325530052,,,
60,,0.0004425048828125,1.2143707275390625,10189,0.6501634120941162,0.04756728559732437,0.027684463188052177,,,
60,,0.0004425048828125,1.108001708984375,10199,0.28003525733947754,0.04923560097813606,0.008756987750530243,,,
60,,0.0004425048828125,1.3529815673828125,10209,0.25438833236694336,0.0496223159134388,0.00777787808328867,,,
60,,0.0004425048828125,1.266754150390625,10219,0.13472604751586914,0.04939672723412514,0.005307893268764019,,,
60,,0.0004425048828125,0.9097900390625,10229,0.6692585945129395,0.05384231358766556,0.03249484300613403,,,
60,,0.0004425048828125,1.34149169921875,10239,0.41028475761413574,0.054966140538454056,0.01524259801954031,,,
60,,0.0004425048828125,1.0955810546875,10249,0.48650574684143066,0.05943768098950386,0.018503790721297264,,,
60,,0.0004425048828125,1.23638916015625,10259,0.345869779586792,0.06892480701208115,0.016395777463912964,,,
60,,0.0004425048828125,1.0916595458984375,10269,0.49137377738952637,0.06511878222227097,0.020814765244722366,,,
60,,0.0004425048828125,1.1133880615234375,10279,0.5495219230651855,0.06225259602069855,0.023794373497366905,,,
60,,0.0004425048828125,1.6681976318359375,10289,0.07958507537841797,0.0579233393073082,0.006009380333125591,,,
60,,0.0004425048828125,1.48089599609375,10299,0.3724193572998047,0.06005345657467842,0.014997268095612526,,,
60,,,,10308,,,,0.5313343405723572,0.06850369274616241,0.02570793405175209
,0.0005,,,10309,,,,,,
61,,0.0004425048828125,1.309661865234375,10309,0.4176926612854004,0.06279630213975906,0.018866507336497307,,,
61,,0.0004425048828125,1.25274658203125,10319,0.17811036109924316,0.06793015450239182,0.009245798923075199,,,
61,,0.0004425048828125,1.6735382080078125,10329,0.14429736137390137,0.07555852085351944,0.011769627220928669,,,
61,,0.0004425048828125,1.612518310546875,10339,0.40531492233276367,0.07965143024921417,0.02025207132101059,,,
61,,0.0004425048828125,1.1858673095703125,10349,1.2632473707199097,0.11671549081802368,0.10930760949850082,,,
61,,0.0004425048828125,1.1190185546875,10359,0.0921177864074707,0.0705522894859314,0.00901226419955492,,,
61,,0.0004425048828125,1.3593902587890625,10369,0.08773565292358398,0.06523936241865158,0.007847726345062256,,,
61,,0.0004425048828125,1.1092681884765625,10379,0.14786481857299805,0.05251017212867737,0.006979045458137989,,,
61,,0.0004425048828125,1.0174102783203125,10389,0.2523677349090576,0.05161081999540329,0.008464390411973,,,
61,,0.0004425048828125,1.725677490234375,10399,0.301924467086792,0.05534803867340088,0.010129944421350956,,,
61,,0.0004425048828125,1.6173248291015625,10409,0.8759360313415527,0.05957050994038582,0.04785330966114998,,,
61,,0.0004425048828125,1.320953369140625,10419,0.33805203437805176,0.05481106415390968,0.01248450018465519,,,
61,,0.0004425048828125,1.3363494873046875,10429,0.49728918075561523,0.05190330371260643,0.01706617698073387,,,
61,,0.0004425048828125,1.2390899658203125,10439,0.28338146209716797,0.04917468875646591,0.008116617798805237,,,
61,,0.0004425048828125,1.3308258056640625,10449,0.1757059097290039,0.048385560512542725,0.005907035898417234,,,
61,,0.0004425048828125,1.43878173828125,10459,0.29177403450012207,0.04646420106291771,0.008102010935544968,,,
61,,0.0004425048828125,1.4795074462890625,10469,0.3533189296722412,0.050144657492637634,0.012113530188798904,,,
61,,,,10477,,,,0.21084624528884888,0.054268985986709595,0.007836763747036457
,0.0005,,,10478,,,,,,
62,,0.0004425048828125,1.3701324462890625,10479,0.5281405448913574,0.055486634373664856,0.019421733915805817,,,
62,,0.0004425048828125,1.537994384765625,10489,0.2925553321838379,0.05034423992037773,0.011810461059212685,,,
62,,0.0004425048828125,1.5387725830078125,10499,0.07955384254455566,0.05617491900920868,0.005981483496725559,,,
62,,0.0004425048828125,1.275146484375,10509,0.05847311019897461,0.04547840356826782,0.003604198805987835,,,
62,,0.0004425048828125,1.05462646484375,10519,0.04053688049316406,0.04129590839147568,0.0028415676206350327,,,
62,,0.0004425048828125,1.2967376708984375,10529,0.1232595443725586,0.04763840511441231,0.004928514361381531,,,
62,,0.0004425048828125,1.399810791015625,10539,0.307880163192749,0.04977913200855255,0.009017638862133026,,,
62,,0.0004425048828125,1.15911865234375,10549,0.139815092086792,0.04621652141213417,0.0045804730616509914,,,
62,,0.0004425048828125,1.4722747802734375,10559,0.10931563377380371,0.05058222636580467,0.00496835308149457,,,
62,,0.0004425048828125,1.43878173828125,10569,0.17855525016784668,0.048534829169511795,0.005909634754061699,,,
62,,0.0004425048828125,1.4136199951171875,10579,0.30562901496887207,0.049332235008478165,0.010289706289768219,,,
62,,0.0004425048828125,1.4312591552734375,10589,0.6031339168548584,0.06401561945676804,0.029529878869652748,,,
62,,0.0004425048828125,1.4291534423828125,10599,0.09257864952087402,0.05943650007247925,0.006080009043216705,,,
62,,0.0004425048828125,1.470123291015625,10609,0.1775345802307129,0.05429904907941818,0.00704635214060545,,,
62,,0.0004425048828125,1.2978973388671875,10619,0.09294795989990234,0.04552261158823967,0.00384943257085979,,,
62,,0.0004425048828125,1.252044677734375,10629,0.13351917266845703,0.05059272423386574,0.005543182138353586,,,
62,,0.0004425048828125,1.2462005615234375,10639,0.05962705612182617,0.035913627594709396,0.002337763551622629,,,
62,,,,10646,,,,0.1033312976360321,0.0474105030298233,0.00437850970774889
,0.0005,,,10647,,,,,,
63,,0.0004425048828125,1.3883819580078125,10649,0.07024478912353516,0.03877749666571617,0.0027497345581650734,,,
63,,0.0004425048828125,1.32861328125,10659,0.06928563117980957,0.04493476822972298,0.003644465235993266,,,
63,,0.0004425048828125,1.313690185546875,10669,0.1174464225769043,0.03675095736980438,0.003010212443768978,,,
63,,0.0004425048828125,1.3447265625,10679,0.10759639739990234,0.03822552040219307,0.0031844282057136297,,,
63,,0.0004425048828125,1.3835296630859375,10689,0.10725736618041992,0.04034104198217392,0.0035492153838276863,,,
63,,0.0004425048828125,1.4216156005859375,10699,0.02590346336364746,0.04390550032258034,0.0033888642210513353,,,
63,,0.0004425048828125,1.498748779296875,10709,0.0543360710144043,0.037842053920030594,0.002656953176483512,,,
63,,0.0004425048828125,1.6116485595703125,10719,0.3621859550476074,0.043230090290308,0.011423802003264427,,,
63,,0.0004425048828125,1.3737640380859375,10729,0.08831048011779785,0.046501025557518005,0.004111945163458586,,,
63,,0.0004425048828125,1.2744903564453125,10739,0.15919065475463867,0.043856408447027206,0.0044479696080088615,,,
63,,0.0004425048828125,1.434112548828125,10749,0.026917457580566406,0.04352252185344696,0.0031676585786044598,,,
63,,0.0004425048828125,1.4493408203125,10759,0.1593935489654541,0.040642861276865005,0.004342951811850071,,,
63,,0.0004425048828125,1.4124603271484375,10769,0.258713960647583,0.04436377435922623,0.008264528587460518,,,
63,,0.0004425048828125,1.4092864990234375,10779,0.1652357578277588,0.043958306312561035,0.005010716151446104,,,
63,,0.0004425048828125,1.3327484130859375,10789,0.13519668579101562,0.04141634330153465,0.00425304239615798,,,
63,,0.0004425048828125,1.2061767578125,10799,0.1637861728668213,0.043844643980264664,0.004994153510779142,,,
63,,0.0004425048828125,1.328033447265625,10809,0.07334208488464355,0.04543008655309677,0.0037600817158818245,,,
63,,,,10815,,,,0.0673728808760643,0.047774817794561386,0.004137012176215649
,0.0005,,,10816,,,,,,
64,,0.0004425048828125,1.1935272216796875,10819,0.09788823127746582,0.04005777835845947,0.003161455038934946,,,
64,,0.0004425048828125,1.157989501953125,10829,0.043254852294921875,0.03538210690021515,0.002241415437310934,,,
64,,0.0004425048828125,1.686614990234375,10839,0.09667348861694336,0.042719341814517975,0.004011507611721754,,,
64,,0.0004425048828125,1.40985107421875,10849,0.10231828689575195,0.03764710947871208,0.0029884250834584236,,,
64,,0.0004425048828125,1.3385162353515625,10859,0.7386395931243896,0.04433906078338623,0.034911733120679855,,,
64,,0.0004425048828125,1.6299285888671875,10869,0.618377685546875,0.055001020431518555,0.025721630081534386,,,
64,,0.0004425048828125,1.3774871826171875,10879,0.058484554290771484,0.053567107766866684,0.00468922033905983,,,
64,,0.0004425048828125,1.2013397216796875,10889,0.20852136611938477,0.04745534062385559,0.006218260154128075,,,
64,,0.0004425048828125,1.3077850341796875,10899,0.26372742652893066,0.04152240604162216,0.006425952538847923,,,
64,,0.0004425048828125,1.1182708740234375,10909,0.0663144588470459,0.04425332322716713,0.003469202434644103,,,
64,,0.0004425048828125,1.1060638427734375,10919,0.0746917724609375,0.04214715212583542,0.003355649998411536,,,
64,,0.0004425048828125,1.2698822021484375,10929,0.02915501594543457,0.038390882313251495,0.0025806541088968515,,,
64,,0.0004425048828125,1.2747955322265625,10939,0.17073845863342285,0.047777559608221054,0.005820628255605698,,,
64,,0.0004425048828125,1.443634033203125,10949,0.3202509880065918,0.04169643297791481,0.008185778744518757,,,
64,,0.0004425048828125,1.3661041259765625,10959,0.2141566276550293,0.048327669501304626,0.007955539971590042,,,
64,,0.0004425048828125,1.523101806640625,10969,0.097015380859375,0.0399845689535141,0.0031505802180618048,,,
64,,0.0004425048828125,1.137542724609375,10979,0.3155529499053955,0.04934203624725342,0.009689725935459137,,,
64,,,,10984,,,,0.08678911626338959,0.04880354180932045,0.004386537708342075
,0.0005,,,10985,,,,,,
65,,0.0004425048828125,1.0587310791015625,10989,0.15659332275390625,0.040770988911390305,0.0040688300505280495,,,
65,,0.0004425048828125,1.42681884765625,10999,0.15557336807250977,0.03657296672463417,0.005616042762994766,,,
65,,0.0004425048828125,1.488616943359375,11009,0.8280370235443115,0.07485874742269516,0.054858654737472534,,,
65,,0.0004425048828125,1.3868865966796875,11019,0.30298733711242676,0.10130686312913895,0.024891825392842293,,,
65,,0.0004425048828125,1.498260498046875,11029,0.403270959854126,0.07690320909023285,0.021318498998880386,,,
65,,0.0004425048828125,1.3296356201171875,11039,0.10747098922729492,0.06354920566082001,0.007274377625435591,,,
65,,0.0004425048828125,1.416351318359375,11049,0.39806413650512695,0.05091158300638199,0.013039644807577133,,,
65,,0.0004425048828125,1.5307464599609375,11059,0.1403062343597412,0.04772041365504265,0.004786313511431217,,,
65,,0.0004425048828125,1.4609527587890625,11069,0.10677528381347656,0.043931473046541214,0.0036251244600862265,,,
65,,0.0004425048828125,1.31390380859375,11079,0.22624564170837402,0.04468734189867973,0.006232749205082655,,,
65,,0.0004425048828125,1.11865234375,11089,0.3469066619873047,0.049905925989151,0.010848317295312881,,,
65,,0.0004425048828125,1.1996002197265625,11099,0.1873455047607422,0.053353115916252136,0.006638645194470882,,,
65,,0.0004425048828125,1.315521240234375,11109,0.20014333724975586,0.05056680738925934,0.006341703236103058,,,
65,,0.0004425048828125,1.4324951171875,11119,0.3054356575012207,0.05689282342791557,0.010233248583972454,,,
65,,0.0004425048828125,1.2708587646484375,11129,0.09536433219909668,0.04817642644047737,0.004355822689831257,,,
65,,0.0004425048828125,1.1728363037109375,11139,0.2156965732574463,0.044763099402189255,0.007315664552152157,,,
65,,0.0004425048828125,1.6599273681640625,11149,0.14133167266845703,0.0426805280148983,0.004651192110031843,,,
65,,,,11153,,,,0.31866759061813354,0.05086097866296768,0.011083927005529404
,0.0005,,,11154,,,,,,
66,,0.0004425048828125,1.3704833984375,11159,0.45159125328063965,0.05068063363432884,0.02359134890139103,,,
66,,0.0004425048828125,1.6655426025390625,11169,0.5324954986572266,0.054974351078271866,0.01937933638691902,,,
66,,0.0004425048828125,1.3253021240234375,11179,0.4587996006011963,0.05647528916597366,0.017660565674304962,,,
66,,0.0004425048828125,1.3285980224609375,11189,0.1937251091003418,0.0551433265209198,0.008581334725022316,,,
66,,0.0004425048828125,1.289581298828125,11199,0.41534948348999023,0.058770254254341125,0.015511272475123405,,,
66,,0.0004425048828125,1.2587890625,11209,0.13778066635131836,0.05386043339967728,0.006051693111658096,,,
66,,0.0004425048828125,1.296905517578125,11219,0.042575836181640625,0.04712050035595894,0.003682308830320835,,,
66,,0.0004425048828125,1.409942626953125,11229,0.37880563735961914,0.04333692416548729,0.011675359681248665,,,
66,,0.0004425048828125,1.4762725830078125,11239,0.15097332000732422,0.04943697527050972,0.005488852970302105,,,
66,,0.0004425048828125,1.7623748779296875,11249,0.11297917366027832,0.04699089005589485,0.004293651320040226,,,
66,,0.0004425048828125,1.148406982421875,11259,0.2713432312011719,0.04818813502788544,0.00993178691715002,,,
66,,0.0004425048828125,1.58319091796875,11269,0.297593355178833,0.05199390649795532,0.010416235774755478,,,
66,,0.0004425048828125,1.315185546875,11279,0.2066805362701416,0.04992591589689255,0.0067123956978321075,,,
66,,0.0004425048828125,1.650299072265625,11289,0.3689560890197754,0.05453826114535332,0.014941882342100143,,,
66,,0.0004425048828125,1.0040130615234375,11299,0.2618894577026367,0.04725807532668114,0.00822439044713974,,,
66,,0.0004425048828125,1.678619384765625,11309,0.7450103759765625,0.062013205140829086,0.03476400673389435,,,
66,,0.0004425048828125,1.3180694580078125,11319,0.8983709812164307,0.06566362828016281,0.04758252575993538,,,
66,,,,11322,,,,0.43853819370269775,0.06083158776164055,0.019415121525526047
,0.0005,,,11323,,,,,,
67,,0.0004425048828125,1.215606689453125,11329,0.20470476150512695,0.05815025046467781,0.008281582966446877,,,
67,,0.0004425048828125,1.608062744140625,11339,0.35397911071777344,0.046070218086242676,0.011849888600409031,,,
67,,0.0004425048828125,1.422149658203125,11349,0.15725231170654297,0.046541813760995865,0.004957922734320164,,,
67,,0.0004425048828125,1.3472137451171875,11359,0.1185450553894043,0.05033378303050995,0.005232411436736584,,,
67,,0.0004425048828125,1.23406982421875,11369,0.4361865520477295,0.04470527917146683,0.013464059680700302,,,
67,,0.0004425048828125,1.525482177734375,11379,0.1357131004333496,0.04731031879782677,0.005137306172400713,,,
67,,0.0004425048828125,1.5467376708984375,11389,0.05106663703918457,0.0415806882083416,0.003203796222805977,,,
67,,0.0004425048828125,1.191192626953125,11399,0.08963155746459961,0.04728502035140991,0.0043038977310061455,,,
67,,0.0004425048828125,1.1606597900390625,11409,0.07551765441894531,0.03978115692734718,0.002967048203572631,,,
67,,0.0004425048828125,1.1296844482421875,11419,0.13434624671936035,0.03996071219444275,0.003930407576262951,,,
67,,0.0004425048828125,1.527557373046875,11429,0.060854196548461914,0.03788769990205765,0.0025899121537804604,,,
67,,0.0004425048828125,1.1994781494140625,11439,0.19558405876159668,0.041577909141778946,0.005114434286952019,,,
67,,0.0004425048828125,1.1583404541015625,11449,0.1615135669708252,0.04240144044160843,0.004400112200528383,,,
67,,0.0004425048828125,1.1970062255859375,11459,0.47348713874816895,0.04778860881924629,0.015526065602898598,,,
67,,0.0004425048828125,1.2824554443359375,11469,0.33296942710876465,0.04734541103243828,0.011178792454302311,,,
67,,0.0004425048828125,1.239959716796875,11479,0.315582275390625,0.04352525994181633,0.007984103634953499,,,
67,,0.0004425048828125,1.2296295166015625,11489,0.22630548477172852,0.05797018110752106,0.009537376463413239,,,
67,,,,11491,,,,0.2845255136489868,0.057106759399175644,0.010952535085380077
,0.0005,,,11492,,,,,,
68,,0.0004425048828125,1.4126129150390625,11499,0.09965038299560547,0.05200294405221939,0.004972583614289761,,,
68,,0.0004425048828125,1.4248199462890625,11509,0.055179595947265625,0.04672807827591896,0.0039431448094546795,,,
68,,0.0004425048828125,1.281768798828125,11519,0.05108380317687988,0.04391573742032051,0.003446693532168865,,,
68,,0.0004425048828125,1.0777740478515625,11529,0.06442427635192871,0.042030028998851776,0.0031552333384752274,,,
68,,0.0004425048828125,1.385833740234375,11539,0.08109164237976074,0.037716008722782135,0.002659559715539217,,,
68,,0.0004425048828125,1.2539825439453125,11549,0.08711934089660645,0.04145375266671181,0.0035154693759977818,,,
68,,0.0004425048828125,1.5626373291015625,11559,0.17641186714172363,0.03313193470239639,0.0037500192411243916,,,
68,,0.0004425048828125,1.2564697265625,11569,0.1462399959564209,0.041526149958372116,0.004151102155447006,,,
68,,0.0004425048828125,1.3015899658203125,11579,0.10947465896606445,0.04775901138782501,0.004498105496168137,,,
68,,0.0004425048828125,1.6130218505859375,11589,0.062409400939941406,0.04871276393532753,0.004275799263268709,,,
68,,0.0004425048828125,1.3983154296875,11599,0.11083602905273438,0.040468934923410416,0.00367337535135448,,,
68,,0.0004425048828125,1.388153076171875,11609,0.10171008110046387,0.039737459272146225,0.00341332470998168,,,
68,,0.0004425048828125,1.146514892578125,11619,0.2289896011352539,0.038615379482507706,0.005661057308316231,,,
68,,0.0004425048828125,1.31256103515625,11629,0.1843733787536621,0.04257894679903984,0.004912925884127617,,,
68,,0.0004425048828125,1.0195465087890625,11639,0.12685227394104004,0.044196419417858124,0.004249039571732283,,,
68,,0.0004425048828125,1.485107421875,11649,0.17271733283996582,0.05756658688187599,0.007205270230770111,,,
68,,0.0004425048828125,1.1520233154296875,11659,0.08322858810424805,0.060029879212379456,0.006358603481203318,,,
68,,,,11660,,,,0.07749741524457932,0.05725900083780289,0.005536611191928387
,0.0005,,,11661,,,,,,
69,,0.0004425048828125,1.27117919921875,11669,0.15356135368347168,0.06047644838690758,0.00731555325910449,,,
69,,0.0004425048828125,1.1336822509765625,11679,0.3225889205932617,0.06412207335233688,0.011825138702988625,,,
69,,0.0004425048828125,1.42315673828125,11689,0.07954120635986328,0.05259957164525986,0.005657837726175785,,,
69,,0.0004425048828125,1.35321044921875,11699,0.10938596725463867,0.04446244239807129,0.0042205145582556725,,,
69,,0.0004425048828125,1.3538665771484375,11709,0.4040341377258301,0.04326998442411423,0.011245307512581348,,,
69,,0.0004425048828125,1.456024169921875,11719,0.055109500885009766,0.039996009320020676,0.002569457283243537,,,
69,,0.0004425048828125,1.27685546875,11729,0.2459735870361328,0.04187259450554848,0.006198025308549404,,,
69,,0.0004425048828125,1.311279296875,11739,0.3719611167907715,0.04547078534960747,0.012416437268257141,,,
69,,0.0004425048828125,1.2252044677734375,11749,0.07478809356689453,0.04138103872537613,0.0031054336577653885,,,
69,,0.0004425048828125,1.2096405029296875,11759,0.04873800277709961,0.03937621787190437,0.002791116014122963,,,
69,,0.0004425048828125,1.0816497802734375,11769,0.07436704635620117,0.03311470150947571,0.002137576462700963,,,
69,,0.0004425048828125,1.4004974365234375,11779,0.05843544006347656,0.03260054066777229,0.002004097681492567,,,
69,,0.0004425048828125,1.13250732421875,11789,0.3176426887512207,0.03963148593902588,0.008412182331085205,,,
69,,0.0004425048828125,1.397705078125,11799,0.10391998291015625,0.042039573192596436,0.0034473352134227753,,,
69,,0.0004425048828125,1.40069580078125,11809,0.05444002151489258,0.03796036168932915,0.002650111448019743,,,
69,,0.0004425048828125,1.0820159912109375,11819,0.43916845321655273,0.04221108555793762,0.01265131775289774,,,
69,,0.0004425048828125,1.19415283203125,11829,0.792313277721405,0.0432036817073822,0.039141133427619934,,,
69,,,,11829,,,,0.41219544410705566,0.050710614770650864,0.01359430979937315
,0.0005,,,11830,,,,,,
70,,0.0004425048828125,1.2458953857421875,11839,0.27209949493408203,0.06797187775373459,0.013210127130150795,,,
70,,0.0004425048828125,1.2092132568359375,11849,0.6009824275970459,0.05851256847381592,0.036733873188495636,,,
70,,0.0004425048828125,1.200469970703125,11859,0.2436237335205078,0.051765281707048416,0.007929574698209763,,,
70,,0.0004425048828125,1.136993408203125,11869,0.5063972473144531,0.05494631081819534,0.02125830203294754,,,
70,,0.0004425048828125,1.1202545166015625,11879,0.09692859649658203,0.04990331828594208,0.004948597401380539,,,
70,,0.0004425048828125,1.4418182373046875,11889,0.2176830768585205,0.049866240471601486,0.0073918541893363,,,
70,,0.0004425048828125,1.1504364013671875,11899,0.13222742080688477,0.04458925127983093,0.004267361015081406,,,
70,,0.0004425048828125,1.2908172607421875,11909,0.0864567756652832,0.05361229181289673,0.005360317882150412,,,
70,,0.0004425048828125,1.2705230712890625,11919,0.6246140003204346,0.04835749417543411,0.023456506431102753,,,
70,,0.0004425048828125,1.4936370849609375,11929,0.621187686920166,0.0519585944712162,0.026401914656162262,,,
70,,0.0004425048828125,1.6870880126953125,11939,0.09943461418151855,0.05166686326265335,0.0049097565934062,,,
70,,0.0004425048828125,1.1690216064453125,11949,0.09137082099914551,0.049650970846414566,0.004789347760379314,,,
70,,0.0004425048828125,1.447021484375,11959,0.11213445663452148,0.04623638838529587,0.004277784842997789,,,
70,,0.0004425048828125,1.3247528076171875,11969,0.07272839546203613,0.04302231967449188,0.0033642887137830257,,,
70,,0.0004425048828125,1.4066314697265625,11979,0.041513681411743164,0.04270939901471138,0.0031231923494488,,,
70,,0.0004425048828125,1.0793914794921875,11989,0.26175975799560547,0.039140112698078156,0.006227573379874229,,,
70,,,,11998,,,,0.3503497838973999,0.05258002504706383,0.011229820549488068
,0.0005,,,11999,,,,,,
71,,0.0004425048828125,1.4243316650390625,11999,0.29205799102783203,0.050070684403181076,0.00913889892399311,,,
71,,0.0004425048828125,1.2532501220703125,12009,0.2332906723022461,0.05183389410376549,0.0074065616354346275,,,
71,,0.0004425048828125,1.552459716796875,12019,0.08865737915039062,0.05546586960554123,0.005561097990721464,,,
71,,0.0004425048828125,1.6328887939453125,12029,0.12449407577514648,0.04550160840153694,0.004662162624299526,,,
71,,0.0004425048828125,1.1599273681640625,12039,0.0525355339050293,0.03950881585478783,0.002794337924569845,,,
71,,0.0004425048828125,1.652862548828125,12049,0.20331192016601562,0.044309381395578384,0.006102440878748894,,,
71,,0.0004425048828125,1.127777099609375,12059,0.29741668701171875,0.040173232555389404,0.007109884172677994,,,
71,,0.0004425048828125,1.7699432373046875,12069,0.4013659954071045,0.04757843166589737,0.013197304680943489,,,
71,,0.0004425048828125,1.2051239013671875,12079,0.16477584838867188,0.035449881106615067,0.003570659551769495,,,
71,,0.0004425048828125,1.212432861328125,12089,0.4160165786743164,0.04733525216579437,0.015084056183695793,,,
71,,0.0004425048828125,1.26458740234375,12099,0.45734500885009766,0.0524938628077507,0.017842568457126617,,,
71,,0.0004425048828125,1.1888885498046875,12109,0.17715883255004883,0.05056470260024071,0.006322920322418213,,,
71,,0.0004425048828125,1.186065673828125,12119,0.45302867889404297,0.0811653882265091,0.022792313247919083,,,
71,,0.0004425048828125,1.2257080078125,12129,0.43102359771728516,0.06386721879243851,0.01674950122833252,,,
71,,0.0004425048828125,1.4616546630859375,12139,0.07836079597473145,0.055240925401449203,0.005411179736256599,,,
71,,0.0004425048828125,1.233734130859375,12149,0.2520458698272705,0.05155941843986511,0.008802802301943302,,,
71,,0.0004425048828125,1.2845001220703125,12159,0.55295729637146,0.04986993595957756,0.021452151238918304,,,
71,,,,12167,,,,0.549014687538147,0.06356146186590195,0.028057266026735306
,0.0005,,,12168,,,,,,
72,,0.0004425048828125,1.2476806640625,12169,0.8642599582672119,0.07047007977962494,0.045621417462825775,,,
72,,0.0004425048828125,1.5792694091796875,12179,0.2059323787689209,0.05913936346769333,0.008395432494580746,,,
72,,0.0004425048828125,1.5410308837890625,12189,0.12761425971984863,0.05022280290722847,0.005394663196057081,,,
72,,0.0004425048828125,1.18353271484375,12199,0.5964410305023193,0.05822087824344635,0.023453885689377785,,,
72,,0.0004425048828125,1.4134979248046875,12209,0.3540916442871094,0.04976911097764969,0.011118810623884201,,,
72,,0.0004425048828125,1.665557861328125,12219,0.050174713134765625,0.045863669365644455,0.0036837696097791195,,,
72,,0.0004425048828125,1.2349700927734375,12229,0.06413841247558594,0.03862481564283371,0.0027478584088385105,,,
72,,0.0004425048828125,1.224853515625,12239,0.07406806945800781,0.039790280163288116,0.00331685459241271,,,
72,,0.0004425048828125,1.3171234130859375,12249,0.09315252304077148,0.04239131510257721,0.003901265561580658,,,
72,,0.0004425048828125,1.5688018798828125,12259,0.24874639511108398,0.038840945810079575,0.005698078311979771,,,
72,,0.0004425048828125,1.0691986083984375,12269,0.28349876403808594,0.03732287138700485,0.0064852116629481316,,,
72,,0.0004425048828125,1.1643524169921875,12279,0.41322946548461914,0.04538643732666969,0.012414032593369484,,,
72,,0.0004425048828125,1.09344482421875,12289,0.22925853729248047,0.04437984898686409,0.00657755509018898,,,
72,,0.0004425048828125,1.481964111328125,12299,0.3908348083496094,0.04946283623576164,0.012531913816928864,,,
72,,0.0004425048828125,1.2187042236328125,12309,0.49355006217956543,0.052410297095775604,0.02357758767902851,,,
72,,0.0004425048828125,1.157684326171875,12319,0.7800090312957764,0.06063370779156685,0.038106419146060944,,,
72,,0.0004425048828125,1.2434844970703125,12329,0.20952463150024414,0.05370059236884117,0.008384522050619125,,,
72,,,,12336,,,,0.5517228841781616,0.06539534032344818,0.025011993944644928
,0.0005,,,12337,,,,,,
73,,0.0004425048828125,1.0841827392578125,12339,0.22897791862487793,0.05269032344222069,0.00960206612944603,,,
73,,0.0004425048828125,1.2630767822265625,12349,1.0047087669372559,0.07045554369688034,0.06697656214237213,,,
73,,0.0004425048828125,1.2764129638671875,12359,0.9450984001159668,0.062275663018226624,0.0580870658159256,,,
73,,0.0004425048828125,1.2563323974609375,12369,0.1753523349761963,0.0705392062664032,0.010290760546922684,,,
73,,0.0004425048828125,1.271728515625,12379,0.1991596221923828,0.06691104173660278,0.009275060147047043,,,
73,,0.0004425048828125,1.419464111328125,12389,0.3103766441345215,0.05592576041817665,0.011491641402244568,,,
73,,0.0004425048828125,1.3636627197265625,12399,0.3953721523284912,0.05062028020620346,0.01425839215517044,,,
73,,0.0004425048828125,1.3233489990234375,12409,0.3524346351623535,0.05520903691649437,0.012642690911889076,,,
73,,0.0004425048828125,1.2542877197265625,12419,0.34545254707336426,0.05340256541967392,0.01112887542694807,,,
73,,0.0004425048828125,1.6976318359375,12429,0.6145594120025635,0.05380804091691971,0.024204421788454056,,,
73,,0.0004425048828125,1.2967376708984375,12439,0.09996461868286133,0.05357686057686806,0.005604324396699667,,,
73,,0.0004425048828125,1.1616668701171875,12449,0.05858278274536133,0.04477427527308464,0.004000409040600061,,,
73,,0.0004425048828125,1.159637451171875,12459,0.045058488845825195,0.048174936324357986,0.004023981746286154,,,
73,,0.0004425048828125,1.36114501953125,12469,0.1371619701385498,0.04578347131609917,0.00450475886464119,,,
73,,0.0004425048828125,1.2802276611328125,12479,0.6761634349822998,0.0478128045797348,0.03051280416548252,,,
73,,0.0004425048828125,1.162109375,12489,0.376953125,0.062376346439123154,0.015954218804836273,,,
73,,0.0004425048828125,1.209320068359375,12499,0.47838306427001953,0.08053242415189743,0.025043658912181854,,,
73,,,,12505,,,,1.042371392250061,0.09943031519651413,0.0823921412229538
,0.0005,,,12506,,,,,,
74,,0.0004425048828125,1.4039154052734375,12509,1.6051487922668457,0.10194946080446243,0.16227184236049652,,,
74,,0.0004425048828125,1.3155975341796875,12519,1.0996599197387695,0.09274064004421234,0.08739347010850906,,,
74,,0.0004425048828125,1.3198699951171875,12529,0.3693089485168457,0.09024736285209656,0.024066340178251266,,,
74,,0.0004425048828125,1.2490081787109375,12539,0.8817715644836426,0.142618790268898,0.07817980647087097,,,
74,,0.0004425048828125,1.1902618408203125,12549,0.1992323398590088,0.10109272599220276,0.0225458275526762,,,
74,,0.0004425048828125,0.904541015625,12559,0.3935129642486572,0.0820600688457489,0.022542115300893784,,,
74,,0.0004425048828125,1.1802978515625,12569,0.5185420513153076,0.06527582556009293,0.023077059537172318,,,
74,,0.0004425048828125,1.0895233154296875,12579,0.08772778511047363,0.059717535972595215,0.006882988847792149,,,
74,,0.0004425048828125,1.281646728515625,12589,0.02254629135131836,0.04316624999046326,0.003144347108900547,,,
74,,0.0004425048828125,1.5514068603515625,12599,0.11162400245666504,0.05044197663664818,0.005245075095444918,,,
74,,0.0004425048828125,1.34112548828125,12609,0.23918843269348145,0.04723726212978363,0.006852028891444206,,,
74,,0.0004425048828125,1.6650543212890625,12619,0.19007015228271484,0.03968298062682152,0.004375996068120003,,,
74,,0.0004425048828125,1.3838958740234375,12629,0.5505404472351074,0.046741701662540436,0.02300626039505005,,,
74,,0.0004425048828125,1.3041534423828125,12639,0.23239660263061523,0.04431404173374176,0.006354153621941805,,,
74,,0.0004425048828125,1.3985137939453125,12649,0.22132134437561035,0.057241085916757584,0.008323974907398224,,,
74,,0.0004425048828125,1.3104400634765625,12659,0.1550617218017578,0.05139049142599106,0.005600147880613804,,,
74,,0.0004425048828125,1.3083343505859375,12669,0.15059614181518555,0.04626234993338585,0.005032523535192013,,,
74,,,,12674,,,,0.2540481686592102,0.048406727612018585,0.008185844868421555
,0.0005,,,12675,,,,,,
75,,0.0004425048828125,1.41741943359375,12679,0.589144229888916,0.04962523281574249,0.024165241047739983,,,
75,,0.0004425048828125,1.42352294921875,12689,0.1686537265777588,0.04707401618361473,0.0071852197870612144,,,
75,,0.0004425048828125,1.393829345703125,12699,0.4188418388366699,0.06108415126800537,0.014952120371162891,,,
75,,0.0004425048828125,1.5153045654296875,12709,0.6355001926422119,0.05879731476306915,0.029306307435035706,,,
75,,0.0004425048828125,1.4283599853515625,12719,0.1479499340057373,0.05578805133700371,0.006671376060694456,,,
75,,0.0004425048828125,1.3330078125,12729,0.061311960220336914,0.049909524619579315,0.004259069450199604,,,
75,,0.0004425048828125,1.20086669921875,12739,0.1389620304107666,0.04848207160830498,0.005272561684250832,,,
75,,0.0004425048828125,1.2882080078125,12749,0.1291806697845459,0.04757659137248993,0.004688421729952097,,,
75,,0.0004425048828125,1.2729644775390625,12759,0.3532257080078125,0.04600723460316658,0.010789874941110611,,,
75,,0.0004425048828125,1.1896514892578125,12769,0.17182350158691406,0.043081823736429214,0.004934747237712145,,,
75,,0.0004425048828125,1.4185028076171875,12779,0.21401476860046387,0.03836158290505409,0.006295890547335148,,,
75,,0.0004425048828125,1.2042999267578125,12789,0.10564494132995605,0.04501704126596451,0.004880059976130724,,,
75,,0.0004425048828125,1.3066864013671875,12799,0.3152198791503906,0.042563676834106445,0.01122518815100193,,,
75,,0.0004425048828125,1.1794891357421875,12809,0.49733519554138184,0.04713349789381027,0.017342928797006607,,,
75,,0.0004425048828125,1.087890625,12819,0.09370708465576172,0.0465087927877903,0.0040968176908791065,,,
75,,0.0004425048828125,1.542724609375,12829,0.08292508125305176,0.047248475253582,0.004116380587220192,,,
75,,0.0004425048828125,1.5429229736328125,12839,0.1592884063720703,0.04529769346117973,0.005345731973648071,,,
75,,,,12843,,,,0.2162010222673416,0.045394908636808395,0.006755332928150892
,0.0005,,,12844,,,,,,
76,,0.0004425048828125,1.36114501953125,12849,0.07206869125366211,0.04686758294701576,0.003939811605960131,,,
76,,0.0004425048828125,1.3187408447265625,12859,0.25563764572143555,0.04870001599192619,0.00950976088643074,,,
76,,0.0004425048828125,1.2124786376953125,12869,0.07063674926757812,0.04791954532265663,0.004212687723338604,,,
76,,0.0004425048828125,1.1828460693359375,12879,0.3203263282775879,0.045107804238796234,0.008641260676085949,,,
76,,0.0004425048828125,1.337554931640625,12889,0.21169161796569824,0.04279597848653793,0.005743073765188456,,,
76,,0.0004425048828125,1.7329559326171875,12899,0.20508980751037598,0.04251251742243767,0.005661005154252052,,,
76,,0.0004425048828125,1.1702728271484375,12909,0.24541950225830078,0.03718874976038933,0.005531313829123974,,,
76,,0.0004425048828125,1.133056640625,12919,0.20318007469177246,0.04644918069243431,0.006345721893012524,,,
76,,0.0004425048828125,1.0985260009765625,12929,0.22218084335327148,0.039540551602840424,0.0050234198570251465,,,
76,,0.0004425048828125,1.54815673828125,12939,0.11701440811157227,0.042806219309568405,0.0038834400475025177,,,
76,,0.0004425048828125,1.2904815673828125,12949,0.1829698085784912,0.04056409373879433,0.004322389606386423,,,
76,,0.0004425048828125,1.201446533203125,12959,0.056685447692871094,0.039994027465581894,0.002683222061023116,,,
76,,0.0004425048828125,1.277557373046875,12969,0.031244754791259766,0.03390989080071449,0.002057035220786929,,,
76,,0.0004425048828125,1.485198974609375,12979,0.15315675735473633,0.03891458362340927,0.0042198169976472855,,,
76,,0.0004425048828125,1.207183837890625,12989,0.2594466209411621,0.04241553694009781,0.006535446271300316,,,
76,,0.0004425048828125,1.229736328125,12999,0.046838998794555664,0.04039318859577179,0.0027578561566770077,,,
76,,0.0004425048828125,1.1966552734375,13009,0.27052998542785645,0.048638250678777695,0.008976043201982975,,,
76,,,,13012,,,,0.05955858901143074,0.04710635170340538,0.003911253530532122
,0.0005,,,13013,,,,,,
77,,0.0004425048828125,1.1195526123046875,13019,0.07786297798156738,0.041925106197595596,0.0034377279225736856,,,
77,,0.0004425048828125,1.4485015869140625,13029,0.21809053421020508,0.03710774704813957,0.005395258776843548,,,
77,,0.0004425048828125,1.147064208984375,13039,0.0815744400024414,0.04324726760387421,0.003361164592206478,,,
77,,0.0004425048828125,1.412994384765625,13049,0.05167794227600098,0.03511596471071243,0.0022727642208337784,,,
77,,0.0004425048828125,1.1304779052734375,13059,0.08905506134033203,0.03736335411667824,0.0028618876822292805,,,
77,,0.0004425048828125,1.168701171875,13069,0.07458925247192383,0.03841758891940117,0.0029448417481034994,,,
77,,0.0004425048828125,1.3031463623046875,13079,0.1830730438232422,0.039944909512996674,0.0046924143098294735,,,
77,,0.0004425048828125,1.4798736572265625,13089,0.05435371398925781,0.03464853763580322,0.002308673458173871,,,
77,,0.0004425048828125,1.4798736572265625,13099,0.1355574131011963,0.03766766935586929,0.0037022996693849564,,,
77,,0.0004425048828125,1.4492340087890625,13109,0.24018383026123047,0.04187904670834541,0.005793487653136253,,,
77,,0.0004425048828125,1.276763916015625,13119,0.1864786148071289,0.03532715514302254,0.00437159463763237,,,
77,,0.0004425048828125,1.160491943359375,13129,0.09277987480163574,0.04405059665441513,0.0036508317571133375,,,
77,,0.0004425048828125,1.375274658203125,13139,0.3125429153442383,0.042472779750823975,0.008198236115276814,,,
77,,0.0004425048828125,1.160614013671875,13149,0.1272447109222412,0.047691963613033295,0.005039111245423555,,,
77,,0.0004425048828125,1.0877685546875,13159,0.20434832572937012,0.049695152789354324,0.006466789171099663,,,
77,,0.0004425048828125,1.6622314453125,13169,0.2856318950653076,0.06498727202415466,0.012547824531793594,,,
77,,0.0004425048828125,1.5286712646484375,13179,0.2517416477203369,0.04528704658150673,0.006758551113307476,,,
77,,,,13181,,,,0.4909297823905945,0.052999839186668396,0.021726809442043304
,0.0005,,,13182,,,,,,
78,,0.0004425048828125,1.4680328369140625,13189,0.23567700386047363,0.04774313047528267,0.007215752266347408,,,
78,,0.0004425048828125,1.1789703369140625,13199,0.1460123062133789,0.040043771266937256,0.004040425643324852,,,
78,,0.0004425048828125,1.3733062744140625,13209,0.16658234596252441,0.0402875654399395,0.0046081384643912315,,,
78,,0.0004425048828125,1.62261962890625,13219,0.1177675724029541,0.04151173308491707,0.003744379850104451,,,
78,,0.0004425048828125,1.677978515625,13229,0.11392951011657715,0.03803335502743721,0.0030198865570127964,,,
78,,0.0004425048828125,1.327392578125,13239,0.06224632263183594,0.03961417078971863,0.00285028456710279,,,
78,,0.0004425048828125,1.42315673828125,13249,0.16359782218933105,0.03897788003087044,0.004539487883448601,,,
78,,0.0004425048828125,1.5951690673828125,13259,0.07873106002807617,0.03985069692134857,0.0033381707035005093,,,
78,,0.0004425048828125,1.351165771484375,13269,0.17378711700439453,0.032297518104314804,0.0032072793692350388,,,
78,,0.0004425048828125,1.086334228515625,13279,0.680706262588501,0.05800953134894371,0.0327109694480896,,,
78,,0.0004425048828125,1.4586334228515625,13289,1.0372464656829834,0.04977165907621384,0.05803656205534935,,,
78,,0.0004425048828125,1.29388427734375,13299,0.6280341148376465,0.06479113548994064,0.032826509326696396,,,
78,,0.0004425048828125,1.1659088134765625,13309,0.2557837963104248,0.04563254863023758,0.006836769171059132,,,
78,,0.0004425048828125,1.1850128173828125,13319,0.3450174331665039,0.06089393049478531,0.013728683814406395,,,
78,,0.0004425048828125,1.641082763671875,13329,0.16010451316833496,0.04839368537068367,0.005524334963411093,,,
78,,0.0004425048828125,1.5263214111328125,13339,0.35091543197631836,0.04235177859663963,0.010559611953794956,,,
78,,0.0004425048828125,1.36334228515625,13349,0.18690228462219238,0.04045741260051727,0.004580091219395399,,,
78,,,,13350,,,,0.16272523999214172,0.04735224321484566,0.005427419673651457
,0.0005,,,13351,,,,,,
79,,0.0004425048828125,1.493743896484375,13359,0.07999205589294434,0.04039321094751358,0.0032614432275295258,,,
79,,0.0004425048828125,1.569793701171875,13369,0.04552435874938965,0.036724042147397995,0.0023473892360925674,,,
79,,0.0004425048828125,1.3336639404296875,13379,0.052956342697143555,0.039017532020807266,0.002785787917673588,,,
79,,0.0004425048828125,1.2245635986328125,13389,0.3784327507019043,0.03737964108586311,0.010151980444788933,,,
79,,0.0004425048828125,1.2380218505859375,13399,0.060224056243896484,0.04119166359305382,0.0032147180754691362,,,
79,,0.0004425048828125,1.481536865234375,13409,0.13268470764160156,0.03861159086227417,0.003463988658040762,,,
79,,0.0004425048828125,1.7912445068359375,13419,0.3016805648803711,0.03497293218970299,0.007572157308459282,,,
79,,0.0004425048828125,1.148406982421875,13429,0.3233523368835449,0.04555726423859596,0.01025900524109602,,,
79,,0.0004425048828125,1.61932373046875,13439,0.3054313659667969,0.044644538313150406,0.00900821853429079,,,
79,,0.0004425048828125,1.182708740234375,13449,0.06717777252197266,0.03821592405438423,0.0027097752317786217,,,
79,,0.0004425048828125,1.1029052734375,13459,0.10436654090881348,0.04611355811357498,0.004350331146270037,,,
79,,0.0004425048828125,1.5817718505859375,13469,0.07474112510681152,0.04774670675396919,0.004123170394450426,,,
79,,0.0004425048828125,1.5817718505859375,13479,0.15521478652954102,0.03915227949619293,0.003992814105004072,,,
79,,0.0004425048828125,1.191131591796875,13489,0.1889657974243164,0.043836142867803574,0.005038770847022533,,,
79,,0.0004425048828125,1.620574951171875,13499,0.14806628227233887,0.041092999279499054,0.004370554815977812,,,
79,,0.0004425048828125,1.0491180419921875,13509,0.16263675689697266,0.04419659450650215,0.005148767959326506,,,
79,,0.0004425048828125,1.2786865234375,13519,0.2579720914363861,0.04328877106308937,0.006618643179535866,,,
79,,,,13519,,,,0.2164909839630127,0.04922883212566376,0.006697054486721754
,0.0005,,,13520,,,,,,
80,,0.0004425048828125,1.356170654296875,13529,0.22908616065979004,0.04398757964372635,0.006927963346242905,,,
80,,0.0004425048828125,1.618682861328125,13539,0.3790321350097656,0.042437974363565445,0.012593859806656837,,,
80,,0.0004425048828125,1.3777313232421875,13549,0.624859094619751,0.051103625446558,0.025109168142080307,,,
80,,0.0004425048828125,1.31463623046875,13559,0.760432243347168,0.06080716475844383,0.04488682746887207,,,
80,,0.0004425048828125,1.2892608642578125,13569,0.5485117435455322,0.06283660978078842,0.023599933832883835,,,
80,,0.0004425048828125,1.2389373779296875,13579,0.28815698623657227,0.05068594962358475,0.008740093559026718,,,
80,,0.0004425048828125,1.373382568359375,13589,0.22184133529663086,0.05928517505526543,0.009372459724545479,,,
80,,0.0004425048828125,1.254791259765625,13599,0.491290807723999,0.05759410560131073,0.018509306013584137,,,
80,,0.0004425048828125,1.4443511962890625,13609,0.32628417015075684,0.05242069438099861,0.010194635950028896,,,
80,,0.0004425048828125,1.6712646484375,13619,0.1232450008392334,0.05455400422215462,0.005857577547430992,,,
80,,0.0004425048828125,1.2405242919921875,13629,0.05894947052001953,0.04046326503157616,0.0031174744945019484,,,
80,,0.0004425048828125,1.320037841796875,13639,0.048467159271240234,0.04291499778628349,0.0030725435353815556,,,
80,,0.0004425048828125,1.4934539794921875,13649,0.06348013877868652,0.0398038811981678,0.002780818846076727,,,
80,,0.0004425048828125,1.2664794921875,13659,0.3017711639404297,0.042242344468832016,0.00838153250515461,,,
80,,0.0004425048828125,1.5976104736328125,13669,0.22467589378356934,0.04337938874959946,0.007177188992500305,,,
80,,0.0004425048828125,1.2953338623046875,13679,0.6735024452209473,0.04565007984638214,0.03091873787343502,,,
80,,,,13688,,,,0.3917998671531677,0.05622602254152298,0.01564297266304493
,0.0005,,,13689,,,,,,
81,,0.0004425048828125,1.3585968017578125,13689,0.5825574398040771,0.0557287260890007,0.022354356944561005,,,
81,,0.0004425048828125,1.227691650390625,13699,0.3641536235809326,0.046409692615270615,0.0140455961227417,,,
81,,0.0004425048828125,1.692718505859375,13709,0.35123109817504883,0.0490998737514019,0.011319083161652088,,,
81,,0.0004425048828125,1.5813446044921875,13719,0.4209098815917969,0.04496666416525841,0.012693523429334164,,,
81,,0.0004425048828125,1.5813446044921875,13729,0.11586356163024902,0.042926348745822906,0.0037757547106593847,,,
81,,0.0004425048828125,1.19512939453125,13739,0.5010957717895508,0.046914637088775635,0.016674909740686417,,,
81,,0.0004425048828125,1.0250701904296875,13749,0.23217058181762695,0.03966059908270836,0.007589737419039011,,,
81,,0.0004425048828125,1.2398834228515625,13759,0.11507010459899902,0.04697467386722565,0.004628937691450119,,,
81,,0.0004425048828125,1.3822479248046875,13769,0.11988687515258789,0.05197148025035858,0.00554790161550045,,,
81,,0.0004425048828125,1.472320556640625,13779,0.15788006782531738,0.0525454506278038,0.006935717537999153,,,
81,,0.0004425048828125,1.3282012939453125,13789,0.09186553955078125,0.043389350175857544,0.003524312749505043,,,
81,,0.0004425048828125,1.3739471435546875,13799,0.35961270332336426,0.04221208021044731,0.009987329132854939,,,
81,,0.0004425048828125,1.5701446533203125,13809,0.06460046768188477,0.0380619540810585,0.002742113545536995,,,
81,,0.0004425048828125,1.2814483642578125,13819,0.1371746063232422,0.04097124561667442,0.003844246966764331,,,
81,,0.0004425048828125,1.4361724853515625,13829,0.06442880630493164,0.03917907178401947,0.003031395608559251,,,
81,,0.0004425048828125,1.583709716796875,13839,0.13677477836608887,0.04043028503656387,0.003986729774624109,,,
81,,0.0004425048828125,0.865570068359375,13849,0.14554786682128906,0.03401937335729599,0.003948035649955273,,,
81,,,,13857,,,,0.0666225403547287,0.0457763746380806,0.0036883517168462276
,0.0005,,,13858,,,,,,
82,,0.0004425048828125,1.2310791015625,13859,0.16724610328674316,0.04249618202447891,0.004716505762189627,,,
82,,0.0004425048828125,1.47857666015625,13869,0.0730736255645752,0.03765634819865227,0.002661655889824033,,,
82,,0.0004425048828125,1.359130859375,13879,0.09648513793945312,0.03432868421077728,0.0025600071530789137,,,
82,,0.0004425048828125,1.4136810302734375,13889,0.10318470001220703,0.032994870096445084,0.002702103927731514,,,
82,,0.0004425048828125,1.1502532958984375,13899,0.03504633903503418,0.03964490815997124,0.0027554191183298826,,,
82,,0.0004425048828125,1.51104736328125,13909,0.16651058197021484,0.03749686852097511,0.0037044005002826452,,,
82,,0.0004425048828125,1.452362060546875,13919,0.14826583862304688,0.03775124251842499,0.003515882883220911,,,
82,,0.0004425048828125,1.394317626953125,13929,0.39400482177734375,0.0407673604786396,0.01162747573107481,,,
82,,0.0004425048828125,1.544830322265625,13939,0.2269439697265625,0.043205298483371735,0.006009101867675781,,,
82,,0.0004425048828125,1.61663818359375,13949,0.13163208961486816,0.047154318541288376,0.005237239878624678,,,
82,,0.0004425048828125,1.273956298828125,13959,0.15581607818603516,0.041203830391168594,0.0046674273908138275,,,
82,,0.0004425048828125,0.887603759765625,13969,0.1810009479522705,0.05556703731417656,0.007128845434635878,,,
82,,0.0004425048828125,1.0180816650390625,13979,0.611534833908081,0.057690031826496124,0.024508873000741005,,,
82,,0.0004425048828125,1.5353240966796875,13989,0.2752842903137207,0.04777032509446144,0.007403494790196419,,,
82,,0.0004425048828125,1.105010986328125,13999,0.16927742958068848,0.050736721605062485,0.005891644861549139,,,
82,,0.0004425048828125,1.13330078125,14009,0.10495972633361816,0.05501578748226166,0.005440954584628344,,,
82,,0.0004425048828125,1.0916595458984375,14019,0.11469817161560059,0.04320976138114929,0.003992285579442978,,,
82,,,,14026,,,,0.07361797243356705,0.04441140964627266,0.0036875633522868156
,0.0005,,,14027,,,,,,
83,,0.0004425048828125,1.0030364990234375,14029,0.05651402473449707,0.04041462019085884,0.0029340216424316168,,,
83,,0.0004425048828125,1.3134613037109375,14039,0.19823908805847168,0.03632928803563118,0.005232444033026695,,,
83,,0.0004425048828125,1.5363922119140625,14049,0.09096074104309082,0.04019973427057266,0.0032612697687000036,,,
83,,0.0004425048828125,1.5432891845703125,14059,0.04605531692504883,0.03586059808731079,0.002268410287797451,,,
83,,0.0004425048828125,1.0991363525390625,14069,0.11648797988891602,0.030596494674682617,0.0023837052285671234,,,
83,,0.0004425048828125,1.4651947021484375,14079,0.31121253967285156,0.04090956598520279,0.00897048320621252,,,
83,,0.0004425048828125,1.8013153076171875,14089,0.1691896915435791,0.03938795626163483,0.004000842571258545,,,
83,,0.0004425048828125,1.09942626953125,14099,0.08005642890930176,0.03940823674201965,0.0030372138135135174,,,
83,,0.0004425048828125,1.576751708984375,14109,0.07119631767272949,0.03615051880478859,0.0027121854946017265,,,
83,,0.0004425048828125,1.485137939453125,14119,0.06001996994018555,0.032831475138664246,0.0019345133332535625,,,
83,,0.0004425048828125,1.48211669921875,14129,0.17999935150146484,0.0322825163602829,0.003495759330689907,,,
83,,0.0004425048828125,1.5220489501953125,14139,0.17835569381713867,0.03526460751891136,0.0040358444675803185,,,
83,,0.0004425048828125,1.068878173828125,14149,0.2742769718170166,0.03463367745280266,0.006311321165412664,,,
83,,0.0004425048828125,1.3298797607421875,14159,0.23045778274536133,0.035467859357595444,0.005196348764002323,,,
83,,0.0004425048828125,1.1762237548828125,14169,0.04301261901855469,0.038205958902835846,0.0025027336087077856,,,
83,,0.0004425048828125,1.1786041259765625,14179,0.16744470596313477,0.04267539083957672,0.004701780155301094,,,
83,,0.0004425048828125,1.742523193359375,14189,0.08602476119995117,0.03835590183734894,0.003212099429219961,,,
83,,,,14195,,,,0.07367604225873947,0.04374062269926071,0.003528645494952798
,0.0005,,,14196,,,,,,
84,,0.0004425048828125,1.251220703125,14199,0.07619857788085938,0.040273427963256836,0.0029892309103161097,,,
84,,0.0004425048828125,1.3943634033203125,14209,0.11722278594970703,0.037126731127500534,0.0032410831190645695,,,
84,,0.0004425048828125,1.2462005615234375,14219,0.0580592155456543,0.042900823056697845,0.003264805069193244,,,
84,,0.0004425048828125,1.2344207763671875,14229,0.3413350582122803,0.042827241122722626,0.009604335762560368,,,
84,,0.0004425048828125,1.3710174560546875,14239,0.11879658699035645,0.03551744297146797,0.004091576673090458,,,
84,,0.0004425048828125,1.4107818603515625,14249,0.38495779037475586,0.040314577519893646,0.012262481264770031,,,
84,,0.0004425048828125,1.2468719482421875,14259,0.37703728675842285,0.05207935720682144,0.011809011921286583,,,
84,,0.0004425048828125,1.3367156982421875,14269,0.262786865234375,0.051495686173439026,0.0089501291513443,,,
84,,0.0004425048828125,1.2605743408203125,14279,0.1666874885559082,0.050730008631944656,0.005830118432641029,,,
84,,0.0004425048828125,1.3419647216796875,14289,0.3136444091796875,0.054541878402233124,0.011062227189540863,,,
84,,0.0004425048828125,1.2369537353515625,14299,0.08901357650756836,0.04631032794713974,0.004018932580947876,,,
84,,0.0004425048828125,1.2321929931640625,14309,0.2278587818145752,0.0491979643702507,0.0065725152380764484,,,
84,,0.0004425048828125,1.2502899169921875,14319,0.4156453609466553,0.04996289685368538,0.013372810557484627,,,
84,,0.0004425048828125,1.21368408203125,14329,0.08556270599365234,0.04954227805137634,0.004390261135995388,,,
84,,0.0004425048828125,1.067840576171875,14339,0.2330160140991211,0.050411682575941086,0.007212349679321051,,,
84,,0.0004425048828125,1.708831787109375,14349,0.07973527908325195,0.04282161220908165,0.0033655953593552113,,,
84,,0.0004425048828125,1.4658966064453125,14359,0.14347457885742188,0.04600921645760536,0.004684077575802803,,,
84,,,,14364,,,,0.08568934351205826,0.047263532876968384,0.0043503413908183575
,0.0005,,,14365,,,,,,
85,,0.0004425048828125,1.1950531005859375,14369,0.1550443172454834,0.043495360761880875,0.004645882174372673,,,
85,,0.0004425048828125,1.5949859619140625,14379,0.22652149200439453,0.04003223031759262,0.005205667577683926,,,
85,,0.0004425048828125,1.2623443603515625,14389,0.03460526466369629,0.03538623824715614,0.0022019485477358103,,,
85,,0.0004425048828125,1.1488189697265625,14399,0.5174739360809326,0.04300524294376373,0.01703960821032524,,,
85,,0.0004425048828125,1.10345458984375,14409,0.14185380935668945,0.04982636123895645,0.00544031523168087,,,
85,,0.0004425048828125,1.722442626953125,14419,0.1583576202392578,0.03572910279035568,0.0036004395224153996,,,
85,,0.0004425048828125,1.406005859375,14429,0.23902153968811035,0.046013154089450836,0.007088391575962305,,,
85,,0.0004425048828125,1.413421630859375,14439,0.21625185012817383,0.04331188648939133,0.0058773839846253395,,,
85,,0.0004425048828125,1.203826904296875,14449,0.21990585327148438,0.04274288937449455,0.0077886213548481464,,,
85,,0.0004425048828125,1.234222412109375,14459,0.12635517120361328,0.039925217628479004,0.004879442974925041,,,
85,,0.0004425048828125,1.30889892578125,14469,0.20409011840820312,0.04578841105103493,0.0071417661383748055,,,
85,,0.0004425048828125,1.31524658203125,14479,0.25326013565063477,0.04403446614742279,0.007243282161653042,,,
85,,0.0004425048828125,1.4411163330078125,14489,0.12998676300048828,0.03577714413404465,0.0030333753675222397,,,
85,,0.0004425048828125,1.0394134521484375,14499,0.1320781707763672,0.043015703558921814,0.004176991060376167,,,
85,,0.0004425048828125,1.4496917724609375,14509,0.16540002822875977,0.037206098437309265,0.003988923504948616,,,
85,,0.0004425048828125,1.2972259521484375,14519,0.29796743392944336,0.04109692573547363,0.00863589346408844,,,
85,,0.0004425048828125,1.2574005126953125,14529,0.07711577415466309,0.03889855369925499,0.002832351252436638,,,
85,,,,14533,,,,0.1552431583404541,0.04404018446803093,0.0045757656916975975
,0.0005,,,14534,,,,,,
86,,0.0004425048828125,1.214599609375,14539,0.12788009643554688,0.03700920194387436,0.0031379535794258118,,,
86,,0.0004425048828125,0.8878631591796875,14549,0.08072710037231445,0.03732044994831085,0.0027339651715010405,,,
86,,0.0004425048828125,1.2402191162109375,14559,0.07823848724365234,0.03888246417045593,0.0032383103389292955,,,
86,,0.0004425048828125,1.2244873046875,14569,0.049094200134277344,0.036473989486694336,0.002461743075400591,,,
86,,0.0004425048828125,1.277252197265625,14579,0.15212702751159668,0.03542232885956764,0.0035817385651171207,,,
86,,0.0004425048828125,1.4097137451171875,14589,0.0828711986541748,0.038654085248708725,0.0030444939620792866,,,
86,,0.0004425048828125,1.112823486328125,14599,0.4049947261810303,0.0532965324819088,0.014365701004862785,,,
86,,0.0004425048828125,1.3143157958984375,14609,0.24249744415283203,0.049840040504932404,0.007027855608612299,,,
86,,0.0004425048828125,1.2395782470703125,14619,0.4463374614715576,0.05272119119763374,0.01691715605556965,,,
86,,0.0004425048828125,1.1028289794921875,14629,0.5732529163360596,0.06228545308113098,0.025290822610259056,,,
86,,0.0004425048828125,1.35748291015625,14639,0.45678281784057617,0.05298177897930145,0.015911586582660675,,,
86,,0.0004425048828125,1.1806640625,14649,0.6759293079376221,0.0653073638677597,0.031322941184043884,,,
86,,0.0004425048828125,1.35076904296875,14659,0.3114023208618164,0.04966878518462181,0.012232089415192604,,,
86,,0.0004425048828125,1.332733154296875,14669,0.16428112983703613,0.047711972147226334,0.006030797027051449,,,
86,,0.0004425048828125,1.1508026123046875,14679,0.44559788703918457,0.044451888650655746,0.016350332647562027,,,
86,,0.0004425048828125,1.2285003662109375,14689,0.6055145263671875,0.05192001909017563,0.023457936942577362,,,
86,,0.0004425048828125,1.3375701904296875,14699,0.702202558517456,0.055652182549238205,0.03752511739730835,,,
86,,,,14702,,,,0.31836745142936707,0.061533547937870026,0.013103417120873928
,0.0005,,,14703,,,,,,
87,,0.0004425048828125,1.360107421875,14709,0.039397239685058594,0.08469761162996292,0.01279324758797884,,,
87,,0.0004425048828125,1.2840118408203125,14719,0.07676315307617188,0.05547752603888512,0.005734646692872047,,,
87,,0.0004425048828125,1.1806488037109375,14729,0.9011392593383789,0.05199331045150757,0.05420974642038345,,,
87,,0.0004425048828125,1.41497802734375,14739,0.5102822780609131,0.06452600657939911,0.021886786445975304,,,
87,,0.0004425048828125,1.4637451171875,14749,0.3749556541442871,0.07244253158569336,0.01684120111167431,,,
87,,0.0004425048828125,1.1173553466796875,14759,0.09644842147827148,0.0647926852107048,0.007547412533313036,,,
87,,0.0004425048828125,1.351531982421875,14769,0.15805578231811523,0.052919186651706696,0.006220618262887001,,,
87,,0.0004425048828125,1.4063873291015625,14779,0.1840956211090088,0.07764892280101776,0.013037617318332195,,,
87,,0.0004425048828125,1.2529449462890625,14789,0.12950658798217773,0.06033121049404144,0.007631390355527401,,,
87,,0.0004425048828125,1.3391571044921875,14799,0.1554117202758789,0.05810193344950676,0.006807933561503887,,,
87,,0.0004425048828125,1.194732666015625,14809,0.40203332901000977,0.055478908121585846,0.013436679728329182,,,
87,,0.0004425048828125,1.520050048828125,14819,0.3087184429168701,0.05388037860393524,0.009876678697764874,,,
87,,0.0004425048828125,1.4749755859375,14829,0.11301016807556152,0.048628389835357666,0.00467984564602375,,,
87,,0.0004425048828125,1.326690673828125,14839,0.42890024185180664,0.044033702462911606,0.012509360909461975,,,
87,,0.0004425048828125,1.2696685791015625,14849,0.0664069652557373,0.04639521241188049,0.003772589610889554,,,
87,,0.0004425048828125,1.127899169921875,14859,0.31285595893859863,0.05140898376703262,0.010601289570331573,,,
87,,0.0004425048828125,1.1819610595703125,14869,0.05631828308105469,0.050607599318027496,0.004129473585635424,,,
87,,,,14871,,,,0.0636872723698616,0.04502928629517555,0.003574991598725319
,0.0005,,,14872,,,,,,
88,,0.0004425048828125,1.1502838134765625,14879,0.06765294075012207,0.04512321576476097,0.0036058356054127216,,,
88,,0.0004425048828125,1.47137451171875,14889,0.038893938064575195,0.036680690944194794,0.002371102338656783,,,
88,,0.0004425048828125,1.626251220703125,14899,0.05817461013793945,0.03641938790678978,0.00241994671523571,,,
88,,0.0004425048828125,1.3731231689453125,14909,0.1161184310913086,0.03545863926410675,0.002837419044226408,,,
88,,0.0004425048828125,1.528167724609375,14919,0.3637561798095703,0.04045727103948593,0.010212428867816925,,,
88,,0.0004425048828125,1.3449859619140625,14929,0.15013957023620605,0.03912641108036041,0.003977084998041391,,,
88,,0.0004425048828125,1.2805938720703125,14939,0.13930511474609375,0.03816535696387291,0.0037444536574184895,,,
88,,0.0004425048828125,1.3011627197265625,14949,0.046324968338012695,0.03502029925584793,0.002090641763061285,,,
88,,0.0004425048828125,1.333953857421875,14959,0.3404366970062256,0.04079810529947281,0.008792011067271233,,,
88,,0.0004425048828125,1.4970550537109375,14969,0.12402629852294922,0.040915053337812424,0.0037130643613636494,,,
88,,0.0004425048828125,1.618560791015625,14979,0.20978283882141113,0.04515203461050987,0.006170421838760376,,,
88,,0.0004425048828125,1.2933349609375,14989,0.30330657958984375,0.04539851099252701,0.008558990433812141,,,
88,,0.0004425048828125,1.2663116455078125,14999,0.043537139892578125,0.04524196684360504,0.003476880257949233,,,
88,,0.0004425048828125,1.26654052734375,15009,0.19869518280029297,0.04147431626915932,0.0047958120703697205,,,
88,,0.0004425048828125,1.2568359375,15019,0.22295451164245605,0.04573606327176094,0.007996849715709686,,,
88,,0.0004425048828125,1.3312530517578125,15029,0.10109853744506836,0.05449164658784866,0.00579574890434742,,,
88,,0.0004425048828125,1.3795318603515625,15039,0.23169994354248047,0.04375298321247101,0.007473737932741642,,,
88,,,,15040,,,,0.45647135376930237,0.04660898447036743,0.015200675465166569
,0.0005,,,15041,,,,,,
89,,0.0004425048828125,1.226776123046875,15049,0.3405930995941162,0.04805653169751167,0.01260730717331171,,,
89,,0.0004425048828125,1.3007965087890625,15059,0.21364831924438477,0.04863898828625679,0.007892902009189129,,,
89,,0.0004425048828125,1.7111663818359375,15069,0.0704493522644043,0.041349057108163834,0.0031766502652317286,,,
89,,0.0004425048828125,1.459686279296875,15079,0.16523957252502441,0.04100921377539635,0.004473541863262653,,,
89,,0.0004425048828125,1.3269500732421875,15089,0.022928476333618164,0.04110778868198395,0.0028408158104866743,,,
89,,0.0004425048828125,1.369964599609375,15099,0.10694122314453125,0.0387607105076313,0.003135516308248043,,,
89,,0.0004425048828125,1.389739990234375,15109,0.0635840892791748,0.03420427441596985,0.0021297805942595005,,,
89,,0.0004425048828125,1.2865142822265625,15119,0.08682799339294434,0.03475697338581085,0.0027792188338935375,,,
89,,0.0004425048828125,1.562774658203125,15129,0.030844926834106445,0.03612416610121727,0.0021905433386564255,,,
89,,0.0004425048828125,1.2366790771484375,15139,0.28049588203430176,0.035150717943906784,0.0062059760093688965,,,
89,,0.0004425048828125,1.335540771484375,15149,0.29813599586486816,0.036218006163835526,0.007248774170875549,,,
89,,0.0004425048828125,1.2171173095703125,15159,0.18529939651489258,0.036168720573186874,0.004669785499572754,,,
89,,0.0004425048828125,1.5587310791015625,15169,0.5968067646026611,0.03925863280892372,0.0207020565867424,,,
89,,0.0004425048828125,1.27410888671875,15179,0.4490358829498291,0.04175195097923279,0.01358709018677473,,,
89,,0.0004425048828125,1.3226318359375,15189,0.15042734146118164,0.04212789237499237,0.004155623726546764,,,
89,,0.0004425048828125,1.223419189453125,15199,0.469379186630249,0.041574787348508835,0.015388697385787964,,,
89,,0.0004425048828125,1.23992919921875,15209,0.1999460905790329,0.04560709372162819,0.006296534091234207,,,
89,,,,15209,,,,0.43278148770332336,0.047410983592271805,0.014399483799934387
,0.0005,,,15210,,,,,,
90,,0.0004425048828125,1.22515869140625,15219,0.2043745517730713,0.041427649557590485,0.005316259805113077,,,
90,,0.0004425048828125,1.5958404541015625,15229,0.32050466537475586,0.04327001795172691,0.009808205999433994,,,
90,,0.0004425048828125,1.2444915771484375,15239,0.3968081474304199,0.04577736184000969,0.012490562163293362,,,
90,,0.0004425048828125,1.2860107421875,15249,0.22005653381347656,0.046488985419273376,0.006027635186910629,,,
90,,0.0004425048828125,1.278839111328125,15259,0.42002248764038086,0.0466700978577137,0.012780409306287766,,,
90,,0.0004425048828125,1.457794189453125,15269,0.37869906425476074,0.04195552319288254,0.010295435786247253,,,
90,,0.0004425048828125,1.181121826171875,15279,0.05803537368774414,0.04457511752843857,0.00349991163238883,,,
90,,0.0004425048828125,1.3882293701171875,15289,0.08020401000976562,0.03856106847524643,0.0030071833170950413,,,
90,,0.0004425048828125,1.223297119140625,15299,0.24204683303833008,0.03045584261417389,0.004818110726773739,,,
90,,0.0004425048828125,1.249664306640625,15309,0.14441776275634766,0.043038368225097656,0.004574952647089958,,,
90,,0.0004425048828125,1.2160797119140625,15319,0.06400012969970703,0.04216344282031059,0.0032302753534168005,,,
90,,0.0004425048828125,1.204742431640625,15329,0.11138343811035156,0.050649598240852356,0.004650039132684469,,,
90,,0.0004425048828125,1.190643310546875,15339,0.1179964542388916,0.0654742419719696,0.009098781272768974,,,
90,,0.0004425048828125,1.14813232421875,15349,0.4684460163116455,0.07355539500713348,0.02008320391178131,,,
90,,0.0004425048828125,0.97406005859375,15359,0.38869810104370117,0.05821366608142853,0.013703003525733948,,,
90,,0.0004425048828125,1.2528533935546875,15369,0.07365012168884277,0.06324233114719391,0.0076111177913844585,,,
90,,,,15378,,,,0.531628429889679,0.05369475111365318,0.019894713535904884
,0.0005,,,15379,,,,,,
91,,0.0004425048828125,1.3741455078125,15379,0.42059850692749023,0.051677849143743515,0.013659785501658916,,,
91,,0.0004425048828125,1.2479400634765625,15389,0.5095314979553223,0.049288854002952576,0.01863921247422695,,,
91,,0.0004425048828125,1.2903594970703125,15399,0.08202934265136719,0.04535265266895294,0.0038195534143596888,,,
91,,0.0004425048828125,1.2508392333984375,15409,0.18851900100708008,0.04421737417578697,0.00640070578083396,,,
91,,0.0004425048828125,1.147186279296875,15419,0.08896255493164062,0.03734694793820381,0.002815813524648547,,,
91,,0.0004425048828125,1.49603271484375,15429,0.2321946620941162,0.03860664367675781,0.005110477097332478,,,
91,,0.0004425048828125,1.0980987548828125,15439,0.08342599868774414,0.03554733097553253,0.002774276537820697,,,
91,,0.0004425048828125,1.2729949951171875,15449,0.19017791748046875,0.038523148745298386,0.004582634195685387,,,
91,,0.0004425048828125,1.5533447265625,15459,0.08217763900756836,0.03834943100810051,0.0028522771317511797,,,
91,,0.0004425048828125,0.94195556640625,15469,0.026508331298828125,0.03728506714105606,0.002340379636734724,,,
91,,0.0004425048828125,1.2728118896484375,15479,0.14800548553466797,0.03973463177680969,0.003865522565320134,,,
91,,0.0004425048828125,1.26220703125,15489,0.2904834747314453,0.03733311966061592,0.006776107475161552,,,
91,,0.0004425048828125,1.2170867919921875,15499,0.16535139083862305,0.034242916852235794,0.0036249617114663124,,,
91,,0.0004425048828125,1.167327880859375,15509,0.28293347358703613,0.045200347900390625,0.009502692148089409,,,
91,,0.0004425048828125,1.1734161376953125,15519,0.22647714614868164,0.03267349675297737,0.00482993945479393,,,
91,,0.0004425048828125,1.4406280517578125,15529,0.05456113815307617,0.04412967339158058,0.0034277872182428837,,,
91,,0.0004425048828125,1.585723876953125,15539,0.5393462181091309,0.04793711006641388,0.021301954984664917,,,
91,,,,15547,,,,0.1457512080669403,0.05204101651906967,0.005802512634545565
,0.0005,,,15548,,,,,,
92,,0.0004425048828125,1.3415985107421875,15549,0.4098353385925293,0.046399302780628204,0.016332067549228668,,,
92,,0.0004425048828125,1.50836181640625,15559,0.5445380210876465,0.06517545878887177,0.02562348172068596,,,
92,,0.0004425048828125,1.1514892578125,15569,0.09652328491210938,0.0591207854449749,0.006579464767128229,,,
92,,0.0004425048828125,1.664703369140625,15579,0.23380279541015625,0.05047815665602684,0.007262862287461758,,,
92,,0.0004425048828125,1.664703369140625,15589,0.15704941749572754,0.04659811779856682,0.0051905023865401745,,,
92,,0.0004425048828125,1.5314483642578125,15599,0.33568906784057617,0.0439065583050251,0.009583902545273304,,,
92,,0.0004425048828125,1.3965301513671875,15609,0.23012304306030273,0.052708692848682404,0.007199225015938282,,,
92,,0.0004425048828125,1.314666748046875,15619,0.33316564559936523,0.06318444013595581,0.014132453128695488,,,
92,,0.0004425048828125,1.148956298828125,15629,0.5397820472717285,0.06175064295530319,0.025698009878396988,,,
92,,0.0004425048828125,1.2860565185546875,15639,0.32552075386047363,0.05029137060046196,0.011762239038944244,,,
92,,0.0004425048828125,1.603118896484375,15649,0.7316851615905762,0.04965038597583771,0.03429579362273216,,,
92,,0.0004425048828125,1.14990234375,15659,0.060407161712646484,0.06813329458236694,0.008359713479876518,,,
92,,0.0004425048828125,1.3781280517578125,15669,0.30840396881103516,0.059696175158023834,0.012435579672455788,,,
92,,0.0004425048828125,1.2323760986328125,15679,0.290546178817749,0.04131942614912987,0.007966144010424614,,,
92,,0.0004425048828125,1.288665771484375,15689,0.06435894966125488,0.06753212958574295,0.007663913071155548,,,
92,,0.0004425048828125,1.346343994140625,15699,0.16202545166015625,0.04469769448041916,0.006620186381042004,,,
92,,0.0004425048828125,0.9520721435546875,15709,0.13912200927734375,0.04969298094511032,0.005241071805357933,,,
92,,,,15716,,,,0.20129063725471497,0.04937564581632614,0.0063395132310688496
,0.0005,,,15717,,,,,,
93,,0.0004425048828125,1.2291412353515625,15719,0.23732781410217285,0.047904014587402344,0.007748752366751432,,,
93,,0.0004425048828125,1.193389892578125,15729,0.07520627975463867,0.04392427206039429,0.003425055416300893,,,
93,,0.0004425048828125,1.352386474609375,15739,0.13414978981018066,0.03804939612746239,0.0035543169360607862,,,
93,,0.0004425048828125,1.34674072265625,15749,0.1488661766052246,0.037054482847452164,0.003783168736845255,,,
93,,0.0004425048828125,1.07745361328125,15759,0.09654855728149414,0.040807727724313736,0.0033344686962664127,,,
93,,0.0004425048828125,1.32550048828125,15769,0.0822899341583252,0.03986472263932228,0.0030887590255588293,,,
93,,0.0004425048828125,0.9874420166015625,15779,0.07682585716247559,0.03733513131737709,0.0027382192201912403,,,
93,,0.0004425048828125,1.5966033935546875,15789,0.07391214370727539,0.029848612844944,0.0019020037725567818,,,
93,,0.0004425048828125,1.1528472900390625,15799,0.12642598152160645,0.03820641338825226,0.0035246871411800385,,,
93,,0.0004425048828125,1.137664794921875,15809,0.06024026870727539,0.03542936220765114,0.002511634724214673,,,
93,,0.0004425048828125,1.2953338623046875,15819,0.04346823692321777,0.033642273396253586,0.002028066897764802,,,
93,,0.0004425048828125,1.435394287109375,15829,0.04218626022338867,0.03335484862327576,0.0022457113955169916,,,
93,,0.0004425048828125,1.1256561279296875,15839,0.07071232795715332,0.035343680530786514,0.0023322920314967632,,,
93,,0.0004425048828125,1.269622802734375,15849,0.06089496612548828,0.031921084970235825,0.001956070540472865,,,
93,,0.0004425048828125,1.507720947265625,15859,0.06908202171325684,0.031970079988241196,0.002054925775155425,,,
93,,0.0004425048828125,1.07000732421875,15869,0.0663299560546875,0.030153024941682816,0.0017262857872992754,,,
93,,0.0004425048828125,1.135955810546875,15879,0.17414546012878418,0.03690948709845543,0.004142535850405693,,,
93,,,,15885,,,,0.05513811856508255,0.03880941495299339,0.002710450440645218
,0.0005,,,15886,,,,,,
94,,0.0004425048828125,1.208648681640625,15889,0.014856815338134766,0.031527284532785416,0.0016948770498856902,,,
94,,0.0004425048828125,1.30975341796875,15899,0.050696611404418945,0.03248719498515129,0.0019168551079928875,,,
94,,0.0004425048828125,1.309326171875,15909,0.0732107162475586,0.034777525812387466,0.002304566791281104,,,
94,,0.0004425048828125,1.3194732666015625,15919,0.1338484287261963,0.031511079519987106,0.00307997758500278,,,
94,,0.0004425048828125,1.119659423828125,15929,0.2684602737426758,0.03659719601273537,0.006125485058873892,,,
94,,0.0004425048828125,1.4911651611328125,15939,0.10259485244750977,0.039397478103637695,0.00334359472617507,,,
94,,0.0004425048828125,1.538482666015625,15949,0.29897022247314453,0.0432814285159111,0.008685793727636337,,,
94,,0.0004425048828125,1.023834228515625,15959,0.06746053695678711,0.04225124046206474,0.0034633949398994446,,,
94,,0.0004425048828125,1.3639678955078125,15969,0.14611077308654785,0.038686174899339676,0.0035693657118827105,,,
94,,0.0004425048828125,1.5938873291015625,15979,0.1667490005493164,0.03919126093387604,0.004389709793031216,,,
94,,0.0004425048828125,1.1820526123046875,15989,0.046575069427490234,0.034104619175195694,0.0021251016296446323,,,
94,,0.0004425048828125,1.1111602783203125,15999,0.30132126808166504,0.03671395033597946,0.006806172430515289,,,
94,,0.0004425048828125,1.1248016357421875,16009,0.5942623615264893,0.048871465027332306,0.022760696709156036,,,
94,,0.0004425048828125,1.2348480224609375,16019,0.6081085205078125,0.042655106633901596,0.02526015043258667,,,
94,,0.0004425048828125,1.08428955078125,16029,0.7249631881713867,0.05523623898625374,0.039205215871334076,,,
94,,0.0004425048828125,1.3245086669921875,16039,0.4720027446746826,0.05106893181800842,0.015407070517539978,,,
94,,0.0004425048828125,1.561676025390625,16049,0.4350271224975586,0.0549711175262928,0.016893167048692703,,,
94,,,,16054,,,,0.26583606004714966,0.06636776030063629,0.011664170771837234
,0.0005,,,16055,,,,,,
95,,0.0004425048828125,1.4039764404296875,16059,0.23915338516235352,0.055566463619470596,0.010573035106062889,,,
95,,0.0004425048828125,1.46197509765625,16069,0.03005838394165039,0.04961211979389191,0.004010832868516445,,,
95,,0.0004425048828125,1.5179290771484375,16079,0.4979064464569092,0.04184501990675926,0.01743185892701149,,,
95,,0.0004425048828125,1.2392120361328125,16089,0.3400263786315918,0.04734136164188385,0.011220201849937439,,,
95,,0.0004425048828125,1.2400665283203125,16099,0.16861629486083984,0.040717002004384995,0.0049122413620352745,,,
95,,0.0004425048828125,0.80126953125,16109,0.17451238632202148,0.047055684030056,0.005545503925532103,,,
95,,0.0004425048828125,1.094512939453125,16119,0.7071235179901123,0.04945696145296097,0.02937270700931549,,,
95,,0.0004425048828125,1.118621826171875,16129,0.13875126838684082,0.052329808473587036,0.00672749662771821,,,
95,,0.0004425048828125,1.6294708251953125,16139,0.10508918762207031,0.04579513520002365,0.004197876900434494,,,
95,,0.0004425048828125,1.2321319580078125,16149,0.15758466720581055,0.03538578376173973,0.0035733040422201157,,,
95,,0.0004425048828125,1.25250244140625,16159,0.11971759796142578,0.03421901538968086,0.0028741895221173763,,,
95,,0.0004425048828125,1.3529815673828125,16169,0.43129992485046387,0.042726125568151474,0.012332409620285034,,,
95,,0.0004425048828125,1.11920166015625,16179,0.188812255859375,0.039347294718027115,0.00607551634311676,,,
95,,0.0004425048828125,1.28778076171875,16189,0.3720223903656006,0.038775064051151276,0.011565122753381729,,,
95,,0.0004425048828125,1.261199951171875,16199,0.025203466415405273,0.03863426670432091,0.0025238795205950737,,,
95,,0.0004425048828125,1.3147125244140625,16209,0.2471327781677246,0.04305450990796089,0.006049546413123608,,,
95,,0.0004425048828125,1.3259124755859375,16219,0.11086773872375488,0.04118964076042175,0.003600119845941663,,,
95,,,,16223,,,,0.09867729246616364,0.04159289225935936,0.003495129058137536
,0.0005,,,16224,,,,,,
96,,0.0004425048828125,1.5273590087890625,16229,0.11498022079467773,0.036225080490112305,0.002978358883410692,,,
96,,0.0004425048828125,1.2919921875,16239,0.12221646308898926,0.034346386790275574,0.0026816874742507935,,,
96,,0.0004425048828125,1.601837158203125,16249,0.17944049835205078,0.03769039362668991,0.004182544071227312,,,
96,,0.0004425048828125,1.561767578125,16259,0.24123120307922363,0.037545327097177505,0.005835990887135267,,,
96,,0.0004425048828125,1.2385711669921875,16269,0.07320690155029297,0.038503844290971756,0.0028530352283269167,,,
96,,0.0004425048828125,1.188629150390625,16279,0.05745983123779297,0.031053833663463593,0.0017659662989899516,,,
96,,0.0004425048828125,1.4675750732421875,16289,0.08255815505981445,0.03514470160007477,0.0026514893397688866,,,
96,,0.0004425048828125,1.5447998046875,16299,0.19948482513427734,0.03844945505261421,0.004730165004730225,,,
96,,0.0004425048828125,1.5577545166015625,16309,0.12592625617980957,0.0372203104197979,0.0031036522705107927,,,
96,,0.0004425048828125,1.6216278076171875,16319,0.07217979431152344,0.030613964423537254,0.002057119272649288,,,
96,,0.0004425048828125,1.4389495849609375,16329,0.05977296829223633,0.03275999426841736,0.002150919521227479,,,
96,,0.0004425048828125,1.243927001953125,16339,0.5016462802886963,0.046136192977428436,0.01744340918958187,,,
96,,0.0004425048828125,1.2430267333984375,16349,0.7281761169433594,0.049974024295806885,0.03832831606268883,,,
96,,0.0004425048828125,1.5514678955078125,16359,0.1179056167602539,0.05532476678490639,0.005811718758195639,,,
96,,0.0004425048828125,1.169219970703125,16369,0.1891493797302246,0.04568330571055412,0.006034511141479015,,,
96,,0.0004425048828125,1.0292205810546875,16379,0.369520902633667,0.043299511075019836,0.009919348172843456,,,
96,,0.0004425048828125,1.1605377197265625,16389,0.36106443405151367,0.04945577308535576,0.013694414868950844,,,
96,,,,16392,,,,0.6246920228004456,0.06000926345586777,0.03357188403606415
,0.0005,,,16393,,,,,,
97,,0.0004425048828125,1.4573822021484375,16399,0.6662366390228271,0.0679403617978096,0.031687479466199875,,,
97,,0.0004425048828125,1.27386474609375,16409,0.47254133224487305,0.05977731943130493,0.02137070894241333,,,
97,,0.0004425048828125,1.20623779296875,16419,0.1939697265625,0.05248779058456421,0.010699034668505192,,,
97,,0.0004425048828125,1.2760162353515625,16429,0.469541072845459,0.04787876084446907,0.0165630541741848,,,
97,,0.0004425048828125,1.1854705810546875,16439,0.0491795539855957,0.04980017989873886,0.004132525064051151,,,
97,,0.0004425048828125,1.549896240234375,16449,0.12403011322021484,0.04204638674855232,0.003824457060545683,,,
97,,0.0004425048828125,1.31939697265625,16459,0.14309978485107422,0.037845429033041,0.003362754825502634,,,
97,,0.0004425048828125,1.2378387451171875,16469,0.09556984901428223,0.036557555198669434,0.002839908469468355,,,
97,,0.0004425048828125,0.9545440673828125,16479,0.17388200759887695,0.03589116409420967,0.00365657196380198,,,
97,,0.0004425048828125,1.25958251953125,16489,0.3587181568145752,0.03607393056154251,0.009421363472938538,,,
97,,0.0004425048828125,1.3035125732421875,16499,0.21475791931152344,0.03940863162279129,0.0050147464498877525,,,
97,,0.0004425048828125,1.404754638671875,16509,0.12675881385803223,0.03903336450457573,0.003419372020289302,,,
97,,0.0004425048828125,1.36822509765625,16519,0.10791134834289551,0.03732961788773537,0.0031330750789493322,,,
97,,0.0004425048828125,1.3038482666015625,16529,0.20162725448608398,0.04391907900571823,0.005556733347475529,,,
97,,0.0004425048828125,1.32513427734375,16539,0.23911428451538086,0.04246215894818306,0.006488265004009008,,,
97,,0.0004425048828125,1.2187957763671875,16549,0.06590986251831055,0.03551046550273895,0.0024774533230811357,,,
97,,0.0004425048828125,1.167694091796875,16559,0.12418317794799805,0.05406111106276512,0.00588186364620924,,,
97,,,,16561,,,,0.18388596177101135,0.049203235656023026,0.006376910023391247
,0.0005,,,16562,,,,,,
98,,0.0004425048828125,1.3809814453125,16569,0.1639723777770996,0.043097902089357376,0.004683465696871281,,,
98,,0.0004425048828125,1.5118255615234375,16579,0.056854963302612305,0.04126212000846863,0.003003639169037342,,,
98,,0.0004425048828125,1.66558837890625,16589,0.04697418212890625,0.03434658795595169,0.0022588709834963083,,,
98,,0.0004425048828125,0.9332733154296875,16599,0.019727230072021484,0.03288399800658226,0.001919048372656107,,,
98,,0.0004425048828125,1.25634765625,16609,0.04309511184692383,0.033231910318136215,0.001977392239496112,,,
98,,0.0004425048828125,1.2220916748046875,16619,0.0654752254486084,0.03986760973930359,0.002899379702284932,,,
98,,0.0004425048828125,1.192047119140625,16629,0.13222575187683105,0.03332099691033363,0.00306972349062562,,,
98,,0.0004425048828125,1.3101043701171875,16639,0.321246862411499,0.04289642348885536,0.008824280463159084,,,
98,,0.0004425048828125,1.450592041015625,16649,0.25865793228149414,0.04519752413034439,0.007914593443274498,,,
98,,0.0004425048828125,1.191375732421875,16659,0.3287200927734375,0.04883405566215515,0.010772541165351868,,,
98,,0.0004425048828125,1.3810272216796875,16669,0.23553228378295898,0.04485231265425682,0.006157145835459232,,,
98,,0.0004425048828125,1.2714691162109375,16679,0.727733850479126,0.043628349900245667,0.03546832874417305,,,
98,,0.0004425048828125,1.2864227294921875,16689,0.5550603866577148,0.049664586782455444,0.02119659259915352,,,
98,,0.0004425048828125,1.260345458984375,16699,0.19043564796447754,0.04802974686026573,0.006295633502304554,,,
98,,0.0004425048828125,1.247314453125,16709,0.2101426124572754,0.0465540885925293,0.006003662012517452,,,
98,,0.0004425048828125,1.1978607177734375,16719,0.1048440933227539,0.04671945050358772,0.004206218756735325,,,
98,,0.0004425048828125,1.2196197509765625,16729,0.280620813369751,0.040415696799755096,0.008079586550593376,,,
98,,,,16730,,,,0.16856352984905243,0.04463190585374832,0.005336276721209288
,0.0005,,,16731,,,,,,
99,,0.0004425048828125,1.191314697265625,16739,0.12369298934936523,0.03681078925728798,0.0030045523308217525,,,
99,,0.0004425048828125,1.236663818359375,16749,0.14263439178466797,0.035693153738975525,0.0034508679527789354,,,
99,,0.0004425048828125,1.0862884521484375,16759,0.43341517448425293,0.05430544540286064,0.015148302540183067,,,
99,,0.0004425048828125,1.3847808837890625,16769,0.10019659996032715,0.05649106204509735,0.0059925345703959465,,,
99,,0.0004425048828125,1.252227783203125,16779,0.1019136905670166,0.04654621705412865,0.004430469591170549,,,
99,,0.0004425048828125,1.2816009521484375,16789,0.14137983322143555,0.04063308611512184,0.003971622791141272,,,
99,,0.0004425048828125,1.3471832275390625,16799,0.04176807403564453,0.03338947892189026,0.0021037799306213856,,,
99,,0.0004425048828125,1.055694580078125,16809,0.14278554916381836,0.037343788892030716,0.003949168603867292,,,
99,,0.0004425048828125,1.1117095947265625,16819,0.11855506896972656,0.03178025037050247,0.002534146886318922,,,
99,,0.0004425048828125,1.573211669921875,16829,0.1472177505493164,0.03250844404101372,0.0032848017290234566,,,
99,,0.0004425048828125,1.5906219482421875,16839,0.09167766571044922,0.03345750644803047,0.002416515490040183,,,
99,,0.0004425048828125,1.3168792724609375,16849,0.019806861877441406,0.030345432460308075,0.0015908812638372183,,,
99,,0.0004425048828125,1.186431884765625,16859,0.0323338508605957,0.031869132071733475,0.0016863603377714753,,,
99,,0.0004425048828125,1.0773468017578125,16869,0.15775060653686523,0.03287031501531601,0.0032102642580866814,,,
99,,0.0004425048828125,1.146881103515625,16879,0.19111108779907227,0.03579956293106079,0.004720300901681185,,,
99,,0.0004425048828125,1.33056640625,16889,0.3552112579345703,0.03550218045711517,0.008799943141639233,,,
99,,0.0004425048828125,1.374969482421875,16899,0.1923065185546875,0.03584188595414162,0.004035104066133499,,,
99,,,,16899,,,,0.14661894738674164,0.04147595912218094,0.004365909844636917
,0.0005,,,16900,,,,,,
100,,0.0004425048828125,0.9920501708984375,16909,0.12232041358947754,0.038105349987745285,0.0032297526486217976,,,
100,,0.0004425048828125,0.9919891357421875,16919,0.6373798847198486,0.053261592984199524,0.026353666558861732,,,
100,,0.0004425048828125,1.1911468505859375,16929,0.1942610740661621,0.04479930177330971,0.00562529219314456,,,
100,,0.0004425048828125,1.0007781982421875,16939,0.25450873374938965,0.04281584918498993,0.0063718026503920555,,,
100,,0.0004425048828125,1.3446807861328125,16949,0.0326380729675293,0.040884435176849365,0.0027322396636009216,,,
100,,0.0004425048828125,1.5979766845703125,16959,0.04302167892456055,0.03676546365022659,0.0024167809169739485,,,
100,,0.0004425048828125,0.8747711181640625,16969,0.06347179412841797,0.030870063230395317,0.0018639583140611649,,,
100,,0.0004425048828125,1.50762939453125,16979,0.06386280059814453,0.03589637950062752,0.002558335429057479,,,
100,,0.0004425048828125,1.529022216796875,16989,0.1439208984375,0.034775663167238235,0.0031042215414345264,,,
100,,0.0004425048828125,1.6466217041015625,16999,0.12668275833129883,0.036273494362831116,0.0031578121706843376,,,
100,,0.0004425048828125,1.208251953125,17009,0.19295787811279297,0.04033850133419037,0.004613610450178385,,,
100,,0.0004425048828125,1.44647216796875,17019,0.10403060913085938,0.032950226217508316,0.002618317725136876,,,
100,,0.0004425048828125,1.3941650390625,17029,0.2536602020263672,0.03853010758757591,0.007683056406676769,,,
100,,0.0004425048828125,1.2220611572265625,17039,0.16481328010559082,0.04370274394750595,0.004399515688419342,,,
100,,0.0004425048828125,1.4135589599609375,17049,0.05181431770324707,0.036501236259937286,0.002326079411432147,,,
100,,0.0004425048828125,1.1884002685546875,17059,0.12850427627563477,0.039365503937006,0.0036421464756131172,,,
100,,,,17068,,,,0.18681080639362335,0.043528962880373,0.005202239379286766
,0.0005,,,17069,,,,,,
101,,0.0004425048828125,1.3845367431640625,17069,0.20723605155944824,0.03974618390202522,0.004862476140260696,,,
101,,0.0004425048828125,1.0417327880859375,17079,0.10021471977233887,0.038613591343164444,0.003062970470637083,,,
101,,0.0004425048828125,1.54742431640625,17089,0.3891170024871826,0.04176430404186249,0.011672038584947586,,,
101,,0.0004425048828125,1.1102447509765625,17099,0.1311337947845459,0.03666361793875694,0.003117902670055628,,,
101,,0.0004425048828125,1.5069580078125,17109,0.08581256866455078,0.03552260994911194,0.002515665255486965,,,
101,,0.0004425048828125,1.50677490234375,17119,0.19677424430847168,0.03773290291428566,0.004782825242727995,,,
101,,0.0004425048828125,1.6172027587890625,17129,0.22392058372497559,0.03987756744027138,0.005854756571352482,,,
101,,0.0004425048828125,1.146026611328125,17139,0.1724708080291748,0.04478996992111206,0.0054671308025717735,,,
101,,0.0004425048828125,1.0904083251953125,17149,0.18139243125915527,0.04353352636098862,0.005165087059140205,,,
101,,0.0004425048828125,1.4077301025390625,17159,0.1030881404876709,0.03624776378273964,0.002771841362118721,,,
101,,0.0004425048828125,0.8873138427734375,17169,0.09181404113769531,0.03469112887978554,0.0025643426924943924,,,
101,,0.0004425048828125,1.194488525390625,17179,0.07316732406616211,0.03484533727169037,0.002185419201850891,,,
101,,0.0004425048828125,1.6634521484375,17189,0.12095332145690918,0.03398866206407547,0.0026917573995888233,,,
101,,0.0004425048828125,1.5295867919921875,17199,0.0654904842376709,0.033687759190797806,0.0020588694605976343,,,
101,,0.0004425048828125,1.2381591796875,17209,0.11481428146362305,0.02926064282655716,0.002132061403244734,,,
101,,0.0004425048828125,1.4184417724609375,17219,0.09758520126342773,0.034329768270254135,0.0026242516469210386,,,
101,,0.0004425048828125,1.030517578125,17229,0.31414246559143066,0.032281141728162766,0.007468360476195812,,,
101,,,,17237,,,,0.23080793023109436,0.040708474814891815,0.0059751057997345924
,0.0005,,,17238,,,,,,
102,,0.0004425048828125,1.3433990478515625,17239,0.04056358337402344,0.038391709327697754,0.00261857220903039,,,
102,,0.0004425048828125,1.188507080078125,17249,0.6436619758605957,0.0507456511259079,0.030512092635035515,,,
102,,0.0004425048828125,1.6897125244140625,17259,0.14541864395141602,0.05293438583612442,0.005609112326055765,,,
102,,0.0004425048828125,1.6098175048828125,17269,0.0694739818572998,0.05080203711986542,0.0043052323162555695,,,
102,,0.0004425048828125,1.1412200927734375,17279,0.11770820617675781,0.04943546652793884,0.004585164599120617,,,
102,,0.0004425048828125,1.161468505859375,17289,0.190474271774292,0.04458525404334068,0.0060033854097127914,,,
102,,0.0004425048828125,1.247467041015625,17299,0.15352725982666016,0.04048386216163635,0.00459989532828331,,,
102,,0.0004425048828125,1.55438232421875,17309,0.03328132629394531,0.04063832014799118,0.0028586580883711576,,,
102,,0.0004425048828125,1.68011474609375,17319,0.1006784439086914,0.034625694155693054,0.0027024613227695227,,,
102,,0.0004425048828125,1.2467193603515625,17329,0.10713076591491699,0.04037216678261757,0.0033004956785589457,,,
102,,0.0004425048828125,1.313385009765625,17339,0.0958249568939209,0.03536840155720711,0.002637404715642333,,,
102,,0.0004425048828125,1.302093505859375,17349,0.1441657543182373,0.039347127079963684,0.004155398346483707,,,
102,,0.0004425048828125,1.2538299560546875,17359,0.07523632049560547,0.037828702479600906,0.0028069422114640474,,,
102,,0.0004425048828125,1.27288818359375,17369,0.11547422409057617,0.038304638117551804,0.00322908372618258,,,
102,,0.0004425048828125,1.410736083984375,17379,0.4256629943847656,0.03521553799510002,0.013522514142096043,,,
102,,0.0004425048828125,1.3207855224609375,17389,0.19951438903808594,0.040878113359212875,0.005214462988078594,,,
102,,0.0004425048828125,1.3733367919921875,17399,0.28000473976135254,0.041639428585767746,0.0070587629452347755,,,
102,,,,17406,,,,0.22337865829467773,0.0424543172121048,0.006277638487517834
,0.0005,,,17407,,,,,,
103,,0.0004425048828125,1.437469482421875,17409,0.12040424346923828,0.04007962718605995,0.003570437664166093,,,
103,,0.0004425048828125,1.2232208251953125,17419,0.2567734718322754,0.04974709451198578,0.009267687797546387,,,
103,,0.0004425048828125,1.103179931640625,17429,0.057173728942871094,0.04612868279218674,0.0037225899286568165,,,
103,,0.0004425048828125,1.261505126953125,17439,0.028263568878173828,0.04220505431294441,0.003175534540787339,,,
103,,0.0004425048828125,1.1080169677734375,17449,0.0902247428894043,0.03908582404255867,0.0032107438892126083,,,
103,,0.0004425048828125,1.19451904296875,17459,0.11504149436950684,0.03636634722352028,0.003047643695026636,,,
103,,0.0004425048828125,1.520782470703125,17469,0.2527501583099365,0.03355671465396881,0.005172781180590391,,,
103,,0.0004425048828125,1.1558380126953125,17479,0.12648391723632812,0.03244185820221901,0.00268192240037024,,,
103,,0.0004425048828125,1.428009033203125,17489,0.08975577354431152,0.03429205343127251,0.0025909957475960255,,,
103,,0.0004425048828125,1.1745758056640625,17499,0.46553874015808105,0.04017769917845726,0.013540507294237614,,,
103,,0.0004425048828125,1.189422607421875,17509,0.20451092720031738,0.044413916766643524,0.005363072268664837,,,
103,,0.0004425048828125,1.288360595703125,17519,0.40670251846313477,0.04753527417778969,0.012254200875759125,,,
103,,0.0004425048828125,1.3040771484375,17529,0.2632019519805908,0.05251046270132065,0.008368953131139278,,,
103,,0.0004425048828125,1.3883056640625,17539,0.171708345413208,0.050899796187877655,0.005879339762032032,,,
103,,0.0004425048828125,1.4425201416015625,17549,0.1482706069946289,0.0467674657702446,0.005195183213800192,,,
103,,0.0004425048828125,1.0860748291015625,17559,0.1045680046081543,0.045295894145965576,0.004025815986096859,,,
103,,0.0004425048828125,1.43609619140625,17569,0.20870685577392578,0.04330524057149887,0.005455325823277235,,,
103,,,,17575,,,,0.4209975600242615,0.04305778071284294,0.014990988187491894
,0.0005,,,17576,,,,,,
104,,0.0004425048828125,1.4621429443359375,17579,0.15808796882629395,0.042548056691884995,0.0047266497276723385,,,
104,,0.0004425048828125,1.2400360107421875,17589,0.1065216064453125,0.04374460130929947,0.00396012095734477,,,
104,,0.0004425048828125,1.2610321044921875,17599,0.20761680603027344,0.03946506604552269,0.005348492879420519,,,
104,,0.0004425048828125,1.1559600830078125,17609,0.23401165008544922,0.04466220736503601,0.0060846079140901566,,,
104,,0.0004425048828125,1.263427734375,17619,0.29503655433654785,0.04539841413497925,0.008969347923994064,,,
104,,0.0004425048828125,1.25286865234375,17629,0.21336078643798828,0.04358991980552673,0.005605749785900116,,,
104,,0.0004425048828125,1.2969970703125,17639,0.11324381828308105,0.04554044082760811,0.004416060633957386,,,
104,,0.0004425048828125,1.2393951416015625,17649,0.2942366600036621,0.04936689883470535,0.00826187152415514,,,
104,,0.0004425048828125,1.246490478515625,17659,0.08594679832458496,0.03944964334368706,0.003111413214355707,,,
104,,0.0004425048828125,1.454498291015625,17669,0.16043686866760254,0.04084715247154236,0.0043618083000183105,,,
104,,0.0004425048828125,1.5577239990234375,17679,0.12563800811767578,0.03398454189300537,0.0029569542966783047,,,
104,,0.0004425048828125,1.22314453125,17689,0.05288887023925781,0.03548518195748329,0.002222757786512375,,,
104,,0.0004425048828125,1.2657012939453125,17699,0.2089550495147705,0.03590445592999458,0.004870134871453047,,,
104,,0.0004425048828125,1.0479736328125,17709,0.24579429626464844,0.03830456733703613,0.0067502353340387344,,,
104,,0.0004425048828125,1.1910400390625,17719,0.29627513885498047,0.05742456391453743,0.010159986093640327,,,
104,,0.0004425048828125,1.88665771484375,17729,0.5211820602416992,0.05069931223988533,0.018867913633584976,,,
104,,0.0004425048828125,0.8638916015625,17739,0.1721487045288086,0.04941359907388687,0.005646486766636372,,,
104,,,,17744,,,,0.23029355704784393,0.06226399913430214,0.009700313210487366
,0.0005,,,17745,,,,,,
105,,0.0004425048828125,1.3204193115234375,17749,0.22346091270446777,0.052762504667043686,0.007944174110889435,,,
105,,0.0004425048828125,1.5764617919921875,17759,0.33542728424072266,0.04749288037419319,0.010544272139668465,,,
105,,0.0004425048828125,1.218414306640625,17769,0.1322774887084961,0.04400922730565071,0.004102247301489115,,,
105,,0.0004425048828125,1.411651611328125,17779,0.04917192459106445,0.040529146790504456,0.002894609235227108,,,
105,,0.0004425048828125,1.341461181640625,17789,0.06264710426330566,0.03557215631008148,0.002401572884991765,,,
105,,0.0004425048828125,1.104522705078125,17799,0.09821200370788574,0.035969868302345276,0.0031947302632033825,,,
105,,0.0004425048828125,1.26129150390625,17809,0.09890985488891602,0.034982066601514816,0.0027859327383339405,,,
105,,0.0004425048828125,1.520416259765625,17819,0.38397669792175293,0.038732778280973434,0.010558051988482475,,,
105,,0.0004425048828125,1.4687957763671875,17829,0.46591639518737793,0.04792877286672592,0.014961138367652893,,,
105,,0.0004425048828125,1.577880859375,17839,0.07232236862182617,0.042754072695970535,0.0035494703333824873,,,
105,,0.0004425048828125,1.0438995361328125,17849,0.45343494415283203,0.045639704912900925,0.017181431874632835,,,
105,,0.0004425048828125,1.514892578125,17859,0.7854828834533691,0.05030451714992523,0.04087945073843002,,,
105,,0.0004425048828125,1.0955047607421875,17869,0.2606520652770996,0.0764477327466011,0.014506497420370579,,,
105,,0.0004425048828125,1.089385986328125,17879,0.5032527446746826,0.06440505385398865,0.02755439653992653,,,
105,,0.0004425048828125,1.1436767578125,17889,0.23820829391479492,0.05582635849714279,0.008111913688480854,,,
105,,0.0004425048828125,1.1504058837890625,17899,0.07392311096191406,0.044494807720184326,0.003702887101098895,,,
105,,0.0004425048828125,1.112640380859375,17909,0.5900890827178955,0.05188608542084694,0.021912720054388046,,,
105,,,,17913,,,,0.20522093772888184,0.055712487548589706,0.00747896172106266
,0.0005,,,17914,,,,,,
106,,0.0004425048828125,1.51116943359375,17919,0.2719383239746094,0.04758696258068085,0.007673587650060654,,,
106,,0.0004425048828125,1.29119873046875,17929,0.15890884399414062,0.05769101902842522,0.006664093118160963,,,
106,,0.0004425048828125,1.18377685546875,17939,0.11068391799926758,0.03849192336201668,0.0034113405272364616,,,
106,,0.0004425048828125,1.18780517578125,17949,0.29663848876953125,0.042978350073099136,0.00882838573306799,,,
106,,0.0004425048828125,1.3162384033203125,17959,0.24662303924560547,0.03748278692364693,0.005633594933897257,,,
106,,0.0004425048828125,1.217620849609375,17969,0.5449588298797607,0.04325321316719055,0.017956770956516266,,,
106,,0.0004425048828125,1.2927093505859375,17979,0.07105827331542969,0.032070234417915344,0.0019461334450170398,,,
106,,0.0004425048828125,1.6025238037109375,17989,0.040411949157714844,0.040171634405851364,0.002776731736958027,,,
106,,0.0004425048828125,1.3448638916015625,17999,0.15131139755249023,0.03578011319041252,0.0036288434639573097,,,
106,,0.0004425048828125,1.4807891845703125,18009,0.1461644172668457,0.03525540232658386,0.0033573382534086704,,,
106,,0.0004425048828125,1.254974365234375,18019,0.10618948936462402,0.03612047806382179,0.0031800931319594383,,,
106,,0.0004425048828125,1.3292999267578125,18029,0.1717984676361084,0.03626048564910889,0.004024204798042774,,,
106,,0.0004425048828125,1.2454376220703125,18039,0.012096643447875977,0.03476301208138466,0.0020792081486433744,,,
106,,0.0004425048828125,1.1997222900390625,18049,0.48799943923950195,0.038222409784793854,0.01800471730530262,,,
106,,0.0004425048828125,1.5322723388671875,18059,0.20138216018676758,0.04156486317515373,0.00486274529248476,,,
106,,0.0004425048828125,1.25421142578125,18069,0.09496426582336426,0.037268802523612976,0.0028325822204351425,,,
106,,0.0004425048828125,1.4355926513671875,18079,0.21296906471252441,0.036193061619997025,0.00511095579713583,,,
106,,,,18082,,,,0.11463284492492676,0.04091391712427139,0.003673893166705966
,0.0005,,,18083,,,,,,
107,,0.0004425048828125,1.130157470703125,18089,0.15312910079956055,0.037616826593875885,0.003694084007292986,,,
107,,0.0004425048828125,1.468658447265625,18099,0.08092498779296875,0.04184974357485771,0.003670511767268181,,,
107,,0.0004425048828125,1.525054931640625,18109,0.5217189788818359,0.04302918165922165,0.016949981451034546,,,
107,,0.0004425048828125,1.2965850830078125,18119,0.3528423309326172,0.04279542714357376,0.009247486479580402,,,
107,,0.0004425048828125,1.2552642822265625,18129,0.2128925323486328,0.04145447537302971,0.005406749900430441,,,
107,,0.0004425048828125,1.7331085205078125,18139,0.10938549041748047,0.04099917411804199,0.003527431283146143,,,
107,,0.0004425048828125,1.2445068359375,18149,0.03491950035095215,0.03955591097474098,0.0026377211324870586,,,
107,,0.0004425048828125,1.5728759765625,18159,0.06952142715454102,0.0347561314702034,0.0026787896640598774,,,
107,,0.0004425048828125,1.16326904296875,18169,0.20379924774169922,0.03493867069482803,0.004416581708937883,,,
107,,0.0004425048828125,1.0454559326171875,18179,0.0707855224609375,0.03926699236035347,0.002768588485196233,,,
107,,0.0004425048828125,1.39208984375,18189,0.11985158920288086,0.030836381018161774,0.002222304465249181,,,
107,,0.0004425048828125,1.0208740234375,18199,0.25871849060058594,0.03540605306625366,0.006201861426234245,,,
107,,0.0004425048828125,1.16156005859375,18209,0.18243098258972168,0.03853105008602142,0.0047529605217278,,,
107,,0.0004425048828125,1.1476287841796875,18219,0.14471769332885742,0.049931932240724564,0.0056677344255149364,,,
107,,0.0004425048828125,1.3695068359375,18229,0.23593401908874512,0.046373624354600906,0.0069058919325470924,,,
107,,0.0004425048828125,1.494415283203125,18239,0.1306772232055664,0.04588708281517029,0.005002985242754221,,,
107,,0.0004425048828125,1.1616973876953125,18249,0.13820958137512207,0.0450567863881588,0.0049334559589624405,,,
107,,,,18251,,,,0.05918941646814346,0.04596174880862236,0.003709528362378478
,0.0005,,,18252,,,,,,
108,,0.0004425048828125,1.292816162109375,18259,0.09575748443603516,0.03400159999728203,0.0025876322761178017,,,
108,,0.0004425048828125,1.2405548095703125,18269,0.4864003658294678,0.03891441971063614,0.016811374574899673,,,
108,,0.0004425048828125,1.265533447265625,18279,0.06082773208618164,0.038337718695402145,0.0027341998647898436,,,
108,,0.0004425048828125,1.4716033935546875,18289,0.027550220489501953,0.03594335541129112,0.0020680746529251337,,,
108,,0.0004425048828125,1.1900787353515625,18299,0.17487859725952148,0.03290916979312897,0.003497176803648472,,,
108,,0.0004425048828125,1.2935028076171875,18309,0.1480848789215088,0.03226979449391365,0.002855937462300062,,,
108,,0.0004425048828125,1.3413238525390625,18319,0.2993588447570801,0.03527695685625076,0.0072845881804823875,,,
108,,0.0004425048828125,1.20684814453125,18329,0.1695713996887207,0.03363599255681038,0.0038793152198195457,,,
108,,0.0004425048828125,1.4975128173828125,18339,0.11993575096130371,0.036029525101184845,0.003308118088170886,,,
108,,0.0004425048828125,1.3301544189453125,18349,0.23808574676513672,0.035324569791555405,0.005102178081870079,,,
108,,0.0004425048828125,1.1990509033203125,18359,0.7326953411102295,0.05401310324668884,0.03831803798675537,,,
108,,0.0004425048828125,1.399566650390625,18369,1.2367331981658936,0.11853671818971634,0.10950516164302826,,,
108,,0.0004425048828125,1.36785888671875,18379,1.1076924800872803,0.09111548960208893,0.08598437905311584,,,
108,,0.0004425048828125,1.5700531005859375,18389,0.4730224609375,0.10924669355154037,0.03162265196442604,,,
108,,0.0004425048828125,1.339019775390625,18399,0.4902210235595703,0.06982430815696716,0.022467248141765594,,,
108,,0.0004425048828125,1.4630279541015625,18409,0.19631624221801758,0.060144342482089996,0.01048849243670702,,,
108,,0.0004425048828125,1.1991729736328125,18419,0.5343220233917236,0.0530020073056221,0.026726216077804565,,,
108,,,,18420,,,,0.47771352529525757,0.05942942202091217,0.01993643492460251
,0.0005,,,18421,,,,,,
109,,0.0004425048828125,1.1889495849609375,18429,0.5374083518981934,0.05407749116420746,0.021889280527830124,,,
109,,0.0004425048828125,1.4713897705078125,18439,0.3559551239013672,0.04913199692964554,0.011003460735082626,,,
109,,0.0004425048828125,1.010955810546875,18449,0.38289570808410645,0.046614475548267365,0.012499704957008362,,,
109,,0.0004425048828125,1.5450439453125,18459,0.2594633102416992,0.047978371381759644,0.011019429191946983,,,
109,,0.0004425048828125,1.4653472900390625,18469,0.1938481330871582,0.0381082221865654,0.004335585981607437,,,
109,,0.0004425048828125,1.182525634765625,18479,0.07892155647277832,0.03916783258318901,0.0030190018005669117,,,
109,,0.0004425048828125,1.580780029296875,18489,0.10536694526672363,0.03812428563833237,0.0033356633502990007,,,
109,,0.0004425048828125,1.4536285400390625,18499,0.08535313606262207,0.03502839431166649,0.002617225516587496,,,
109,,0.0004425048828125,1.5673370361328125,18509,0.09076547622680664,0.03292155638337135,0.0023839345667511225,,,
109,,0.0004425048828125,1.324127197265625,18519,0.23903727531433105,0.036258772015571594,0.006127373781055212,,,
109,,0.0004425048828125,1.384185791015625,18529,0.32838988304138184,0.04054155945777893,0.010285941883921623,,,
109,,0.0004425048828125,1.3708648681640625,18539,0.08130002021789551,0.04473824426531792,0.0038313334807753563,,,
109,,0.0004425048828125,1.3572540283203125,18549,0.3757643699645996,0.04576755315065384,0.013349629938602448,,,
109,,0.0004425048828125,1.8266143798828125,18559,0.25398683547973633,0.04070422053337097,0.006106223911046982,,,
109,,0.0004425048828125,1.384521484375,18569,0.4005744457244873,0.046464309096336365,0.016236985102295876,,,
109,,0.0004425048828125,1.3840179443359375,18579,0.23970580101013184,0.05223404988646507,0.008241178467869759,,,
109,,0.0004425048828125,1.7058563232421875,18589,0.05308977887034416,0.04354364797472954,0.00361798913218081,,,
109,,,,18589,,,,0.12803661823272705,0.04303044453263283,0.004281957168132067
,0.0005,,,18590,,,,,,
110,,0.0004425048828125,1.5858612060546875,18599,0.204087495803833,0.04219086840748787,0.005041357129812241,,,
110,,0.0004425048828125,1.5105743408203125,18609,0.18966293334960938,0.03779134899377823,0.004289638251066208,,,
110,,0.0004425048828125,1.740142822265625,18619,0.16800642013549805,0.034854307770729065,0.003943599294871092,,,
110,,0.0004425048828125,1.2189178466796875,18629,0.14522790908813477,0.03735603019595146,0.0033507561311125755,,,
110,,0.0004425048828125,1.70513916015625,18639,0.06981372833251953,0.033021051436662674,0.0020993556827306747,,,
110,,0.0004425048828125,1.817657470703125,18649,0.06504440307617188,0.02852710336446762,0.0015557531733065844,,,
110,,0.0004425048828125,1.5239410400390625,18659,0.028972625732421875,0.02970563806593418,0.0015054892282932997,,,
110,,0.0004425048828125,1.1952362060546875,18669,0.058441877365112305,0.027366098016500473,0.0018228546250611544,,,
110,,0.0004425048828125,1.50787353515625,18679,0.060944557189941406,0.02959110587835312,0.001607486978173256,,,
110,,0.0004425048828125,1.413787841796875,18689,0.15215492248535156,0.035048551857471466,0.0031990990974009037,,,
110,,0.0004425048828125,1.81781005859375,18699,0.08246707916259766,0.03799084946513176,0.0028363193850964308,,,
110,,0.0004425048828125,1.621612548828125,18709,0.12691259384155273,0.03455857187509537,0.0029207628685981035,,,
110,,0.0004425048828125,1.6933135986328125,18719,0.14201617240905762,0.040922798216342926,0.0038302461616694927,,,
110,,0.0004425048828125,1.640716552734375,18729,0.13771891593933105,0.03875162824988365,0.0035105515271425247,,,
110,,0.0004425048828125,1.7628173828125,18739,0.03701472282409668,0.0365767627954483,0.0023875839542597532,,,
110,,0.0004425048828125,1.5324859619140625,18749,0.07462644577026367,0.028341440483927727,0.001920401817187667,,,
110,,,,18758,,,,0.17571599781513214,0.040505509823560715,0.004911688156425953
,0.0005,,,18759,,,,,,
111,,0.0004425048828125,1.4241943359375,18759,0.17833828926086426,0.03427305817604065,0.0042190104722976685,,,
111,,0.0004425048828125,1.4372406005859375,18769,0.1823410987854004,0.032994456589221954,0.004046964459121227,,,
111,,0.0004425048828125,1.946746826171875,18779,0.16955304145812988,0.036293040961027145,0.0038506228011101484,,,
111,,0.0004425048828125,1.412872314453125,18789,0.05747580528259277,0.03072146140038967,0.0019223112612962723,,,
111,,0.0004425048828125,1.6383056640625,18799,0.023432493209838867,0.031229479238390923,0.0016748225316405296,,,
111,,0.0004425048828125,1.3648529052734375,18809,0.10658693313598633,0.03557870537042618,0.0027973579708486795,,,
111,,0.0004425048828125,1.3856658935546875,18819,0.0793769359588623,0.034080665558576584,0.002429639222100377,,,
111,,0.0004425048828125,1.3684234619140625,18829,0.214247465133667,0.03400641307234764,0.004692899528890848,,,
111,,0.0004425048828125,1.359771728515625,18839,0.0704491138458252,0.03096618689596653,0.0019191023893654346,,,
111,,0.0004425048828125,1.38751220703125,18849,0.23959898948669434,0.032369136810302734,0.005431006662547588,,,
111,,0.0004425048828125,1.4180908203125,18859,0.07849359512329102,0.03276095539331436,0.0024804973509162664,,,
111,,0.0004425048828125,1.5632781982421875,18869,0.21213293075561523,0.034546490758657455,0.005021990276873112,,,
111,,0.0004425048828125,1.5649871826171875,18879,0.32959699630737305,0.04047476127743721,0.008297949098050594,,,
111,,0.0004425048828125,1.4621429443359375,18889,0.23617792129516602,0.049485594034194946,0.007468050345778465,,,
111,,0.0004425048828125,1.4699554443359375,18899,0.4124882221221924,0.05175308138132095,0.012843338772654533,,,
111,,0.0004425048828125,1.4699554443359375,18909,0.10187625885009766,0.04294085502624512,0.0036629203241318464,,,
111,,0.0004425048828125,1.65545654296875,18919,0.23552703857421875,0.03950733318924904,0.0060960473492741585,,,
111,,,,18927,,,,0.2246720939874649,0.042349137365818024,0.006109865382313728
,0.0005,,,18928,,,,,,
112,,0.0004425048828125,1.6389007568359375,18929,0.29672789573669434,0.042114660143852234,0.007660852745175362,,,
112,,0.0004425048828125,1.53851318359375,18939,0.07680988311767578,0.046376023441553116,0.003927186597138643,,,
112,,0.0004425048828125,1.5283660888671875,18949,0.3890495300292969,0.040992673486471176,0.010722965933382511,,,
112,,0.0004425048828125,1.462127685546875,18959,0.0998849868774414,0.03256549686193466,0.002381906844675541,,,
112,,0.0004425048828125,1.4335784912109375,18969,0.12735319137573242,0.03218367323279381,0.00290417717769742,,,
112,,0.0004425048828125,1.4471893310546875,18979,0.17770099639892578,0.03533664718270302,0.003946137148886919,,,
112,,0.0004425048828125,1.6273651123046875,18989,0.1369466781616211,0.03409372270107269,0.0029314705170691013,,,
112,,0.0004425048828125,1.6083831787109375,18999,0.0720522403717041,0.033941600471735,0.002257691230624914,,,
112,,0.0004425048828125,1.69573974609375,19009,0.09061455726623535,0.03720945492386818,0.0027179233729839325,,,
112,,0.0004425048828125,1.364349365234375,19019,0.05788755416870117,0.0340702123939991,0.0022427465301007032,,,
112,,0.0004425048828125,1.8965301513671875,19029,0.08375072479248047,0.03288070112466812,0.0025189886800944805,,,
112,,0.0004425048828125,1.3238525390625,19039,0.37894129753112793,0.036157891154289246,0.009868113324046135,,,
112,,0.0004425048828125,1.3421783447265625,19049,0.08596014976501465,0.03957778215408325,0.0032113201450556517,,,
112,,0.0004425048828125,1.4892730712890625,19059,0.17627429962158203,0.03125477954745293,0.0035232286900281906,,,
112,,0.0004425048828125,1.4506988525390625,19069,0.05235600471496582,0.035474106669425964,0.0023235087282955647,,,
112,,0.0004425048828125,1.7685546875,19079,0.05314970016479492,0.030657239258289337,0.001742921769618988,,,
112,,0.0004425048828125,1.514984130859375,19089,0.1902165412902832,0.030430996790528297,0.0038788835518062115,,,
112,,,,19096,,,,0.05770847201347351,0.035932522267103195,0.0024165394715964794
,0.0005,,,19097,,,,,,
113,,0.0004425048828125,1.158538818359375,19099,0.06968355178833008,0.028321346268057823,0.001653165789321065,,,
113,,0.0004425048828125,1.3343505859375,19109,0.016939640045166016,0.02725011669099331,0.0012529013911262155,,,
113,,0.0004425048828125,1.562347412109375,19119,0.09843111038208008,0.029087765142321587,0.002019336912781,,,
113,,0.0004425048828125,1.18902587890625,19129,0.3271670341491699,0.03595598414540291,0.007524831220507622,,,
113,,0.0004425048828125,1.2869110107421875,19139,0.02377152442932129,0.03468041121959686,0.0019837510772049427,,,
113,,0.0004425048828125,1.531951904296875,19149,0.1026926040649414,0.03492845967411995,0.0027455519884824753,,,
113,,0.0004425048828125,1.4627685546875,19159,0.0879051685333252,0.034516531974077225,0.0025929142720997334,,,
113,,0.0004425048828125,1.4266204833984375,19169,0.0980839729309082,0.030491841956973076,0.0021664872765541077,,,
113,,0.0004425048828125,1.216766357421875,19179,0.08092880249023438,0.029593253508210182,0.0018710058648139238,,,
113,,0.0004425048828125,1.1182708740234375,19189,0.06273722648620605,0.03171614184975624,0.0019001052714884281,,,
113,,0.0004425048828125,1.3932037353515625,19199,0.04107260704040527,0.029109962284564972,0.0015737316571176052,,,
113,,0.0004425048828125,1.5214996337890625,19209,0.12714672088623047,0.03253898397088051,0.00290989363566041,,,
113,,0.0004425048828125,1.31866455078125,19219,0.11752820014953613,0.03279806300997734,0.002519708825275302,,,
113,,0.0004425048828125,1.7846527099609375,19229,0.20989608764648438,0.030590448528528214,0.004000126384198666,,,
113,,0.0004425048828125,1.345001220703125,19239,0.13184285163879395,0.04506266489624977,0.004604701418429613,,,
113,,0.0004425048828125,1.29730224609375,19249,0.05871772766113281,0.03599444404244423,0.0023263120092451572,,,
113,,0.0004425048828125,1.29608154296875,19259,0.10974431037902832,0.03870858997106552,0.0029954903293401003,,,
113,,,,19265,,,,0.2537904679775238,0.04366924986243248,0.00753093883395195
,0.0005,,,19266,,,,,,
114,,0.0004425048828125,1.46429443359375,19269,0.34644556045532227,0.034900348633527756,0.009187402203679085,,,
114,,0.0004425048828125,1.3292999267578125,19279,0.23804116249084473,0.03894547000527382,0.006207213271409273,,,
114,,0.0004425048828125,1.422393798828125,19289,0.15350079536437988,0.0354623906314373,0.003833509050309658,,,
114,,0.0004425048828125,1.3398590087890625,19299,0.08531498908996582,0.030949441716074944,0.002197125693783164,,,
114,,0.0004425048828125,1.2624053955078125,19309,0.07202696800231934,0.029953060671687126,0.0018781493417918682,,,
114,,0.0004425048828125,1.0680084228515625,19319,0.10123324394226074,0.03319723159074783,0.0023539711255580187,,,
114,,0.0004425048828125,1.2213592529296875,19329,0.06568121910095215,0.030574945732951164,0.0018751604948192835,,,
114,,0.0004425048828125,1.5648345947265625,19339,0.04712247848510742,0.031145267188549042,0.0017624269239604473,,,
114,,0.0004425048828125,1.122222900390625,19349,0.0874028205871582,0.025648269802331924,0.0014204219914972782,,,
114,,0.0004425048828125,1.3613128662109375,19359,0.1359856128692627,0.03557422012090683,0.003087215591222048,,,
114,,0.0004425048828125,1.4445343017578125,19369,0.14818763732910156,0.031421199440956116,0.0032116547226905823,,,
114,,0.0004425048828125,1.1842803955078125,19379,0.06016826629638672,0.032656531780958176,0.0019138475181534886,,,
114,,0.0004425048828125,1.0594940185546875,19389,0.24030566215515137,0.030881395563483238,0.00492760818451643,,,
114,,0.0004425048828125,1.2328338623046875,19399,0.17468762397766113,0.030791478231549263,0.003782875370234251,,,
114,,0.0004425048828125,0.97320556640625,19409,0.16997003555297852,0.029822491109371185,0.003071741433814168,,,
114,,0.0004425048828125,1.102203369140625,19419,0.052484989166259766,0.03274010121822357,0.0021169446408748627,,,
114,,0.0004425048828125,1.267303466796875,19429,0.6164045333862305,0.03575509414076805,0.021558502689003944,,,
114,,,,19434,,,,0.17307539284229279,0.048684388399124146,0.0058975438587367535
,0.0005,,,19435,,,,,,
115,,0.0004425048828125,1.4188079833984375,19439,0.4079854488372803,0.044504810124635696,0.014164612628519535,,,
115,,0.0004425048828125,1.71240234375,19449,0.11629819869995117,0.04467088729143143,0.004081330262124538,,,
115,,0.0004425048828125,1.0451202392578125,19459,0.07764792442321777,0.04292280972003937,0.00398440845310688,,,
115,,0.0004425048828125,1.6330413818359375,19469,0.20573830604553223,0.03776165470480919,0.004928174428641796,,,
115,,0.0004425048828125,1.259307861328125,19479,0.26225781440734863,0.03945842385292053,0.006506813690066338,,,
115,,0.0004425048828125,1.2007904052734375,19489,0.08142685890197754,0.034500427544116974,0.002419182099401951,,,
115,,0.0004425048828125,1.086212158203125,19499,0.11280632019042969,0.02988998405635357,0.002314770594239235,,,
115,,0.0004425048828125,1.605072021484375,19509,0.09543800354003906,0.02947855181992054,0.001960011664777994,,,
115,,0.0004425048828125,1.255523681640625,19519,0.03505897521972656,0.026362314820289612,0.0012151444097980857,,,
115,,0.0004425048828125,1.2514495849609375,19529,0.10626769065856934,0.03043200820684433,0.002381914295256138,,,
115,,0.0004425048828125,1.3085784912109375,19539,0.05527496337890625,0.028560735285282135,0.0016035891603678465,,,
115,,0.0004425048828125,1.30865478515625,19549,0.10048747062683105,0.0340142548084259,0.002550996607169509,,,
115,,0.0004425048828125,1.6069183349609375,19559,0.0687875747680664,0.03262795880436897,0.0021156584843993187,,,
115,,0.0004425048828125,1.2631378173828125,19569,0.42121076583862305,0.03753858059644699,0.012074839323759079,,,
115,,0.0004425048828125,1.1419219970703125,19579,0.23036694526672363,0.04161592572927475,0.006227740086615086,,,
115,,0.0004425048828125,1.2985076904296875,19589,0.06326770782470703,0.033756889402866364,0.0021548864897340536,,,
115,,0.0004425048828125,1.208038330078125,19599,0.1977527141571045,0.042793236672878265,0.0064885178580880165,,,
115,,,,19603,,,,0.12459614127874374,0.05142991244792938,0.005204410757869482
,0.0005,,,19604,,,,,,
116,,0.0004425048828125,1.3943634033203125,19609,0.35469913482666016,0.050529513508081436,0.011261112987995148,,,
116,,0.0004425048828125,1.546875,19619,0.5143306255340576,0.0653875470161438,0.02554209716618061,,,
116,,0.0004425048828125,1.2807769775390625,19629,0.10683345794677734,0.06329900771379471,0.007891038432717323,,,
116,,0.0004425048828125,1.31396484375,19639,0.05849504470825195,0.047194767743349075,0.0039191353134810925,,,
116,,0.0004425048828125,1.3162689208984375,19649,0.13308167457580566,0.04178006574511528,0.004000022541731596,,,
116,,0.0004425048828125,1.123626708984375,19659,0.1375870704650879,0.03685756027698517,0.0033266115933656693,,,
116,,0.0004425048828125,1.3348541259765625,19669,0.06383490562438965,0.03759101405739784,0.0027210740372538567,,,
116,,0.0004425048828125,1.2584991455078125,19679,0.06062793731689453,0.03247342258691788,0.0019525097450241446,,,
116,,0.0004425048828125,1.0317840576171875,19689,0.1209402084350586,0.03717890381813049,0.0035672918893396854,,,
116,,0.0004425048828125,1.138641357421875,19699,0.21630406379699707,0.03153850883245468,0.00392241682857275,,,
116,,0.0004425048828125,1.1538543701171875,19709,0.11021113395690918,0.030743181705474854,0.002426621038466692,,,
116,,0.0004425048828125,1.3589935302734375,19719,0.1276102066040039,0.03309963643550873,0.0028885281644761562,,,
116,,0.0004425048828125,1.22625732421875,19729,0.13985729217529297,0.030947579070925713,0.002671078545972705,,,
116,,0.0004425048828125,1.729949951171875,19739,0.23025894165039062,0.034318652004003525,0.004866546019911766,,,
116,,0.0004425048828125,1.410247802734375,19749,0.06525588035583496,0.036295123398303986,0.002342435996979475,,,
116,,0.0004425048828125,1.629425048828125,19759,0.07793831825256348,0.034216832369565964,0.002175033325329423,,,
116,,0.0004425048828125,1.185821533203125,19769,0.12325191497802734,0.030597181990742683,0.002423421945422888,,,
116,,,,19772,,,,0.328669011592865,0.03784921020269394,0.0085813133046031
,0.0005,,,19773,,,,,,
117,,0.0004425048828125,1.0412445068359375,19779,0.3882637023925781,0.042702171951532364,0.01059752143919468,,,
117,,0.0004425048828125,1.2365875244140625,19789,0.22823619842529297,0.04500982537865639,0.006562018301337957,,,
117,,0.0004425048828125,1.312744140625,19799,0.08147597312927246,0.034182965755462646,0.0023325816728174686,,,
117,,0.0004425048828125,1.209930419921875,19809,0.2281358242034912,0.04205199331045151,0.005388579796999693,,,
117,,0.0004425048828125,1.148712158203125,19819,0.5502681732177734,0.04555079713463783,0.020077813416719437,,,
117,,0.0004425048828125,1.535614013671875,19829,0.5298862457275391,0.053579092025756836,0.018642757087945938,,,
117,,0.0004425048828125,1.1552581787109375,19839,0.10999131202697754,0.05028428137302399,0.005532041657716036,,,
117,,0.0004425048828125,1.0941314697265625,19849,0.12228631973266602,0.046832550317049026,0.0052160536870360374,,,
117,,0.0004425048828125,1.562103271484375,19859,0.14354991912841797,0.03833842650055885,0.00430340925231576,,,
117,,0.0004425048828125,1.56134033203125,19869,0.15189599990844727,0.03897419199347496,0.003756019752472639,,,
117,,0.0004425048828125,1.4846954345703125,19879,0.12780976295471191,0.03786792606115341,0.003557295072823763,,,
117,,0.0004425048828125,1.4695892333984375,19889,0.18089008331298828,0.0441666841506958,0.005702744238078594,,,
117,,0.0004425048828125,1.4222564697265625,19899,0.14786005020141602,0.04920465499162674,0.006014850456267595,,,
117,,0.0004425048828125,1.5874176025390625,19909,0.05346488952636719,0.03795837610960007,0.0025209076702594757,,,
117,,0.0004425048828125,1.2273406982421875,19919,0.3346400260925293,0.03841066360473633,0.009219473227858543,,,
117,,0.0004425048828125,1.2787933349609375,19929,0.22418665885925293,0.042705342173576355,0.005745354108512402,,,
117,,0.0004425048828125,1.2439422607421875,19939,0.19329047203063965,0.05344095826148987,0.008093968033790588,,,
117,,,,19941,,,,0.5001673698425293,0.05262784659862518,0.02209024503827095
,0.0005,,,19942,,,,,,
118,,0.0004425048828125,1.3172454833984375,19949,0.7069504261016846,0.044685252010822296,0.031804297119379044,,,
118,,0.0004425048828125,1.2311553955078125,19959,0.1052553653717041,0.04662897437810898,0.004237085115164518,,,
118,,0.0004425048828125,1.229522705078125,19969,0.20255517959594727,0.03801169991493225,0.004849809221923351,,,
118,,0.0004425048828125,1.204803466796875,19979,0.10192131996154785,0.04050157219171524,0.003203514963388443,,,
118,,0.0004425048828125,1.3138427734375,19989,0.27828526496887207,0.03666707128286362,0.006150019355118275,,,
118,,0.0004425048828125,1.1774749755859375,19999,0.10271978378295898,0.038602784276008606,0.0034238274674862623,,,
118,,0.0004425048828125,1.6623687744140625,20009,0.2212831974029541,0.032464999705553055,0.004613886587321758,,,
118,,0.0004425048828125,1.4962005615234375,20019,0.25397229194641113,0.031226031482219696,0.0074806734919548035,,,
118,,0.0004425048828125,1.07611083984375,20029,0.06554818153381348,0.037482962012290955,0.0029591387137770653,,,
118,,0.0004425048828125,1.520172119140625,20039,0.3680412769317627,0.03892240300774574,0.009295047260820866,,,
118,,0.0004425048828125,1.0417022705078125,20049,0.4774603843688965,0.0541381761431694,0.01854211464524269,,,
118,,0.0004425048828125,1.2801666259765625,20059,0.1362760066986084,0.04162151739001274,0.0038569967728108168,,,
118,,0.0004425048828125,1.25469970703125,20069,0.059288978576660156,0.030494393780827522,0.0017869063885882497,,,
118,,0.0004425048828125,1.283233642578125,20079,0.05302095413208008,0.037536513060331345,0.002606229390949011,,,
118,,0.0004425048828125,1.576568603515625,20089,0.1079254150390625,0.040341462939977646,0.0035874785389751196,,,
118,,0.0004425048828125,1.2205657958984375,20099,0.3394942283630371,0.03279823437333107,0.00926931481808424,,,
118,,0.0004425048828125,1.037750244140625,20109,0.1940765380859375,0.039026521146297455,0.006226922385394573,,,
118,,,,20110,,,,0.24447087943553925,0.04259554669260979,0.0066184657625854015
,0.0005,,,20111,,,,,,
119,,0.0004425048828125,1.15167236328125,20119,0.12274479866027832,0.04099729284644127,0.004327042493969202,,,
119,,0.0004425048828125,1.301544189453125,20129,0.3946349620819092,0.04673565551638603,0.012328465469181538,,,
119,,0.0004425048828125,1.5065155029296875,20139,0.27170586585998535,0.04186464101076126,0.007573897019028664,,,
119,,0.0004425048828125,1.2417144775390625,20149,0.06891083717346191,0.04129834845662117,0.003076833439990878,,,
119,,0.0004425048828125,1.210296630859375,20159,0.1233212947845459,0.04220406711101532,0.004041226580739021,,,
119,,0.0004425048828125,1.26092529296875,20169,0.07883405685424805,0.03917879983782768,0.0027261709328740835,,,
119,,0.0004425048828125,1.6356353759765625,20179,0.08721351623535156,0.03298379108309746,0.0026715141721069813,,,
119,,0.0004425048828125,1.6356353759765625,20189,0.05993294715881348,0.034230463206768036,0.002150717657059431,,,
119,,0.0004425048828125,1.2394866943359375,20199,0.11829233169555664,0.03419021889567375,0.002653250005096197,,,
119,,0.0004425048828125,1.6270751953125,20209,0.034052371978759766,0.030837835744023323,0.0017084862338379025,,,
119,,0.0004425048828125,1.157379150390625,20219,0.22447943687438965,0.03675784170627594,0.005459311418235302,,,
119,,0.0004425048828125,1.6096649169921875,20229,0.06945180892944336,0.03186992183327675,0.002000899985432625,,,
119,,0.0004425048828125,1.0815277099609375,20239,0.06993961334228516,0.03302265331149101,0.0021390155889093876,,,
119,,0.0004425048828125,1.5643768310546875,20249,0.19631314277648926,0.03073521889746189,0.0035913167521357536,,,
119,,0.0004425048828125,1.69805908203125,20259,0.08057808876037598,0.031661827117204666,0.0021284373942762613,,,
119,,0.0004425048828125,1.2072906494140625,20269,0.15036892890930176,0.030172135680913925,0.0027305427938699722,,,
119,,0.0004425048828125,1.5612640380859375,20279,0.03831164166331291,0.027912311255931854,0.001393049256876111,,,
119,,,,20279,,,,0.06252188235521317,0.0350106805562973,0.002337245037779212
,0.0005,,,20280,,,,,,
120,,0.0004425048828125,1.3431854248046875,20289,0.03965330123901367,0.026263682171702385,0.001269482308998704,,,
120,,0.0004425048828125,1.463775634765625,20299,0.08421158790588379,0.030730292201042175,0.0019380664452910423,,,
120,,0.0004425048828125,1.2151641845703125,20309,0.19180917739868164,0.030470259487628937,0.003482737112790346,,,
120,,0.0004425048828125,1.085601806640625,20319,0.21448206901550293,0.031149722635746002,0.00467597134411335,,,
120,,0.0004425048828125,1.4129791259765625,20329,0.3392024040222168,0.04316043481230736,0.00895772222429514,,,
120,,0.0004425048828125,1.27349853515625,20339,0.311007022857666,0.051375553011894226,0.011155528947710991,,,
120,,0.0004425048828125,1.354217529296875,20349,0.5482275485992432,0.049186624586582184,0.020094672217965126,,,
120,,0.0004425048828125,1.1563262939453125,20359,0.16018939018249512,0.05910683795809746,0.007453330792486668,,,
120,,0.0004425048828125,1.356231689453125,20369,0.18750429153442383,0.05260945484042168,0.007650946266949177,,,
120,,0.0004425048828125,1.548370361328125,20379,0.1998143196105957,0.03968307003378868,0.0047531104646623135,,,
120,,0.0004425048828125,1.4149169921875,20389,0.3354816436767578,0.05390987545251846,0.010296832770109177,,,
120,,0.0004425048828125,1.7087249755859375,20399,0.05125904083251953,0.04385894164443016,0.0033419490791857243,,,
120,,0.0004425048828125,1.2093963623046875,20409,0.27733850479125977,0.04159349575638771,0.008028758689761162,,,
120,,0.0004425048828125,1.3658447265625,20419,0.07331275939941406,0.03729770705103874,0.0026661891024559736,,,
120,,0.0004425048828125,1.236175537109375,20429,0.1257176399230957,0.035584259778261185,0.0028175078332424164,,,
120,,0.0004425048828125,1.2760009765625,20439,0.049723148345947266,0.034096695482730865,0.0020439596846699715,,,
120,,,,20448,,,,0.28625476360321045,0.038232285529375076,0.007030600681900978
,0.0005,,,20449,,,,,,
121,,0.0004425048828125,1.1048583984375,20449,0.23633766174316406,0.02895243465900421,0.004113922826945782,,,
121,,0.0004425048828125,1.35125732421875,20459,0.19086980819702148,0.047469303011894226,0.005761740729212761,,,
121,,0.0004425048828125,1.410797119140625,20469,0.6663632392883301,0.038441002368927,0.028539367020130157,,,
121,,0.0004425048828125,1.474090576171875,20479,0.6895899772644043,0.05078177526593208,0.04764752835035324,,,
121,,0.0004425048828125,1.1290283203125,20489,0.2077655792236328,0.09519226104021072,0.018213853240013123,,,
121,,0.0004425048828125,1.181396484375,20499,0.5325441360473633,0.0767480880022049,0.024957086890935898,,,
121,,0.0004425048828125,1.6895599365234375,20509,0.6838521957397461,0.08384471386671066,0.042720727622509,,,
121,,0.0004425048828125,1.0938873291015625,20519,0.3157351016998291,0.06376804411411285,0.014627533033490181,,,
121,,0.0004425048828125,1.247100830078125,20529,0.3906283378601074,0.05140712112188339,0.01367044635117054,,,
121,,0.0004425048828125,1.327178955078125,20539,0.24605703353881836,0.04843170940876007,0.007528560236096382,,,
121,,0.0004425048828125,1.22625732421875,20549,0.3266725540161133,0.0531119704246521,0.011784751899540424,,,
121,,0.0004425048828125,1.282318115234375,20559,0.21464991569519043,0.05381227284669876,0.00901867263019085,,,
121,,0.0004425048828125,1.0665130615234375,20569,0.3285660743713379,0.049619320780038834,0.014180880039930344,,,
121,,0.0004425048828125,1.3784027099609375,20579,0.16157937049865723,0.04688459262251854,0.005027865059673786,,,
121,,0.0004425048828125,1.21240234375,20589,0.058756351470947266,0.0391785204410553,0.0028014015406370163,,,
121,,0.0004425048828125,1.3949432373046875,20599,0.08631777763366699,0.03544710576534271,0.0027490444481372833,,,
121,,0.0004425048828125,1.32958984375,20609,0.21315479278564453,0.03405786678195,0.004579409956932068,,,
121,,,,20617,,,,0.13363754749298096,0.03910877928137779,0.0036031014751642942
,0.0005,,,20618,,,,,,
122,,0.0004425048828125,1.09619140625,20619,0.07528853416442871,0.0326109379529953,0.0022759628482162952,,,
122,,0.0004425048828125,1.205657958984375,20629,0.5882008075714111,0.035698793828487396,0.022485753521323204,,,
122,,0.0004425048828125,1.1351776123046875,20639,0.04789924621582031,0.0420222170650959,0.0031036147847771645,,,
122,,0.0004425048828125,1.16192626953125,20649,0.11159682273864746,0.03823445364832878,0.003103446215391159,,,
122,,0.0004425048828125,1.1600494384765625,20659,0.09816884994506836,0.03943372145295143,0.003217637073248625,,,
122,,0.0004425048828125,1.3516082763671875,20669,0.12523889541625977,0.0350932814180851,0.0030902335420250893,,,
122,,0.0004425048828125,1.705780029296875,20679,0.164947509765625,0.03493805602192879,0.003782489337027073,,,
122,,0.0004425048828125,1.1909027099609375,20689,0.06737661361694336,0.033627625554800034,0.002278605243191123,,,
122,,0.0004425048828125,1.2019500732421875,20699,0.06336688995361328,0.030468549579381943,0.001756475307047367,,,
122,,0.0004425048828125,1.3702392578125,20709,0.18861818313598633,0.03228165954351425,0.004110114648938179,,,
122,,0.0004425048828125,1.3056488037109375,20719,0.09620070457458496,0.02980109117925167,0.0021608122624456882,,,
122,,0.0004425048828125,1.5774383544921875,20729,0.08736753463745117,0.026074105873703957,0.0016173524782061577,,,
122,,0.0004425048828125,1.2473907470703125,20739,0.3276710510253906,0.034932974725961685,0.007434944622218609,,,
122,,0.0004425048828125,1.577392578125,20749,0.32312631607055664,0.040677133947610855,0.00832006148993969,,,
122,,0.0004425048828125,1.0978546142578125,20759,0.37896013259887695,0.05077449977397919,0.012128286994993687,,,
122,,0.0004425048828125,1.6470947265625,20769,0.10659003257751465,0.0385928712785244,0.0030403335113078356,,,
122,,0.0004425048828125,1.1604156494140625,20779,0.16887354850769043,0.0346398763358593,0.003465560730546713,,,
122,,,,20786,,,,0.06557860225439072,0.04102369397878647,0.0029820273630321026
,0.0005,,,20787,,,,,,
123,,0.0004425048828125,1.4302215576171875,20789,0.2449512481689453,0.03500835970044136,0.005431575700640678,,,
123,,0.0004425048828125,1.4352569580078125,20799,0.3463573455810547,0.037431735545396805,0.00861580390483141,,,
123,,0.0004425048828125,1.1706390380859375,20809,0.12325882911682129,0.033632513135671616,0.0028242035768926144,,,
123,,0.0004425048828125,1.18182373046875,20819,0.05372452735900879,0.03333170711994171,0.002132848370820284,,,
123,,0.0004425048828125,1.5062713623046875,20829,0.07613992691040039,0.03105277754366398,0.0020225723274052143,,,
123,,0.0004425048828125,1.0735931396484375,20839,0.2120351791381836,0.031302664428949356,0.004500371869653463,,,
123,,0.0004425048828125,1.229248046875,20849,0.11952733993530273,0.03354066237807274,0.0032427459955215454,,,
123,,0.0004425048828125,1.3428802490234375,20859,0.22641277313232422,0.03259805589914322,0.004850476048886776,,,
123,,0.0004425048828125,1.3619384765625,20869,0.3288431167602539,0.0370674729347229,0.008707652799785137,,,
123,,0.0004425048828125,1.484954833984375,20879,0.19237303733825684,0.03659936040639877,0.005320567637681961,,,
123,,0.0004425048828125,1.1498565673828125,20889,0.22221803665161133,0.03427252173423767,0.004795278422534466,,,
123,,0.0004425048828125,1.318817138671875,20899,0.12808847427368164,0.03017120249569416,0.002927538938820362,,,
123,,0.0004425048828125,0.9776458740234375,20909,0.16577935218811035,0.030246015638113022,0.003540978068485856,,,
123,,0.0004425048828125,1.5487518310546875,20919,0.08681154251098633,0.03199004754424095,0.0028751189820468426,,,
123,,0.0004425048828125,1.095794677734375,20929,0.2656540870666504,0.03416543826460838,0.00567570049315691,,,
123,,0.0004425048828125,1.202178955078125,20939,0.2238311767578125,0.03576531261205673,0.004784625023603439,,,
123,,0.0004425048828125,1.2891693115234375,20949,0.3149731159210205,0.0399191714823246,0.009280398488044739,,,
123,,,,20955,,,,0.1412965953350067,0.04952950403094292,0.005660840775817633
,0.0005,,,20956,,,,,,
124,,0.0004425048828125,1.2026214599609375,20959,0.24187874794006348,0.044807132333517075,0.006471183151006699,,,
124,,0.0004425048828125,1.6160430908203125,20969,0.40973496437072754,0.04078738018870354,0.011678751558065414,,,
124,,0.0004425048828125,1.0662078857421875,20979,0.1834728717803955,0.03790242224931717,0.0048196460120379925,,,
124,,0.0004425048828125,1.48828125,20989,0.12603068351745605,0.03438512608408928,0.0031529092229902744,,,
124,,0.0004425048828125,1.0760040283203125,20999,0.2560091018676758,0.04284488037228584,0.006421023979783058,,,
124,,0.0004425048828125,1.1586151123046875,21009,0.22875380516052246,0.04024213179945946,0.0061494698747992516,,,
124,,0.0004425048828125,1.2002716064453125,21019,0.13465452194213867,0.03877842053771019,0.003404015675187111,,,
124,,0.0004425048828125,1.1083221435546875,21029,0.11720991134643555,0.03864007070660591,0.0034304698929190636,,,
124,,0.0004425048828125,1.35003662109375,21039,0.06725335121154785,0.03289155289530754,0.002178024500608444,,,
124,,0.0004425048828125,1.319183349609375,21049,0.0807042121887207,0.032319214195013046,0.002158182440325618,,,
124,,0.0004425048828125,1.2619171142578125,21059,0.10430383682250977,0.031097838655114174,0.0021595139987766743,,,
124,,0.0004425048828125,1.166748046875,21069,0.03372049331665039,0.03279424458742142,0.001878368784673512,,,
124,,0.0004425048828125,1.4900665283203125,21079,0.02692556381225586,0.0301625095307827,0.0015648819971829653,,,
124,,0.0004425048828125,1.0472412109375,21089,0.09344863891601562,0.030555855482816696,0.0019799661822617054,,,
124,,0.0004425048828125,1.4627838134765625,21099,0.09207367897033691,0.026867223903536797,0.0016957807820290327,,,
124,,0.0004425048828125,1.30908203125,21109,0.2763099670410156,0.03428278863430023,0.006891048047691584,,,
124,,0.0004425048828125,1.30548095703125,21119,0.3709282875061035,0.040894173085689545,0.010064889676868916,,,
124,,,,21124,,,,0.12998604774475098,0.05257008224725723,0.005670082289725542
,0.0005,,,21125,,,,,,
125,,0.0004425048828125,1.3532562255859375,21129,0.1360156536102295,0.05298880115151405,0.005774693563580513,,,
125,,0.0004425048828125,1.356964111328125,21139,0.06056642532348633,0.04080725461244583,0.003430612850934267,,,
125,,0.0004425048828125,1.0805816650390625,21149,0.1098477840423584,0.03580739349126816,0.0028180042281746864,,,
125,,0.0004425048828125,1.22357177734375,21159,0.1571652889251709,0.03031017817556858,0.0027843336574733257,,,
125,,0.0004425048828125,1.2951202392578125,21169,0.13654828071594238,0.0334998220205307,0.002819435903802514,,,
125,,0.0004425048828125,1.4615631103515625,21179,0.07334089279174805,0.030169518664479256,0.0017774405423551798,,,
125,,0.0004425048828125,1.1374359130859375,21189,0.2979247570037842,0.03597891703248024,0.007315115071833134,,,
125,,0.0004425048828125,1.3246612548828125,21199,0.1164236068725586,0.03238137066364288,0.0025642223190516233,,,
125,,0.0004425048828125,1.562042236328125,21209,0.2609124183654785,0.05047695338726044,0.008825365453958511,,,
125,,0.0004425048828125,1.2198028564453125,21219,0.3742504119873047,0.04570475593209267,0.010482661426067352,,,
125,,0.0004425048828125,1.1148681640625,21229,0.036412954330444336,0.041952669620513916,0.0030182702466845512,,,
125,,0.0004425048828125,1.3351898193359375,21239,0.20532894134521484,0.04318930581212044,0.005524706095457077,,,
125,,0.0004425048828125,1.1711883544921875,21249,0.25740838050842285,0.03859572857618332,0.006653883960098028,,,
125,,0.0004425048828125,1.1135406494140625,21259,0.21696233749389648,0.04160336032509804,0.005374939180910587,,,
125,,0.0004425048828125,1.300201416015625,21269,0.18384957313537598,0.04123541712760925,0.004693483933806419,,,
125,,0.0004425048828125,1.3250732421875,21279,0.051598310470581055,0.04281610995531082,0.003216478042304516,,,
125,,0.0004425048828125,1.18133544921875,21289,0.23129868507385254,0.0344865620136261,0.005463919136673212,,,
125,,,,21293,,,,0.21015159785747528,0.04027652367949486,0.005610904656350613
,0.0005,,,21294,,,,,,
126,,0.0004425048828125,1.3680572509765625,21299,0.10805368423461914,0.03276393935084343,0.002651257673278451,,,
126,,0.0004425048828125,1.303741455078125,21309,0.2946004867553711,0.03156975656747818,0.006045609712600708,,,
126,,0.0004425048828125,1.3840484619140625,21319,0.28756046295166016,0.03624093160033226,0.006436812225729227,,,
126,,0.0004425048828125,1.244384765625,21329,0.1643214225769043,0.041247040033340454,0.004307132679969072,,,
126,,0.0004425048828125,1.65386962890625,21339,0.08290672302246094,0.04172674939036369,0.0034146676771342754,,,
126,,0.0004425048828125,1.244415283203125,21349,0.1585679054260254,0.031125148758292198,0.0030985178891569376,,,
126,,0.0004425048828125,1.0985107421875,21359,0.3322474956512451,0.0383215956389904,0.00878348108381033,,,
126,,0.0004425048828125,0.986480712890625,21369,0.4959430694580078,0.03420545905828476,0.017526093870401382,,,
126,,0.0004425048828125,1.16668701171875,21379,0.19617557525634766,0.04254912585020065,0.0062911114655435085,,,
126,,0.0004425048828125,1.284759521484375,21389,0.11394762992858887,0.04346230998635292,0.004094845615327358,,,
126,,0.0004425048828125,1.4465789794921875,21399,0.08258867263793945,0.03365671634674072,0.002325041452422738,,,
126,,0.0004425048828125,1.54425048828125,21409,0.1592392921447754,0.03452422842383385,0.0038960634265094995,,,
126,,0.0004425048828125,1.5120697021484375,21419,0.07267284393310547,0.032257355749607086,0.0020695049315690994,,,
126,,0.0004425048828125,1.5312957763671875,21429,0.1409163475036621,0.026985587552189827,0.0022649625316262245,,,
126,,0.0004425048828125,1.232879638671875,21439,0.04895782470703125,0.028646863996982574,0.0016028763493523002,,,
126,,0.0004425048828125,1.3436126708984375,21449,0.3179314136505127,0.03684256598353386,0.008609797805547714,,,
126,,0.0004425048828125,1.303802490234375,21459,0.08382201194763184,0.037043794989585876,0.0027922927401959896,,,
126,,,,21462,,,,0.09059526771306992,0.03967314213514328,0.0032814021687954664
,0.0005,,,21463,,,,,,
127,,0.0004425048828125,1.3703460693359375,21469,0.12149739265441895,0.03395159915089607,0.00277339038439095,,,
127,,0.0004425048828125,1.27471923828125,21479,0.1163487434387207,0.030855873599648476,0.0023109198082238436,,,
127,,0.0004425048828125,1.3103790283203125,21489,0.07136154174804688,0.03422969579696655,0.002261357381939888,,,
127,,0.0004425048828125,1.462432861328125,21499,0.03598594665527344,0.027261966839432716,0.0012933502439409494,,,
127,,0.0004425048828125,1.0283203125,21509,0.061631202697753906,0.026390286162495613,0.0014450708404183388,,,
127,,0.0004425048828125,1.2019500732421875,21519,0.4384651184082031,0.032089345157146454,0.013170884922146797,,,
127,,0.0004425048828125,1.2289886474609375,21529,0.30942392349243164,0.03872789442539215,0.007780592422932386,,,
127,,0.0004425048828125,1.2572174072265625,21539,0.31030869483947754,0.06977200508117676,0.014140955172479153,,,
127,,0.0004425048828125,1.199737548828125,21549,0.6791486740112305,0.05581134185194969,0.02862108126282692,,,
127,,0.0004425048828125,1.247406005859375,21559,0.15731072425842285,0.05217600613832474,0.006049425341188908,,,
127,,0.0004425048828125,1.225006103515625,21569,0.4408435821533203,0.04798775166273117,0.020960764959454536,,,
127,,0.0004425048828125,1.2439727783203125,21579,0.7579870223999023,0.0710526630282402,0.0379173569381237,,,
127,,0.0004425048828125,1.285858154296875,21589,0.879638671875,0.06101367250084877,0.057654961943626404,,,
127,,0.0004425048828125,1.2320404052734375,21599,0.19572234153747559,0.054578881710767746,0.007160063832998276,,,
127,,0.0004425048828125,1.68194580078125,21609,0.12935757637023926,0.04073834419250488,0.004210419952869415,,,
127,,0.0004425048828125,1.68048095703125,21619,0.1138458251953125,0.03558570519089699,0.0027864903677254915,,,
127,,0.0004425048828125,1.0987701416015625,21629,0.061934471130371094,0.03325404226779938,0.0020488793961703777,,,
127,,,,21631,,,,0.04478832334280014,0.0386105552315712,0.002662202576175332
,0.0005,,,21632,,,,,,
128,,0.0004425048828125,1.2817840576171875,21639,0.07823872566223145,0.034940455108881,0.0024902252480387688,,,
128,,0.0004425048828125,1.641448974609375,21649,0.05389094352722168,0.028071893379092216,0.00147231575101614,,,
128,,0.0004425048828125,1.1822967529296875,21659,0.10061120986938477,0.026880886405706406,0.002279807347804308,,,
128,,0.0004425048828125,1.4207305908203125,21669,0.2607431411743164,0.033885467797517776,0.0056334747932851315,,,
128,,0.0004425048828125,1.217010498046875,21679,0.1994631290435791,0.033362794667482376,0.004057302605360746,,,
128,,0.0004425048828125,1.201263427734375,21689,0.3336358070373535,0.03459853678941727,0.0077054621651768684,,,
128,,0.0004425048828125,1.3319549560546875,21699,0.1105198860168457,0.03686182200908661,0.002924415748566389,,,
128,,0.0004425048828125,1.3972015380859375,21709,0.08452177047729492,0.03344476595520973,0.002323186956346035,,,
128,,0.0004425048828125,1.4236907958984375,21719,0.3016204833984375,0.0495433583855629,0.009297966957092285,,,
128,,0.0004425048828125,1.217041015625,21729,0.3043341636657715,0.08459144085645676,0.02222190611064434,,,
128,,0.0004425048828125,1.1382293701171875,21739,0.7309975624084473,0.09052308648824692,0.05378977209329605,,,
128,,0.0004425048828125,1.6456756591796875,21749,0.19851255416870117,0.09083380550146103,0.020288120955228806,,,
128,,0.0004425048828125,1.1572418212890625,21759,0.13826417922973633,0.05060310661792755,0.005700250156223774,,,
128,,0.0004425048828125,1.03973388671875,21769,0.4777951240539551,0.04647452384233475,0.015267256647348404,,,
128,,0.0004425048828125,1.4283294677734375,21779,0.021944046020507812,0.04167504236102104,0.0028605631086975336,,,
128,,0.0004425048828125,1.29095458984375,21789,0.14650297164916992,0.04002087935805321,0.003838689997792244,,,
128,,0.0004425048828125,1.3554534912109375,21799,0.03159952163696289,0.034203700721263885,0.002102644182741642,,,
128,,,,21800,,,,0.16517604887485504,0.04452091455459595,0.004996336530894041
,0.0005,,,21801,,,,,,
129,,0.0004425048828125,1.4512786865234375,21809,0.4646120071411133,0.04263971000909805,0.01663287729024887,,,
129,,0.0004425048828125,1.4127655029296875,21819,0.32756781578063965,0.0386437252163887,0.009732520207762718,,,
129,,0.0004425048828125,1.30206298828125,21829,0.14513754844665527,0.037312716245651245,0.003845351515337825,,,
129,,0.0004425048828125,1.208770751953125,21839,0.04418015480041504,0.03713557869195938,0.00245925085619092,,,
129,,0.0004425048828125,1.253814697265625,21849,0.049463748931884766,0.029545774683356285,0.0016579169314354658,,,
129,,0.0004425048828125,1.2799835205078125,21859,0.08119559288024902,0.030974259600043297,0.0020582755096256733,,,
129,,0.0004425048828125,1.2591552734375,21869,0.17638492584228516,0.033125292509794235,0.003781682811677456,,,
129,,0.0004425048828125,1.68304443359375,21879,0.11519622802734375,0.03095567226409912,0.002276415005326271,,,
129,,0.0004425048828125,0.9744110107421875,21889,0.09557199478149414,0.029228923842310905,0.002452452899888158,,,
129,,0.0004425048828125,1.3624725341796875,21899,0.0649714469909668,0.02951309084892273,0.0017339983023703098,,,
129,,0.0004425048828125,1.336517333984375,21909,0.07279133796691895,0.030918512493371964,0.001994339283555746,,,
129,,0.0004425048828125,1.5142059326171875,21919,0.058235883712768555,0.028073720633983612,0.0015115089481696486,,,
129,,0.0004425048828125,1.235260009765625,21929,0.47791147232055664,0.030516285449266434,0.01525895670056343,,,
129,,0.0004425048828125,1.286041259765625,21939,0.3271818161010742,0.04063798487186432,0.00951337069272995,,,
129,,0.0004425048828125,1.601806640625,21949,0.9231526851654053,0.06308837234973907,0.05552637204527855,,,
129,,0.0004425048828125,1.380645751953125,21959,0.3503756523132324,0.04985348880290985,0.01226162537932396,,,
129,,0.0004425048828125,0.96533203125,21969,0.1801300048828125,0.039965152740478516,0.004443190060555935,,,
129,,,,21969,,,,0.4243026673793793,0.04635833576321602,0.014510633423924446
,0.0005,,,21970,,,,,,
130,,0.0004425048828125,1.3876953125,21979,0.5681796073913574,0.03747435659170151,0.019948741421103477,,,
130,,0.0004425048828125,1.1211700439453125,21989,0.1385197639465332,0.036391481757164,0.00320983724668622,,,
130,,0.0004425048828125,1.1352691650390625,21999,0.05065131187438965,0.03607431799173355,0.0023303786292672157,,,
130,,0.0004425048828125,1.5238189697265625,22009,0.20942163467407227,0.03597210347652435,0.004522495437413454,,,
130,,0.0004425048828125,1.1888580322265625,22019,0.2600057125091553,0.03644965961575508,0.006138179451227188,,,
130,,0.0004425048828125,1.340179443359375,22029,0.28574299812316895,0.040647462010383606,0.007153041660785675,,,
130,,0.0004425048828125,1.262542724609375,22039,0.07658863067626953,0.04320394620299339,0.003351524006575346,,,
130,,0.0004425048828125,1.2747955322265625,22049,0.25736427307128906,0.03654984012246132,0.005648029036819935,,,
130,,0.0004425048828125,1.631500244140625,22059,0.14216375350952148,0.030251123011112213,0.002582562156021595,,,
130,,0.0004425048828125,1.6365814208984375,22069,0.11360478401184082,0.032957497984170914,0.0025057164020836353,,,
130,,0.0004425048828125,1.272918701171875,22079,0.09349441528320312,0.034304432570934296,0.0027823974378407,,,
130,,0.0004425048828125,1.2550048828125,22089,0.04060554504394531,0.028203152120113373,0.001461585983633995,,,
130,,0.0004425048828125,1.2107696533203125,22099,0.27555036544799805,0.031758666038513184,0.005805639550089836,,,
130,,0.0004425048828125,1.1388702392578125,22109,0.11872553825378418,0.032014600932598114,0.002753382083028555,,,
130,,0.0004425048828125,1.46527099609375,22119,0.2544240951538086,0.03746006637811661,0.008066452108323574,,,
130,,0.0004425048828125,1.2770538330078125,22129,0.1673600673675537,0.049785029143095016,0.006979191210120916,,,
130,,,,22138,,,,0.4675460755825043,0.04964977130293846,0.015859218314290047
,0.0005,,,22139,,,,,,
131,,0.0004425048828125,1.4218292236328125,22139,0.42809367179870605,0.043872151523828506,0.014565613120794296,,,
131,,0.0004425048828125,1.385986328125,22149,0.32286643981933594,0.05423196032643318,0.010819033719599247,,,
131,,0.0004425048828125,1.4712677001953125,22159,0.29827260971069336,0.049649063497781754,0.00887332297861576,,,
131,,0.0004425048828125,1.5293121337890625,22169,0.10413765907287598,0.061553020030260086,0.008103139698505402,,,
131,,0.0004425048828125,0.996856689453125,22179,0.30395960807800293,0.0641779899597168,0.012354802340269089,,,
131,,0.0004425048828125,1.5457763671875,22189,0.19664788246154785,0.0440351665019989,0.006138076074421406,,,
131,,0.0004425048828125,1.272125244140625,22199,0.1294384002685547,0.0393826961517334,0.003477800637483597,,,
131,,0.0004425048828125,1.1392059326171875,22209,0.061483144760131836,0.04421753063797951,0.003778852289542556,,,
131,,0.0004425048828125,1.34490966796875,22219,0.08671164512634277,0.03847623988986015,0.00290642399340868,,,
131,,0.0004425048828125,1.22149658203125,22229,0.10921978950500488,0.032799407839775085,0.0025907112285494804,,,
131,,0.0004425048828125,1.166748046875,22239,0.056060791015625,0.028990600258111954,0.0015819447580724955,,,
131,,0.0004425048828125,1.573577880859375,22249,0.3684101104736328,0.03362959995865822,0.009501887485384941,,,
131,,0.0004425048828125,1.385833740234375,22259,0.1994469165802002,0.036051955074071884,0.004767010919749737,,,
131,,0.0004425048828125,1.47698974609375,22269,0.12111783027648926,0.03307660296559334,0.0028281903360038996,,,
131,,0.0004425048828125,1.392578125,22279,0.10795235633850098,0.030777854844927788,0.002461510943248868,,,
131,,0.0004425048828125,1.315826416015625,22289,0.0430450439453125,0.02716515213251114,0.0013279488775879145,,,
131,,0.0004425048828125,1.2328338623046875,22299,0.27973437309265137,0.028752651065587997,0.005359253846108913,,,
131,,,,22307,,,,0.26179906725883484,0.0375884585082531,0.006406568922102451
,0.0005,,,22308,,,,,,
132,,0.0004425048828125,1.2647247314453125,22309,0.05144143104553223,0.03472881391644478,0.0022043013013899326,,,
132,,0.0004425048828125,1.320556640625,22319,0.2821681499481201,0.03863275796175003,0.007428993005305529,,,
132,,0.0004425048828125,1.256927490234375,22329,0.07051897048950195,0.035861581563949585,0.0026006698608398438,,,
132,,0.0004425048828125,1.2893829345703125,22339,0.19820928573608398,0.033265236765146255,0.003926611505448818,,,
132,,0.0004425048828125,1.4615631103515625,22349,0.17376422882080078,0.028916308656334877,0.0029642190784215927,,,
132,,0.0004425048828125,1.556427001953125,22359,0.23804569244384766,0.0313199982047081,0.004961928352713585,,,
132,,0.0004425048828125,1.8557281494140625,22369,0.3265950679779053,0.03833338990807533,0.008170902729034424,,,
132,,0.0004425048828125,1.307403564453125,22379,0.09418988227844238,0.039274051785469055,0.003008570522069931,,,
132,,0.0004425048828125,1.746917724609375,22389,0.17287325859069824,0.030999131500720978,0.004009121563285589,,,
132,,0.0004425048828125,1.409942626953125,22399,0.09952449798583984,0.028942471370100975,0.001896006753668189,,,
132,,0.0004425048828125,1.1033477783203125,22409,0.1370563507080078,0.030195914208889008,0.002765785437077284,,,
132,,0.0004425048828125,1.1704559326171875,22419,0.18660831451416016,0.026500249281525612,0.002869216725230217,,,
132,,0.0004425048828125,1.15179443359375,22429,0.506887674331665,0.03586434945464134,0.015442200936377048,,,
132,,0.0004425048828125,1.5778656005859375,22439,0.3684804439544678,0.04295007884502411,0.009958489798009396,,,
132,,0.0004425048828125,1.2262420654296875,22449,0.58168625831604,0.046448301523923874,0.02067076601088047,,,
132,,0.0004425048828125,1.2279815673828125,22459,0.29341626167297363,0.04435214027762413,0.007717004977166653,,,
132,,0.0004425048828125,1.2786865234375,22469,0.23630738258361816,0.032315075397491455,0.006239843554794788,,,
132,,,,22476,,,,0.14399835467338562,0.04213234782218933,0.004155627451837063
,0.0005,,,22477,,,,,,
133,,0.0004425048828125,1.356689453125,22479,0.372544527053833,0.03774970397353172,0.009906957857310772,,,
133,,0.0004425048828125,1.5648956298828125,22489,0.419605016708374,0.04129926115274429,0.012349385768175125,,,
133,,0.0004425048828125,1.0317535400390625,22499,0.15224885940551758,0.04822363704442978,0.005512189120054245,,,
133,,0.0004425048828125,1.557708740234375,22509,0.20016932487487793,0.047598883509635925,0.0059321001172065735,,,
133,,0.0004425048828125,1.1108245849609375,22519,0.7957696914672852,0.04593685269355774,0.04040350764989853,,,
133,,0.0004425048828125,1.343658447265625,22529,0.21378302574157715,0.0423499159514904,0.005788343492895365,,,
133,,0.0004425048828125,1.2895050048828125,22539,0.17820453643798828,0.043484486639499664,0.005358068272471428,,,
133,,0.0004425048828125,1.3530731201171875,22549,0.13916373252868652,0.03566794469952583,0.003235022071748972,,,
133,,0.0004425048828125,1.3882598876953125,22559,0.27412915229797363,0.03618317097425461,0.007339685223996639,,,
133,,0.0004425048828125,1.1771392822265625,22569,0.14521193504333496,0.03594418615102768,0.003251480171456933,,,
133,,0.0004425048828125,0.7923736572265625,22579,0.11013460159301758,0.0345352441072464,0.0029537128284573555,,,
133,,0.0004425048828125,1.031890869140625,22589,0.14708900451660156,0.031704578548669815,0.002955598058179021,,,
133,,0.0004425048828125,1.4000091552734375,22599,0.06515121459960938,0.03099280409514904,0.0018166720401495695,,,
133,,0.0004425048828125,1.096893310546875,22609,0.286679744720459,0.04048579931259155,0.007736698724329472,,,
133,,0.0004425048828125,1.096893310546875,22619,0.20638394355773926,0.037849053740501404,0.005320324096828699,,,
133,,0.0004425048828125,1.25482177734375,22629,0.17385244369506836,0.0366770476102829,0.003962425515055656,,,
133,,0.0004425048828125,1.374053955078125,22639,0.1824798583984375,0.031183501705527306,0.003826033789664507,,,
133,,,,22645,,,,0.2532657980918884,0.04296265169978142,0.007467506919056177
,0.0005,,,22646,,,,,,
134,,0.0004425048828125,1.32989501953125,22649,0.46957921981811523,0.04197780415415764,0.01590200513601303,,,
134,,0.0004425048828125,1.301055908203125,22659,0.489957332611084,0.03963521122932434,0.01906396821141243,,,
134,,0.0004425048828125,1.279296875,22669,0.44835329055786133,0.058557573705911636,0.015976782888174057,,,
134,,0.0004425048828125,1.3898773193359375,22679,0.23341083526611328,0.052547190338373184,0.007687331177294254,,,
134,,0.0004425048828125,1.7041473388671875,22689,0.1788630485534668,0.04645998403429985,0.005090025719255209,,,
134,,0.0004425048828125,1.164886474609375,22699,0.23143601417541504,0.04696124047040939,0.006650014780461788,,,
134,,0.0004425048828125,1.250396728515625,22709,0.2322542667388916,0.0432339683175087,0.006413157097995281,,,
134,,0.0004425048828125,1.0643310546875,22719,0.1767895221710205,0.03648610785603523,0.0044114068150520325,,,
134,,0.0004425048828125,1.452239990234375,22729,0.10056090354919434,0.03514977544546127,0.002604156732559204,,,
134,,0.0004425048828125,1.36236572265625,22739,0.23029661178588867,0.04153444990515709,0.005555885378271341,,,
134,,0.0004425048828125,1.5620880126953125,22749,0.17551493644714355,0.03713247552514076,0.004139235243201256,,,
134,,0.0004425048828125,1.4409942626953125,22759,0.055098772048950195,0.03993349149823189,0.0029051729943603277,,,
134,,0.0004425048828125,1.488372802734375,22769,0.1193244457244873,0.03652476891875267,0.0031087633688002825,,,
134,,0.0004425048828125,1.3592529296875,22779,0.023732662200927734,0.029716169461607933,0.001584271201863885,,,
134,,0.0004425048828125,1.241607666015625,22789,0.08076620101928711,0.032760776579380035,0.0022153842728585005,,,
134,,0.0004425048828125,1.12371826171875,22799,0.1599290370941162,0.032672662287950516,0.0032412768341600895,,,
134,,0.0004425048828125,1.0749664306640625,22809,0.10060477256774902,0.03275629132986069,0.002466506091877818,,,
134,,,,22814,,,,0.08743567019701004,0.03439664840698242,0.00251371250487864
,0.0005,,,22815,,,,,,
135,,0.0004425048828125,1.2751007080078125,22819,0.0744175910949707,0.02751523070037365,0.0016289536142721772,,,
135,,0.0004425048828125,1.32861328125,22829,0.11294937133789062,0.028358636423945427,0.002559039508923888,,,
135,,0.0004425048828125,1.4432220458984375,22839,0.13562965393066406,0.029551750048995018,0.0026157861575484276,,,
135,,0.0004425048828125,1.26300048828125,22849,0.10357522964477539,0.03164655715227127,0.0022401821333914995,,,
135,,0.0004425048828125,1.20684814453125,22859,0.0788722038269043,0.029192643240094185,0.0018225344829261303,,,
135,,0.0004425048828125,1.5033111572265625,22869,0.0992581844329834,0.031240493059158325,0.002378369215875864,,,
135,,0.0004425048828125,1.1483001708984375,22879,0.060585975646972656,0.028087172657251358,0.0015515568666160107,,,
135,,0.0004425048828125,1.4483489990234375,22889,0.10549139976501465,0.025963610038161278,0.0017721557524055243,,,
135,,0.0004425048828125,1.1242828369140625,22899,0.08911776542663574,0.029737625271081924,0.002070039976388216,,,
135,,0.0004425048828125,1.3745269775390625,22909,0.06471395492553711,0.03101053275167942,0.0018713362514972687,,,
135,,0.0004425048828125,1.3028717041015625,22919,0.04333043098449707,0.027629228308796883,0.0013676780508831143,,,
135,,0.0004425048828125,1.3208770751953125,22929,0.14963102340698242,0.03177077695727348,0.002825914416462183,,,
135,,0.0004425048828125,1.199554443359375,22939,0.15312790870666504,0.029081057757139206,0.0027744430117309093,,,
135,,0.0004425048828125,1.22674560546875,22949,0.08869743347167969,0.026802919805049896,0.0017238114960491657,,,
135,,0.0004425048828125,1.31365966796875,22959,0.0466303825378418,0.027753328904509544,0.0015587969683110714,,,
135,,0.0004425048828125,1.3429107666015625,22969,0.0571286678314209,0.027737943455576897,0.0016073740553110838,,,
135,,0.0004425048828125,1.3404083251953125,22979,0.08858823776245117,0.029078273102641106,0.0018772189505398273,,,
135,,,,22983,,,,0.053548164665699005,0.03443830832839012,0.002170501509681344
,0.0005,,,22984,,,,,,
136,,0.0004425048828125,1.394744873046875,22989,0.049152374267578125,0.028015315532684326,0.0014252137625589967,,,
136,,0.0004425048828125,1.1527099609375,22999,0.023773670196533203,0.02417462132871151,0.0009857957484200597,,,
136,,0.0004425048828125,1.042327880859375,23009,0.04563021659851074,0.027416717261075974,0.0014115049270913005,,,
136,,0.0004425048828125,1.0442352294921875,23019,0.13463473320007324,0.024981243535876274,0.0021658020559698343,,,
136,,0.0004425048828125,1.3816070556640625,23029,0.16566991806030273,0.02507113479077816,0.0024556247517466545,,,
136,,0.0004425048828125,1.588409423828125,23039,0.13552451133728027,0.028377097100019455,0.0024722397793084383,,,
136,,0.0004425048828125,1.5079345703125,23049,0.23401808738708496,0.03817031532526016,0.005478543229401112,,,
136,,0.0004425048828125,1.5348358154296875,23059,0.46062445640563965,0.04398887977004051,0.018657585605978966,,,
136,,0.0004425048828125,1.4569549560546875,23069,0.22020387649536133,0.048373281955718994,0.006309724412858486,,,
136,,0.0004425048828125,1.552001953125,23079,0.29553699493408203,0.05561685934662819,0.009632310830056667,,,
136,,0.0004425048828125,1.1123046875,23089,0.1713850498199463,0.043214116245508194,0.004687806125730276,,,
136,,0.0004425048828125,1.3026580810546875,23099,0.2434988021850586,0.03408481925725937,0.006301046349108219,,,
136,,0.0004425048828125,1.42889404296875,23109,0.1561295986175537,0.039492178708314896,0.003936569206416607,,,
136,,0.0004425048828125,1.08428955078125,23119,0.24195075035095215,0.037846293300390244,0.0055039916187524796,,,
136,,0.0004425048828125,1.22265625,23129,0.2008957862854004,0.03428996726870537,0.0041346922516822815,,,
136,,0.0004425048828125,1.1983795166015625,23139,0.04912424087524414,0.031981222331523895,0.0018874509260058403,,,
136,,0.0004425048828125,1.6103515625,23149,0.24391651153564453,0.02925143577158451,0.004529647529125214,,,
136,,,,23152,,,,0.45714300870895386,0.03690613433718681,0.014312154613435268
,0.0005,,,23153,,,,,,
137,,0.0004425048828125,1.3462066650390625,23159,0.41980743408203125,0.029546109959483147,0.01455809734761715,,,
137,,0.0004425048828125,1.3084259033203125,23169,0.3492743968963623,0.04402865096926689,0.009851611219346523,,,
137,,0.0004425048828125,0.9936065673828125,23179,0.08324527740478516,0.034041501581668854,0.0022563801612704992,,,
137,,0.0004425048828125,1.220855712890625,23189,0.22256946563720703,0.03286528214812279,0.00505787692964077,,,
137,,0.0004425048828125,1.301300048828125,23199,0.32111620903015137,0.03551054373383522,0.008128528483211994,,,
137,,0.0004425048828125,1.2936859130859375,23209,0.07564544677734375,0.036027953028678894,0.002548425691202283,,,
137,,0.0004425048828125,1.2001495361328125,23219,0.20551228523254395,0.03331422433257103,0.0042567066848278046,,,
137,,0.0004425048828125,1.5863494873046875,23229,0.12246465682983398,0.031636036932468414,0.0026438659988343716,,,
137,,0.0004425048828125,1.5395355224609375,23239,0.1488785743713379,0.028594715520739555,0.002743534976616502,,,
137,,0.0004425048828125,1.432373046875,23249,0.14933371543884277,0.029045801609754562,0.002759138820692897,,,
137,,0.0004425048828125,1.57647705078125,23259,0.025432586669921875,0.029597902670502663,0.0014935699291527271,,,
137,,0.0004425048828125,1.4803009033203125,23269,0.0779256820678711,0.029672769829630852,0.001816159812733531,,,
137,,0.0004425048828125,1.438690185546875,23279,0.058034420013427734,0.027649812400341034,0.0015280998777598143,,,
137,,0.0004425048828125,1.602294921875,23289,0.026275634765625,0.029874347150325775,0.0015718045178800821,,,
137,,0.0004425048828125,1.2598724365234375,23299,0.04134345054626465,0.030923735350370407,0.0017565663438290358,,,
137,,0.0004425048828125,1.27557373046875,23309,0.10918045043945312,0.029110057279467583,0.0021035345271229744,,,
137,,0.0004425048828125,1.6335906982421875,23319,0.12990856170654297,0.026798751205205917,0.0022922703064978123,,,
137,,,,23321,,,,0.15255063772201538,0.03352493420243263,0.0033027189783751965
,0.0005,,,23322,,,,,,
138,,0.0004425048828125,1.218353271484375,23329,0.08833003044128418,0.029765358194708824,0.0018615721492096782,,,
138,,0.0004425048828125,1.577972412109375,23339,0.024051666259765625,0.02786758355796337,0.0012864340096712112,,,
138,,0.0004425048828125,1.5264129638671875,23349,0.05473923683166504,0.027906890958547592,0.001496502896770835,,,
138,,0.0004425048828125,1.5264129638671875,23359,0.08113527297973633,0.027409352362155914,0.0019795738626271486,,,
138,,0.0004425048828125,1.3280792236328125,23369,0.0608363151550293,0.02756435051560402,0.0014509584289044142,,,
138,,0.0004425048828125,1.254150390625,23379,0.0575258731842041,0.027266884222626686,0.001460412866435945,,,
138,,0.0004425048828125,1.2044677734375,23389,0.18312549591064453,0.02718053013086319,0.0030677556060254574,,,
138,,0.0004425048828125,1.2697906494140625,23399,0.20035743713378906,0.027095550671219826,0.003277166746556759,,,
138,,0.0004425048828125,1.411590576171875,23409,0.15187311172485352,0.026178017258644104,0.0026500290259718895,,,
138,,0.0004425048828125,1.3531646728515625,23419,0.1834883689880371,0.02624686248600483,0.0036267791874706745,,,
138,,0.0004425048828125,1.18170166015625,23429,0.10020780563354492,0.034790992736816406,0.002559567801654339,,,
138,,0.0004425048828125,1.5888519287109375,23439,0.16692757606506348,0.041307199746370316,0.004504237789660692,,,
138,,0.0004425048828125,1.20751953125,23449,0.2948422431945801,0.04747558757662773,0.00858938880264759,,,
138,,0.0004425048828125,1.233917236328125,23459,0.07387399673461914,0.0500333271920681,0.004440417513251305,,,
138,,0.0004425048828125,1.371826171875,23469,0.13585925102233887,0.03873533010482788,0.003523830324411392,,,
138,,0.0004425048828125,1.735137939453125,23479,0.09405326843261719,0.03688869625329971,0.0028128810226917267,,,
138,,0.0004425048828125,1.6676788330078125,23489,0.1345973014831543,0.029591478407382965,0.0025600409135222435,,,
138,,,,23490,,,,0.11023251712322235,0.0399666465818882,0.0034726127050817013
,0.0005,,,23491,,,,,,
139,,0.0004425048828125,1.0587158203125,23499,0.43624091148376465,0.0324590690433979,0.012279435992240906,,,
139,,0.0004425048828125,1.346466064453125,23509,0.05209517478942871,0.0367296077311039,0.0023472565226256847,,,
139,,0.0004425048828125,1.586181640625,23519,0.17490410804748535,0.04097307473421097,0.0047846948727965355,,,
139,,0.0004425048828125,1.30731201171875,23529,0.141998291015625,0.037971656769514084,0.0033892837818711996,,,
139,,0.0004425048828125,0.8277587890625,23539,0.0710906982421875,0.03583703190088272,0.002446733647957444,,,
139,,0.0004425048828125,1.1868896484375,23549,0.16525053977966309,0.03742475435137749,0.003911805339157581,,,
139,,0.0004425048828125,1.66925048828125,23559,0.20512080192565918,0.0358995757997036,0.00441058911383152,,,
139,,0.0004425048828125,1.2629547119140625,23569,0.0728607177734375,0.03174133598804474,0.001904610195197165,,,
139,,0.0004425048828125,1.317657470703125,23579,0.32652997970581055,0.029467187821865082,0.007277572527527809,,,
139,,0.0004425048828125,1.258758544921875,23589,0.08478212356567383,0.02793082222342491,0.0018242087680846453,,,
139,,0.0004425048828125,1.294586181640625,23599,0.25548744201660156,0.02683858945965767,0.004700600169599056,,,
139,,0.0004425048828125,1.1075439453125,23609,0.06493687629699707,0.03334761783480644,0.0022789903450757265,,,
139,,0.0004425048828125,1.185211181640625,23619,0.08604192733764648,0.031972188502550125,0.00221820967271924,,,
139,,0.0004425048828125,1.1467132568359375,23629,0.04463768005371094,0.0363037995994091,0.0023189159110188484,,,
139,,0.0004425048828125,1.67144775390625,23639,0.18466591835021973,0.03266863152384758,0.00416265893727541,,,
139,,0.0004425048828125,1.699127197265625,23649,0.11099052429199219,0.02778920717537403,0.0019204465206712484,,,
139,,0.0004425048828125,1.176849365234375,23659,0.04969978332519531,0.027897575870156288,0.0014134123921394348,,,
139,,,,23659,,,,0.05005883425474167,0.0340125747025013,0.0021174924913793802
,0.0005,,,23660,,,,,,
140,,0.0004425048828125,1.4890594482421875,23669,0.1306595802307129,0.027299292385578156,0.002039730316027999,,,
140,,0.0004425048828125,1.2002410888671875,23679,0.08974480628967285,0.02734893187880516,0.0017681980971246958,,,
140,,0.0004425048828125,1.682342529296875,23689,0.29671311378479004,0.030738864094018936,0.006772586144506931,,,
140,,0.0004425048828125,1.24609375,23699,0.1446840763092041,0.0329727977514267,0.002859661355614662,,,
140,,0.0004425048828125,1.318084716796875,23709,0.2689189910888672,0.03239879012107849,0.007237796206027269,,,
140,,0.0004425048828125,1.180908203125,23719,0.3421649932861328,0.047959305346012115,0.010009721852838993,,,
140,,0.0004425048828125,1.2518463134765625,23729,0.19145464897155762,0.050502073019742966,0.006653236225247383,,,
140,,0.0004425048828125,1.3587646484375,23739,0.27388858795166016,0.04274463281035423,0.0073373885825276375,,,
140,,0.0004425048828125,1.1391448974609375,23749,0.14057254791259766,0.0455799363553524,0.004623703192919493,,,
140,,0.0004425048828125,1.616790771484375,23759,0.09887337684631348,0.04168466851115227,0.0037101239431649446,,,
140,,0.0004425048828125,1.2313690185546875,23769,0.1873159408569336,0.03453170880675316,0.0037799584679305553,,,
140,,0.0004425048828125,1.6270294189453125,23779,0.011204957962036133,0.032828934490680695,0.0017840228974819183,,,
140,,0.0004425048828125,1.333831787109375,23789,0.05142331123352051,0.029294010251760483,0.0016541026998311281,,,
140,,0.0004425048828125,1.18597412109375,23799,0.13848018646240234,0.03099580854177475,0.003085935255512595,,,
140,,0.0004425048828125,1.254791259765625,23809,0.15879273414611816,0.03314023092389107,0.0038445652462542057,,,
140,,0.0004425048828125,1.1821441650390625,23819,0.0982823371887207,0.030148200690746307,0.0021796280052512884,,,
140,,,,23828,,,,0.28855401277542114,0.03662509098649025,0.007871865294873714
,0.0005,,,23829,,,,,,
141,,0.0004425048828125,1.212310791015625,23829,0.23651766777038574,0.028411636129021645,0.0055543724447488785,,,
141,,0.0004425048828125,1.171112060546875,23839,0.36646580696105957,0.03424936160445213,0.008914814330637455,,,
141,,0.0004425048828125,1.4029083251953125,23849,0.20124292373657227,0.03662297874689102,0.004286190494894981,,,
141,,0.0004425048828125,1.3069000244140625,23859,0.5048372745513916,0.03701328486204147,0.0175393708050251,,,
141,,0.0004425048828125,1.3582763671875,23869,0.20447897911071777,0.03719386085867882,0.004910596646368504,,,
141,,0.0004425048828125,1.1420440673828125,23879,0.051909446716308594,0.044134609401226044,0.003941365052014589,,,
141,,0.0004425048828125,1.2490081787109375,23889,0.07668399810791016,0.03751615807414055,0.002790754195302725,,,
141,,0.0004425048828125,1.2667083740234375,23899,0.17822742462158203,0.04398136958479881,0.004682544618844986,,,
141,,0.0004425048828125,1.1014556884765625,23909,0.13820791244506836,0.040995482355356216,0.004901070147752762,,,
141,,0.0004425048828125,1.629364013671875,23919,0.05352282524108887,0.03694204241037369,0.002586367540061474,,,
141,,0.0004425048828125,1.629364013671875,23929,0.07893061637878418,0.031121382489800453,0.002009602030739188,,,
141,,0.0004425048828125,1.6293792724609375,23939,0.06942486763000488,0.031843625009059906,0.0020251539535820484,,,
141,,0.0004425048828125,1.3142852783203125,23949,0.181687593460083,0.03608296439051628,0.004213337320834398,,,
141,,0.0004425048828125,1.22503662109375,23959,0.29184913635253906,0.04266747832298279,0.007795292884111404,,,
141,,0.0004425048828125,1.3543548583984375,23969,0.17173409461975098,0.04220885410904884,0.005120724439620972,,,
141,,0.0004425048828125,1.27490234375,23979,0.07604598999023438,0.036905549466609955,0.002837195759639144,,,
141,,0.0004425048828125,1.484771728515625,23989,0.36782193183898926,0.04551616683602333,0.010685306042432785,,,
141,,,,23997,,,,0.19732747972011566,0.05764590948820114,0.008378993719816208
,0.0005,,,23998,,,,,,
142,,0.0004425048828125,1.0136260986328125,23999,0.10739874839782715,0.0397409088909626,0.0032952672336250544,,,
142,,0.0004425048828125,1.6261444091796875,24009,0.07925653457641602,0.04010855033993721,0.00316628348082304,,,
142,,0.0004425048828125,1.4068145751953125,24019,0.18974089622497559,0.043862879276275635,0.0055060796439647675,,,
142,,0.0004425048828125,1.414154052734375,24029,0.17829370498657227,0.042043376713991165,0.004652288276702166,,,
142,,0.0004425048828125,1.3252410888671875,24039,0.0744621753692627,0.03846382722258568,0.002824830822646618,,,
142,,0.0004425048828125,1.3394927978515625,24049,0.03577303886413574,0.03262455761432648,0.001829787390306592,,,
142,,0.0004425048828125,1.141937255859375,24059,0.2569718360900879,0.03161139786243439,0.0050115445628762245,,,
142,,0.0004425048828125,1.3071441650390625,24069,0.37561607360839844,0.034592557698488235,0.010572611354291439,,,
142,,0.0004425048828125,1.2198944091796875,24079,0.11621713638305664,0.032659564167261124,0.002562333829700947,,,
142,,0.0004425048828125,1.2764129638671875,24089,0.45923566818237305,0.04177170246839523,0.016497936099767685,,,
142,,0.0004425048828125,1.2909088134765625,24099,0.06205034255981445,0.03561098128557205,0.0023991367779672146,,,
142,,0.0004425048828125,1.469024658203125,24109,0.030134916305541992,0.031196177005767822,0.0016430274117738008,,,
142,,0.0004425048828125,1.182647705078125,24119,0.09209966659545898,0.02722279541194439,0.0018233521841466427,,,
142,,0.0004425048828125,1.282501220703125,24129,0.04164838790893555,0.029617790132761,0.001616300200112164,,,
142,,0.0004425048828125,1.227752685546875,24139,0.07063913345336914,0.02545441873371601,0.001328040612861514,,,
142,,0.0004425048828125,1.31036376953125,24149,0.055893898010253906,0.03142377734184265,0.0017995679518207908,,,
142,,0.0004425048828125,1.21466064453125,24159,0.04520368576049805,0.026540085673332214,0.0012953052064403892,,,
142,,,,24166,,,,0.05653345584869385,0.0345047265291214,0.0022651844192296267
,0.0005,,,24167,,,,,,
143,,0.0004425048828125,1.39398193359375,24169,0.0476832389831543,0.029035795480012894,0.0014895428903400898,,,
143,,0.0004425048828125,1.448638916015625,24179,0.05582594871520996,0.025222137570381165,0.0012620664201676846,,,
143,,0.0004425048828125,1.3600616455078125,24189,0.15349459648132324,0.024196555837988853,0.002323462162166834,,,
143,,0.0004425048828125,1.6997833251953125,24199,0.12644624710083008,0.02908466011285782,0.0022038761526346207,,,
143,,0.0004425048828125,1.2318115234375,24209,0.07705831527709961,0.030972924083471298,0.0019317112164571881,,,
143,,0.0004425048828125,1.1869049072265625,24219,0.06927323341369629,0.028193803504109383,0.0016487253597006202,,,
143,,0.0004425048828125,1.203521728515625,24229,0.08425283432006836,0.02886924333870411,0.001876509515568614,,,
143,,0.0004425048828125,1.504852294921875,24239,0.1538374423980713,0.02799764648079872,0.002680476289242506,,,
143,,0.0004425048828125,1.3161468505859375,24249,0.05868220329284668,0.02851822040975094,0.0015394468791782856,,,
143,,0.0004425048828125,1.3243408203125,24259,0.02583789825439453,0.02591567113995552,0.0011434326879680157,,,
143,,0.0004425048828125,1.234771728515625,24269,0.07429885864257812,0.024636274203658104,0.001388855860568583,,,
143,,0.0004425048828125,1.29974365234375,24279,0.13191938400268555,0.022978337481617928,0.001913627376779914,,,
143,,0.0004425048828125,1.1933441162109375,24289,0.4582834243774414,0.0516645722091198,0.015154670923948288,,,
143,,0.0004425048828125,1.6588592529296875,24299,0.1077125072479248,0.04134957492351532,0.003629873041063547,,,
143,,0.0004425048828125,1.2874755859375,24309,0.1315479278564453,0.047276243567466736,0.005126557778567076,,,
143,,0.0004425048828125,1.2039031982421875,24319,0.0960841178894043,0.04089878872036934,0.003105982905253768,,,
143,,0.0004425048828125,1.278289794921875,24329,0.22626280784606934,0.05025379732251167,0.0070797051303088665,,,
143,,,,24335,,,,0.13585269451141357,0.044567789882421494,0.0045098550617694855
,0.0005,,,24336,,,,,,
144,,0.0004425048828125,1.4232025146484375,24339,0.04590177536010742,0.037319719791412354,0.002352282404899597,,,
144,,0.0004425048828125,1.2994537353515625,24349,0.06945276260375977,0.03356826305389404,0.002281507709994912,,,
144,,0.0004425048828125,1.3509063720703125,24359,0.06508159637451172,0.03190263360738754,0.0019825859926640987,,,
144,,0.0004425048828125,1.335540771484375,24369,0.11053228378295898,0.03016413375735283,0.002434257883578539,,,
144,,0.0004425048828125,1.2267913818359375,24379,0.12047433853149414,0.030945351347327232,0.0024271048605442047,,,
144,,0.0004425048828125,1.32012939453125,24389,0.1512298583984375,0.03348206728696823,0.0029931520111858845,,,
144,,0.0004425048828125,1.2762451171875,24399,0.3724031448364258,0.03482391685247421,0.010254285298287868,,,
144,,0.0004425048828125,1.2941131591796875,24409,0.19482946395874023,0.03411894664168358,0.0045489058829844,,,
144,,0.0004425048828125,1.3075103759765625,24419,0.04497218132019043,0.03061324916779995,0.0017043391708284616,,,
144,,0.0004425048828125,1.2164306640625,24429,0.06408214569091797,0.030128398910164833,0.0018133639823645353,,,
144,,0.0004425048828125,1.1944427490234375,24439,0.10989117622375488,0.02997507154941559,0.0021495858673006296,,,
144,,0.0004425048828125,1.1366729736328125,24449,0.13559627532958984,0.030564086511731148,0.0024427566677331924,,,
144,,0.0004425048828125,1.2276763916015625,24459,0.08294486999511719,0.03464284911751747,0.002433318877592683,,,
144,,0.0004425048828125,1.267425537109375,24469,0.16103053092956543,0.037721071392297745,0.003958453889936209,,,
144,,0.0004425048828125,1.143402099609375,24479,0.1923360824584961,0.036024902015924454,0.0041266512125730515,,,
144,,0.0004425048828125,1.292816162109375,24489,0.07508134841918945,0.03161955997347832,0.0022294556256383657,,,
144,,0.0004425048828125,1.41259765625,24499,0.09500288963317871,0.028886599466204643,0.0020017654169350863,,,
144,,,,24504,,,,0.10125798732042313,0.03539212420582771,0.002702448982745409
,0.0005,,,24505,,,,,,
145,,0.0004425048828125,0.9436798095703125,24509,0.041785240173339844,0.029429074376821518,0.0014828572748228908,,,
145,,0.0004425048828125,1.1110992431640625,24519,0.3002173900604248,0.028770076110959053,0.005915709771215916,,,
145,,0.0004425048828125,1.2632598876953125,24529,0.13666820526123047,0.02679804340004921,0.0021742205135524273,,,
145,,0.0004425048828125,1.2541961669921875,24539,0.24908971786499023,0.029376089572906494,0.00464373966678977,,,
145,,0.0004425048828125,1.2932281494140625,24549,0.27086329460144043,0.032744888216257095,0.0056267473846673965,,,
145,,0.0004425048828125,1.2646484375,24559,0.3156554698944092,0.030256550759077072,0.010388877242803574,,,
145,,0.0004425048828125,1.636260986328125,24569,0.6171023845672607,0.03671462833881378,0.02206682227551937,,,
145,,0.0004425048828125,0.995147705078125,24579,0.5836391448974609,0.06331975013017654,0.025297606363892555,,,
145,,0.0004425048828125,0.9496612548828125,24589,0.6549324989318848,0.0540301576256752,0.029380377382040024,,,
145,,0.0004425048828125,1.336517333984375,24599,0.35604405403137207,0.0474153533577919,0.012049910612404346,,,
145,,0.0004425048828125,1.3122406005859375,24609,0.30806565284729004,0.03993384912610054,0.0092794643715024,,,
145,,0.0004425048828125,1.195343017578125,24619,0.032327890396118164,0.0418860949575901,0.002932762959972024,,,
145,,0.0004425048828125,1.3224945068359375,24629,0.6868038177490234,0.04461923614144325,0.029722226783633232,,,
145,,0.0004425048828125,1.578125,24639,0.5526633262634277,0.04929295927286148,0.0194924958050251,,,
145,,0.0004425048828125,1.2680511474609375,24649,0.09190869331359863,0.052262160927057266,0.005152265541255474,,,
145,,0.0004425048828125,1.0347442626953125,24659,0.12752580642700195,0.03745467960834503,0.0032765138894319534,,,
145,,0.0004425048828125,1.292388916015625,24669,0.2172098159790039,0.038438353687524796,0.0053406888619065285,,,
145,,,,24673,,,,0.14352743327617645,0.039911869913339615,0.0041481065563857555
,0.0005,,,24674,,,,,,
146,,0.0004425048828125,1.53643798828125,24679,0.08199167251586914,0.03446388989686966,0.002358559751883149,,,
146,,0.0004425048828125,1.3950042724609375,24689,0.26026463508605957,0.03329000249505043,0.006005250848829746,,,
146,,0.0004425048828125,1.576019287109375,24699,0.20239996910095215,0.0330587700009346,0.004097622819244862,,,
146,,0.0004425048828125,1.2746429443359375,24709,0.07440018653869629,0.033905990421772,0.002372087212279439,,,
146,,0.0004425048828125,1.0502777099609375,24719,0.10562777519226074,0.0332796648144722,0.0023652813397347927,,,
146,,0.0004425048828125,1.1981964111328125,24729,0.07997870445251465,0.04492544010281563,0.0035285488702356815,,,
146,,0.0004425048828125,1.6376953125,24739,0.11612987518310547,0.04002134129405022,0.003417988307774067,,,
146,,0.0004425048828125,1.1775360107421875,24749,0.18627524375915527,0.03505441173911095,0.004092120565474033,,,
146,,0.0004425048828125,1.190216064453125,24759,0.0324249267578125,0.029192546382546425,0.001519693061709404,,,
146,,0.0004425048828125,1.478729248046875,24769,0.07913064956665039,0.03309079259634018,0.0021549242082983255,,,
146,,0.0004425048828125,1.1350250244140625,24779,0.10939693450927734,0.02838282100856304,0.0022660433314740658,,,
146,,0.0004425048828125,1.2361297607421875,24789,0.15813636779785156,0.028516093268990517,0.002574683167040348,,,
146,,0.0004425048828125,1.1923980712890625,24799,0.02084493637084961,0.02459309995174408,0.000999924843199551,,,
146,,0.0004425048828125,1.2005157470703125,24809,0.12603354454040527,0.026411445811390877,0.0023222966119647026,,,
146,,0.0004425048828125,1.2060699462890625,24819,0.054172515869140625,0.027720147743821144,0.0014325830852612853,,,
146,,0.0004425048828125,1.28338623046875,24829,0.07740187644958496,0.03399987891316414,0.0023611767683178186,,,
146,,0.0004425048828125,1.4163970947265625,24839,0.09444475173950195,0.03569646552205086,0.002661094767972827,,,
146,,,,24842,,,,0.15593881905078888,0.03661529719829559,0.0038907318376004696
,0.0005,,,24843,,,,,,
147,,0.0004425048828125,1.0850830078125,24849,0.1909646987915039,0.030278131365776062,0.0033193896524608135,,,
147,,0.0004425048828125,1.61993408203125,24859,0.1967027187347412,0.0398414172232151,0.00465473672375083,,,
147,,0.0004425048828125,1.5181732177734375,24869,0.3295738697052002,0.03984646499156952,0.008219173178076744,,,
147,,0.0004425048828125,1.352081298828125,24879,0.2122211456298828,0.0438382662832737,0.0054833972826600075,,,
147,,0.0004425048828125,1.142242431640625,24889,0.16303610801696777,0.036213748157024384,0.0036628288216888905,,,
147,,0.0004425048828125,1.587799072265625,24899,0.4119441509246826,0.039219945669174194,0.010990582406520844,,,
147,,0.0004425048828125,1.5701141357421875,24909,0.38097500801086426,0.03352686017751694,0.011264782398939133,,,
147,,0.0004425048828125,1.4572296142578125,24919,0.40100765228271484,0.04182156175374985,0.013295309618115425,,,
147,,0.0004425048828125,1.078857421875,24929,0.24397993087768555,0.0368165522813797,0.005370740778744221,,,
147,,0.0004425048828125,1.2517547607421875,24939,0.30191993713378906,0.035442106425762177,0.007237141951918602,,,
147,,0.0004425048828125,1.3768157958984375,24949,0.4518148899078369,0.06766550242900848,0.01871255785226822,,,
147,,0.0004425048828125,1.0306396484375,24959,0.12677335739135742,0.05022419989109039,0.005214331671595573,,,
147,,0.0004425048828125,1.244232177734375,24969,0.23714900016784668,0.04909127578139305,0.007440872490406036,,,
147,,0.0004425048828125,1.5278778076171875,24979,0.10978460311889648,0.03794393315911293,0.003422332927584648,,,
147,,0.0004425048828125,1.402801513671875,24989,0.07396411895751953,0.031206881627440453,0.0021915819961577654,,,
147,,0.0004425048828125,1.3580169677734375,24999,0.08785200119018555,0.028377965092658997,0.0018557473085820675,,,
147,,0.0004425048828125,1.281951904296875,25009,0.033566951751708984,0.028876012191176414,0.0015279811341315508,,,
147,,,,25011,,,,0.036405015736818314,0.032693419605493546,0.0018554840935394168
,0.0005,,,25012,,,,,,
148,,0.0004425048828125,1.3803863525390625,25019,0.14754700660705566,0.026864122599363327,0.0028868040535598993,,,
148,,0.0004425048828125,1.2984771728515625,25029,0.12448358535766602,0.02804006263613701,0.002125874161720276,,,
148,,0.0004425048828125,1.3956756591796875,25039,0.4714474678039551,0.030893253162503242,0.012986264191567898,,,
148,,0.0004425048828125,1.4713897705078125,25049,0.4298543930053711,0.03222658112645149,0.012916560284793377,,,
148,,0.0004425048828125,1.23760986328125,25059,0.6705658435821533,0.037829186767339706,0.04421332851052284,,,
148,,0.0004425048828125,1.69921875,25069,0.47051525115966797,0.05213060602545738,0.017615634948015213,,,
148,,0.0004425048828125,1.1852874755859375,25079,0.4075591564178467,0.0692707970738411,0.01883305236697197,,,
148,,0.0004425048828125,1.2457733154296875,25089,0.405458927154541,0.054471615701913834,0.0137935234233737,,,
148,,0.0004425048828125,1.1572418212890625,25099,0.3607487678527832,0.04178178310394287,0.01040884479880333,,,
148,,0.0004425048828125,1.564178466796875,25109,0.5778801441192627,0.04469137266278267,0.022536668926477432,,,
148,,0.0004425048828125,1.598602294921875,25119,0.5383577346801758,0.06314285099506378,0.020339345559477806,,,
148,,0.0004425048828125,1.1075286865234375,25129,0.2661271095275879,0.055124033242464066,0.009381541050970554,,,
148,,0.0004425048828125,1.16656494140625,25139,0.18315339088439941,0.04500691220164299,0.0053242468275129795,,,
148,,0.0004425048828125,0.9114227294921875,25149,0.3983891010284424,0.041946474462747574,0.013111557811498642,,,
148,,0.0004425048828125,1.3458709716796875,25159,0.448650598526001,0.03858698531985283,0.014035720378160477,,,
148,,0.0004425048828125,1.24627685546875,25169,0.33083200454711914,0.034864723682403564,0.00887544546276331,,,
148,,0.0004425048828125,1.2274322509765625,25179,0.41231250762939453,0.038733821362257004,0.013072583824396133,,,
148,,,,25180,,,,0.4697575867176056,0.04796415567398071,0.019357498735189438
,0.0005,,,25181,,,,,,
149,,0.0004425048828125,1.2192230224609375,25189,0.4968221187591553,0.04852363094687462,0.02007433772087097,,,
149,,0.0004425048828125,0.9961395263671875,25199,0.1319141387939453,0.04601709544658661,0.005203847773373127,,,
149,,0.0004425048828125,1.319549560546875,25209,0.2050018310546875,0.03476526215672493,0.00405223248526454,,,
149,,0.0004425048828125,1.1822052001953125,25219,0.3201568126678467,0.04575696960091591,0.010629242286086082,,,
149,,0.0004425048828125,1.433868408203125,25229,0.2460331916809082,0.04967596381902695,0.007962776347994804,,,
149,,0.0004425048828125,1.0920867919921875,25239,0.4230520725250244,0.03950852155685425,0.011917711235582829,,,
149,,0.0004425048828125,1.5854644775390625,25249,0.06987571716308594,0.04692036658525467,0.003972803242504597,,,
149,,0.0004425048828125,1.5302734375,25259,0.14012694358825684,0.07295787334442139,0.010174713097512722,,,
149,,0.0004425048828125,1.257537841796875,25269,0.390702486038208,0.054399874061346054,0.01488974504172802,,,
149,,0.0004425048828125,1.057891845703125,25279,0.28178834915161133,0.05484282970428467,0.00926424190402031,,,
149,,0.0004425048828125,1.2512054443359375,25289,0.08935809135437012,0.042954687029123306,0.0035515110939741135,,,
149,,0.0004425048828125,1.76922607421875,25299,0.09925007820129395,0.03674625605344772,0.0027882708236575127,,,
149,,0.0004425048828125,1.1241455078125,25309,0.062326908111572266,0.03271517902612686,0.0020895071793347597,,,
149,,0.0004425048828125,1.19915771484375,25319,0.1280672550201416,0.03033297508955002,0.002572357188910246,,,
149,,0.0004425048828125,1.530792236328125,25329,0.09021854400634766,0.030338797718286514,0.0019371735397726297,,,
149,,0.0004425048828125,1.1412200927734375,25339,0.19033288955688477,0.03080701269209385,0.0035660844296216965,,,
149,,0.0004425048828125,1.5653228759765625,25349,0.05443572998046875,0.02681812085211277,0.0014227416832000017,,,
149,,,,25349,,,,0.08751257508993149,0.03378641605377197,0.002481699688360095
,0.0005,,,25350,,,,,,
150,,0.0004425048828125,1.5838165283203125,25359,0.06279253959655762,0.027724914252758026,0.0018652856815606356,,,
150,,0.0004425048828125,1.295013427734375,25369,0.1499946117401123,0.025584150105714798,0.0023406068794429302,,,
150,,0.0004425048828125,1.6351318359375,25379,0.022182464599609375,0.026437077671289444,0.0011890782043337822,,,
150,,0.0004425048828125,1.04718017578125,25389,0.08518671989440918,0.02670620195567608,0.001790046226233244,,,
150,,0.0004425048828125,0.9763641357421875,25399,0.15091824531555176,0.028875118121504784,0.0028256443329155445,,,
150,,0.0004425048828125,1.616668701171875,25409,0.03670763969421387,0.024229079484939575,0.0010293576633557677,,,
150,,0.0004425048828125,1.3177032470703125,25419,0.13462376594543457,0.026772117242217064,0.002352965297177434,,,
150,,0.0004425048828125,1.21905517578125,25429,0.1107332706451416,0.029980376362800598,0.0021329722367227077,,,
150,,0.0004425048828125,1.6741180419921875,25439,0.09737944602966309,0.02621017023921013,0.0017269519157707691,,,
150,,0.0004425048828125,1.37249755859375,25449,0.16945433616638184,0.027260664850473404,0.0029094757046550512,,,
150,,0.0004425048828125,1.4679718017578125,25459,0.09566998481750488,0.02658947743475437,0.0017340981867164373,,,
150,,0.0004425048828125,1.1250762939453125,25469,0.22170567512512207,0.026914360001683235,0.003874800633639097,,,
150,,0.0004425048828125,1.417999267578125,25479,0.040932655334472656,0.027850322425365448,0.0013077977346256375,,,
150,,0.0004425048828125,1.350921630859375,25489,0.12134242057800293,0.030575813725590706,0.0023606372997164726,,,
150,,0.0004425048828125,1.42230224609375,25499,0.11186671257019043,0.028150441125035286,0.0021316686179488897,,,
150,,0.0004425048828125,1.31964111328125,25509,0.05467057228088379,0.02407943643629551,0.001123713213019073,,,
150,,,,25518,,,,0.05948197841644287,0.03505736589431763,0.00228629307821393
,0.0005,,,25519,,,,,,
151,,0.0004425048828125,1.2595977783203125,25519,0.06074047088623047,0.028056427836418152,0.0015374658396467566,,,
151,,0.0004425048828125,1.390594482421875,25529,0.1266012191772461,0.028052017092704773,0.0022175894118845463,,,
151,,0.0004425048828125,1.180267333984375,25539,0.24819421768188477,0.02561061829328537,0.0051445122808218,,,
151,,0.0004425048828125,1.500335693359375,25549,0.24472689628601074,0.03143048658967018,0.005152745638042688,,,
151,,0.0004425048828125,1.304779052734375,25559,0.3252091407775879,0.027033396065235138,0.0069869449362158775,,,
151,,0.0004425048828125,1.169952392578125,25569,0.053842782974243164,0.027707071974873543,0.0014497111551463604,,,
151,,0.0004425048828125,1.2329864501953125,25579,0.25397205352783203,0.028999613597989082,0.005390036851167679,,,
151,,0.0004425048828125,1.7121124267578125,25589,0.3851199150085449,0.041791826486587524,0.01022855844348669,,,
151,,0.0004425048828125,1.2298126220703125,25599,0.04899168014526367,0.035150617361068726,0.0022583112586289644,,,
151,,0.0004425048828125,1.169036865234375,25609,0.1420612335205078,0.0347738042473793,0.0031624622642993927,,,
151,,0.0004425048828125,1.7428741455078125,25619,0.1423196792602539,0.03468424826860428,0.0032944397535175085,,,
151,,0.0004425048828125,1.094268798828125,25629,0.09670877456665039,0.029606755822896957,0.0020373587030917406,,,
151,,0.0004425048828125,1.390655517578125,25639,0.06446504592895508,0.03017798252403736,0.001787251210771501,,,
151,,0.0004425048828125,1.004669189453125,25649,0.12440633773803711,0.027181709185242653,0.002067598979920149,,,
151,,0.0004425048828125,1.1844329833984375,25659,0.10601472854614258,0.02581404335796833,0.0016674173530191183,,,
151,,0.0004425048828125,1.31292724609375,25669,0.4736595153808594,0.035350073128938675,0.015615871176123619,,,
151,,0.0004425048828125,1.319427490234375,25679,0.15901803970336914,0.034681711345911026,0.0031352019868791103,,,
151,,,,25687,,,,0.33429011702537537,0.05468103662133217,0.011311777867376804
,0.0005,,,25688,,,,,,
152,,0.0004425048828125,1.418853759765625,25689,0.2683255672454834,0.04388267174363136,0.007403358817100525,,,
152,,0.0004425048828125,1.0389556884765625,25699,0.12607264518737793,0.038913268595933914,0.0037736264057457447,,,
152,,0.0004425048828125,1.6028900146484375,25709,0.11673474311828613,0.03828619420528412,0.0032049112487584352,,,
152,,0.0004425048828125,1.4167022705078125,25719,0.013901948928833008,0.03381016105413437,0.001966044306755066,,,
152,,0.0004425048828125,1.2681732177734375,25729,0.02878713607788086,0.026440918445587158,0.0011873992625623941,,,
152,,0.0004425048828125,1.1887969970703125,25739,0.0278167724609375,0.02519175410270691,0.0010881940834224224,,,
152,,0.0004425048828125,1.153961181640625,25749,0.07972836494445801,0.027702713385224342,0.0017047420842573047,,,
152,,0.0004425048828125,1.457244873046875,25759,0.02002692222595215,0.02645936980843544,0.0011527645401656628,,,
152,,0.0004425048828125,1.40399169921875,25769,0.10009050369262695,0.02289046160876751,0.0014017309295013547,,,
152,,0.0004425048828125,1.3609466552734375,25779,0.11035656929016113,0.028418244794011116,0.0019612733740359545,,,
152,,0.0004425048828125,1.2276153564453125,25789,0.18147802352905273,0.03079293668270111,0.003723801113665104,,,
152,,0.0004425048828125,1.1821136474609375,25799,0.20184874534606934,0.027355102822184563,0.003699291730299592,,,
152,,0.0004425048828125,1.1760101318359375,25809,0.10611605644226074,0.02740381471812725,0.0020270291715860367,,,
152,,0.0004425048828125,1.36358642578125,25819,0.06449317932128906,0.02706669643521309,0.0015838233521208167,,,
152,,0.0004425048828125,1.2828521728515625,25829,0.05999040603637695,0.027361229062080383,0.001433894271031022,,,
152,,0.0004425048828125,1.1342010498046875,25839,0.06377196311950684,0.02520333230495453,0.0013228857424110174,,,
152,,0.0004425048828125,1.288970947265625,25849,0.04454636573791504,0.026131941005587578,0.0012287255376577377,,,
152,,,,25856,,,,0.03781776502728462,0.031639084219932556,0.0018086608033627272
,0.0005,,,25857,,,,,,
153,,0.0004425048828125,1.0964813232421875,25859,0.10390520095825195,0.02638270892202854,0.0018307567806914449,,,
153,,0.0004425048828125,1.5426483154296875,25869,0.0798487663269043,0.022970886901021004,0.0012736269272863865,,,
153,,0.0004425048828125,1.4490814208984375,25879,0.06244087219238281,0.022019771859049797,0.001006861450150609,,,
153,,0.0004425048828125,1.217803955078125,25889,0.0812063217163086,0.0243625920265913,0.001462989253923297,,,
153,,0.0004425048828125,1.3991241455078125,25899,0.05413174629211426,0.0233206395059824,0.0010535609908401966,,,
153,,0.0004425048828125,1.218109130859375,25909,0.03235363960266113,0.022395888343453407,0.0008819763897918165,,,
153,,0.0004425048828125,1.2636566162109375,25919,0.08083701133728027,0.02526530623435974,0.0014144048327580094,,,
153,,0.0004425048828125,1.5113983154296875,25929,0.08400630950927734,0.024999482557177544,0.0014456568751484156,,,
153,,0.0004425048828125,1.26953125,25939,0.05268573760986328,0.023408392444252968,0.0010471520945429802,,,
153,,0.0004425048828125,1.617431640625,25949,0.08514881134033203,0.026160113513469696,0.0016676532104611397,,,
153,,0.0004425048828125,1.282470703125,25959,0.14578533172607422,0.024496590718626976,0.0020777431782335043,,,
153,,0.0004425048828125,1.2302093505859375,25969,0.2539215087890625,0.030532579869031906,0.004780762363225222,,,
153,,0.0004425048828125,1.14447021484375,25979,0.19408154487609863,0.030461585149168968,0.0038139568641781807,,,
153,,0.0004425048828125,1.6241607666015625,25989,0.31876468658447266,0.031019164249300957,0.006712505128234625,,,
153,,0.0004425048828125,1.3514556884765625,25999,0.029980897903442383,0.0331202931702137,0.0018096701242029667,,,
153,,0.0004425048828125,1.327239990234375,26009,0.27692604064941406,0.03504345193505287,0.0065497420728206635,,,
153,,0.0004425048828125,1.3089141845703125,26019,0.04093766212463379,0.04336802661418915,0.0033520993310958147,,,
153,,,,26025,,,,0.17287243902683258,0.04257304221391678,0.00476444698870182
,0.0005,,,26026,,,,,,
154,,0.0004425048828125,1.2852325439453125,26029,0.2082958221435547,0.032070644199848175,0.006107090972363949,,,
154,,0.0004425048828125,1.4150848388671875,26039,0.2332615852355957,0.036762602627277374,0.0049980864860117435,,,
154,,0.0004425048828125,1.0521697998046875,26049,0.1909332275390625,0.03843015432357788,0.004443544428795576,,,
154,,0.0004425048828125,1.34173583984375,26059,0.34774208068847656,0.05140401050448418,0.012178441509604454,,,
154,,0.0004425048828125,1.2375335693359375,26069,0.10090804100036621,0.05068512633442879,0.005649251863360405,,,
154,,0.0004425048828125,1.21661376953125,26079,0.23689889907836914,0.038773681968450546,0.00585467042401433,,,
154,,0.0004425048828125,1.3482818603515625,26089,0.21196269989013672,0.033044781535863876,0.004478168673813343,,,
154,,0.0004425048828125,1.4871826171875,26099,0.39217209815979004,0.037770792841911316,0.010078411549329758,,,
154,,0.0004425048828125,1.4458770751953125,26109,0.0699622631072998,0.033321648836135864,0.002083241706714034,,,
154,,0.0004425048828125,1.266387939453125,26119,0.12584257125854492,0.027380215004086494,0.002151926513761282,,,
154,,0.0004425048828125,1.5254669189453125,26129,0.07988762855529785,0.026686567813158035,0.0015557048609480262,,,
154,,0.0004425048828125,1.3005218505859375,26139,0.11109256744384766,0.027562858536839485,0.0021144545171409845,,,
154,,0.0004425048828125,1.262939453125,26149,0.32108640670776367,0.027864189818501472,0.007448479067534208,,,
154,,0.0004425048828125,1.2645263671875,26159,0.12284207344055176,0.03369166702032089,0.002797017339617014,,,
154,,0.0004425048828125,1.457794189453125,26169,0.07787632942199707,0.02968720719218254,0.001882640179246664,,,
154,,0.0004425048828125,1.4660491943359375,26179,0.06566858291625977,0.02383447252213955,0.0012718612561002374,,,
154,,0.0004425048828125,1.2676239013671875,26189,0.04265284538269043,0.028330743312835693,0.001500386861152947,,,
154,,,,26194,,,,0.0954580083489418,0.03188079968094826,0.0022999700158834457
,0.0005,,,26195,,,,,,
155,,0.0004425048828125,1.5024566650390625,26199,0.06857156753540039,0.025473659858107567,0.0013794769765809178,,,
155,,0.0004425048828125,1.1655426025390625,26209,0.06879305839538574,0.02482985332608223,0.001400311361066997,,,
155,,0.0004425048828125,1.3436737060546875,26219,0.02947545051574707,0.024155842140316963,0.0009926342172548175,,,
155,,0.0004425048828125,1.21160888671875,26229,0.02262258529663086,0.02650364115834236,0.0012236670590937138,,,
155,,0.0004425048828125,1.3474273681640625,26239,0.10879778861999512,0.026655977591872215,0.0017577237449586391,,,
155,,0.0004425048828125,1.2724761962890625,26249,0.09066486358642578,0.020920177921652794,0.0011234869016334414,,,
155,,0.0004425048828125,1.2089996337890625,26259,0.11366724967956543,0.025766456499695778,0.0019080974161624908,,,
155,,0.0004425048828125,1.2559661865234375,26269,0.05435538291931152,0.022277910262346268,0.0010553927859291434,,,
155,,0.0004425048828125,1.8145294189453125,26279,0.10127925872802734,0.02240964211523533,0.0013740763533860445,,,
155,,0.0004425048828125,1.254791259765625,26289,0.2911865711212158,0.033067744225263596,0.0060722860507667065,,,
155,,0.0004425048828125,1.34210205078125,26299,0.09288501739501953,0.027563894167542458,0.0018630598206073046,,,
155,,0.0004425048828125,1.1890716552734375,26309,0.0933845043182373,0.027612820267677307,0.0018157968297600746,,,
155,,0.0004425048828125,1.522674560546875,26319,0.039728641510009766,0.0289426501840353,0.001549950917251408,,,
155,,0.0004425048828125,1.3515472412109375,26329,0.09763169288635254,0.025634100660681725,0.001701074535958469,,,
155,,0.0004425048828125,1.2724609375,26339,0.07676267623901367,0.027434583753347397,0.001600109040737152,,,
155,,0.0004425048828125,1.2319793701171875,26349,0.07137942314147949,0.025633390992879868,0.0014265538193285465,,,
155,,0.0004425048828125,1.34075927734375,26359,0.034845829010009766,0.022410474717617035,0.0008776207687333226,,,
155,,,,26363,,,,0.1017887219786644,0.03077009692788124,0.002335465047508478
,0.0005,,,26364,,,,,,
156,,0.0004425048828125,1.231597900390625,26369,0.09911084175109863,0.024389224126935005,0.001613157568499446,,,
156,,0.0004425048828125,1.44354248046875,26379,0.06030750274658203,0.02152983844280243,0.0008940314874053001,,,
156,,0.0004425048828125,1.54205322265625,26389,0.022309064865112305,0.02502652257680893,0.0010903077200055122,,,
156,,0.0004425048828125,1.6687469482421875,26399,0.04882526397705078,0.022502008825540543,0.0009836854878813028,,,
156,,0.0004425048828125,1.2422943115234375,26409,0.04987525939941406,0.02398533932864666,0.0011208526557311416,,,
156,,0.0004425048828125,1.3913726806640625,26419,0.06421184539794922,0.025442641228437424,0.0013783773174509406,,,
156,,0.0004425048828125,1.5275421142578125,26429,0.09202146530151367,0.022493239492177963,0.0013713770313188434,,,
156,,0.0004425048828125,1.5275421142578125,26439,0.0647726058959961,0.02552604489028454,0.001256000017747283,,,
156,,0.0004425048828125,1.1024627685546875,26449,0.04235363006591797,0.02847239375114441,0.0014547520549967885,,,
156,,0.0004425048828125,1.244781494140625,26459,0.07347631454467773,0.03231899067759514,0.001986413961276412,,,
156,,0.0004425048828125,1.55804443359375,26469,0.0381922721862793,0.02250809408724308,0.0009270255686715245,,,
156,,0.0004425048828125,1.4283294677734375,26479,0.1345653533935547,0.024973787367343903,0.001961593283340335,,,
156,,0.0004425048828125,1.3729248046875,26489,0.33080148696899414,0.03015192225575447,0.015047190710902214,,,
156,,0.0004425048828125,1.331878662109375,26499,0.1882185935974121,0.04436163231730461,0.005944204982370138,,,
156,,0.0004425048828125,1.127105712890625,26509,0.27466559410095215,0.03938852250576019,0.007572261616587639,,,
156,,0.0004425048828125,1.508880615234375,26519,0.01425623893737793,0.040000054985284805,0.0026096992660313845,,,
156,,0.0004425048828125,1.2544403076171875,26529,0.30791425704956055,0.041218388825654984,0.008225562982261181,,,
156,,,,26532,,,,0.07774686068296432,0.046333808451890945,0.004384741652756929
,0.0005,,,26533,,,,,,
157,,0.0004425048828125,1.12481689453125,26539,0.1775667667388916,0.03921397030353546,0.00434031942859292,,,
157,,0.0004425048828125,1.1676025390625,26549,0.08069562911987305,0.03287912905216217,0.002033202676102519,,,
157,,0.0004425048828125,1.164947509765625,26559,0.05622720718383789,0.0391194187104702,0.002909202827140689,,,
157,,0.0004425048828125,1.1657257080078125,26569,0.11755609512329102,0.03083006478846073,0.0024392239283770323,,,
157,,0.0004425048828125,1.1934967041015625,26579,0.5172510147094727,0.034237489104270935,0.018284402787685394,,,
157,,0.0004425048828125,1.2385711669921875,26589,0.32445836067199707,0.03199625387787819,0.007845847867429256,,,
157,,0.0004425048828125,1.3712615966796875,26599,0.381178617477417,0.031080422922968864,0.011235765181481838,,,
157,,0.0004425048828125,1.322845458984375,26609,0.7615261077880859,0.05619799718260765,0.054466456174850464,,,
157,,0.0004425048828125,1.2295684814453125,26619,0.554593563079834,0.06013175845146179,0.022026147693395615,,,
157,,0.0004425048828125,1.253570556640625,26629,0.14860749244689941,0.052246395498514175,0.0062475609593093395,,,
157,,0.0004425048828125,1.6174163818359375,26639,0.18933320045471191,0.06035585701465607,0.010348822921514511,,,
157,,0.0004425048828125,1.1114349365234375,26649,0.05948185920715332,0.0420098640024662,0.003319723065942526,,,
157,,0.0004425048828125,1.2851409912109375,26659,0.037210941314697266,0.03545474633574486,0.0022325743921101093,,,
157,,0.0004425048828125,1.306427001953125,26669,0.02435755729675293,0.029699187725782394,0.0015899894060567021,,,
157,,0.0004425048828125,1.0622100830078125,26679,0.06699419021606445,0.026027316227555275,0.0013822787441313267,,,
157,,0.0004425048828125,1.2156982421875,26689,0.10881876945495605,0.029495852068066597,0.002130304928869009,,,
157,,0.0004425048828125,1.3272705078125,26699,0.07656550407409668,0.027148321270942688,0.0015688479179516435,,,
157,,,,26701,,,,0.1729796975851059,0.03425227850675583,0.003851504297927022
,0.0005,,,26702,,,,,,
158,,0.0004425048828125,1.2513275146484375,26709,0.21677398681640625,0.02884713001549244,0.004390764981508255,,,
158,,0.0004425048828125,1.513092041015625,26719,0.37250447273254395,0.03431101515889168,0.009577328339219093,,,
158,,0.0004425048828125,0.9859619140625,26729,0.2885921001434326,0.03969353437423706,0.006894131191074848,,,
158,,0.0004425048828125,1.0188751220703125,26739,0.06981658935546875,0.03764922916889191,0.0024694623425602913,,,
158,,0.0004425048828125,1.289154052734375,26749,0.08747696876525879,0.031517766416072845,0.002096653450280428,,,
158,,0.0004425048828125,1.3095703125,26759,0.07577800750732422,0.0293403472751379,0.0017659071600064635,,,
158,,0.0004425048828125,1.42071533203125,26769,0.06876993179321289,0.028929846361279488,0.0017474666237831116,,,
158,,0.0004425048828125,1.404693603515625,26779,0.16304826736450195,0.025308312848210335,0.0027518104761838913,,,
158,,0.0004425048828125,1.5624847412109375,26789,0.13340449333190918,0.028081340715289116,0.0024686637334525585,,,
158,,0.0004425048828125,1.178863525390625,26799,0.058646202087402344,0.02531321905553341,0.0012552759144455194,,,
158,,0.0004425048828125,1.207855224609375,26809,0.09448003768920898,0.028461381793022156,0.0018681841902434826,,,
158,,0.0004425048828125,1.217864990234375,26819,0.2166762351989746,0.02997102215886116,0.005190275609493256,,,
158,,0.0004425048828125,1.661102294921875,26829,0.1738595962524414,0.04803960770368576,0.006225442513823509,,,
158,,0.0004425048828125,1.17327880859375,26839,0.0673062801361084,0.04338894411921501,0.0035108712036162615,,,
158,,0.0004425048828125,1.5366363525390625,26849,0.25963449478149414,0.043534670025110245,0.007358802482485771,,,
158,,0.0004425048828125,1.56817626953125,26859,0.3738861083984375,0.048235904425382614,0.010919827036559582,,,
158,,0.0004425048828125,1.051513671875,26869,0.3632655143737793,0.04072442278265953,0.010118150152266026,,,
158,,,,26870,,,,0.2491605430841446,0.04629623517394066,0.00833000335842371
,0.0005,,,26871,,,,,,
159,,0.0004425048828125,1.340789794921875,26879,0.18155384063720703,0.03950649872422218,0.004464724101126194,,,
159,,0.0004425048828125,1.4153289794921875,26889,0.5699293613433838,0.033348843455314636,0.02077317051589489,,,
159,,0.0004425048828125,1.2442626953125,26899,0.19304585456848145,0.03774017095565796,0.00522622000426054,,,
159,,0.0004425048828125,1.121307373046875,26909,0.0778505802154541,0.036124542355537415,0.002439787844195962,,,
159,,0.0004425048828125,1.154052734375,26919,0.07082533836364746,0.042923253029584885,0.0034136115573346615,,,
159,,0.0004425048828125,1.27825927734375,26929,0.26300764083862305,0.03225663676857948,0.005901813507080078,,,
159,,0.0004425048828125,1.286895751953125,26939,0.18984031677246094,0.04080140218138695,0.004980431403964758,,,
159,,0.0004425048828125,1.43927001953125,26949,0.06376433372497559,0.042145464569330215,0.0035944744013249874,,,
159,,0.0004425048828125,1.621002197265625,26959,0.08797311782836914,0.039034660905599594,0.0030600836034864187,,,
159,,0.0004425048828125,1.314605712890625,26969,0.07526302337646484,0.034750670194625854,0.002310005947947502,,,
159,,0.0004425048828125,1.312042236328125,26979,0.07062387466430664,0.028455154970288277,0.0015657423064112663,,,
159,,0.0004425048828125,1.5216827392578125,26989,0.22857999801635742,0.03117523528635502,0.004518859554082155,,,
159,,0.0004425048828125,1.3808441162109375,26999,0.17705202102661133,0.02878686599433422,0.0032444042153656483,,,
159,,0.0004425048828125,1.19122314453125,27009,0.30081653594970703,0.041323691606521606,0.00884329155087471,,,
159,,0.0004425048828125,1.4720001220703125,27019,0.17773842811584473,0.04106122627854347,0.005053682252764702,,,
159,,0.0004425048828125,0.9834442138671875,27029,0.26351428031921387,0.04678429290652275,0.007737652398645878,,,
159,,0.0004425048828125,1.52166748046875,27039,0.10436376184225082,0.03200561925768852,0.0022584269754588604,,,
159,,,,27039,,,,0.048558108508586884,0.04356144741177559,0.003507262095808983
,0.0005,,,27040,,,,,,
160,,0.0004425048828125,1.276611328125,27049,0.05850028991699219,0.03445883467793465,0.0021950560621917248,,,
160,,0.0004425048828125,1.3855438232421875,27059,0.08742189407348633,0.026541516184806824,0.0015665855025872588,,,
160,,0.0004425048828125,1.0074615478515625,27069,0.08667922019958496,0.026538962498307228,0.0018149359384551644,,,
160,,0.0004425048828125,1.44659423828125,27079,0.13896417617797852,0.0305970199406147,0.0025429362431168556,,,
160,,0.0004425048828125,1.19293212890625,27089,0.04704689979553223,0.03211762756109238,0.0019069277914240956,,,
160,,0.0004425048828125,1.406219482421875,27099,0.1542496681213379,0.02808074839413166,0.003492289688438177,,,
160,,0.0004425048828125,1.212738037109375,27109,0.019419193267822266,0.023284781724214554,0.0009465193143114448,,,
160,,0.0004425048828125,1.248046875,27119,0.057688236236572266,0.0300906952470541,0.0016772168455645442,,,
160,,0.0004425048828125,1.3003997802734375,27129,0.08910012245178223,0.026489630341529846,0.0015986391808837652,,,
160,,0.0004425048828125,1.3833465576171875,27139,0.05409669876098633,0.02372356504201889,0.0011676506837829947,,,
160,,0.0004425048828125,1.331695556640625,27149,0.11667299270629883,0.02467959001660347,0.0016969275893643498,,,
160,,0.0004425048828125,1.420135498046875,27159,0.09022855758666992,0.029978560283780098,0.0021730144508183002,,,
160,,0.0004425048828125,1.420135498046875,27169,0.08732461929321289,0.02687200717628002,0.0015947287902235985,,,
160,,0.0004425048828125,1.2799224853515625,27179,0.12366676330566406,0.035923149436712265,0.003339245216920972,,,
160,,0.0004425048828125,1.3313446044921875,27189,0.21357440948486328,0.03520933538675308,0.00510129239410162,,,
160,,0.0004425048828125,1.2599334716796875,27199,0.10048866271972656,0.03399481624364853,0.002590983873233199,,,
160,,,,27208,,,,0.0583927147090435,0.03682537004351616,0.0024894883390516043
,0.0005,,,27209,,,,,,
161,,0.0004425048828125,1.30902099609375,27209,0.1133565902709961,0.03098311461508274,0.0023635090328752995,,,
161,,0.0004425048828125,1.1910247802734375,27219,0.023030519485473633,0.0324329249560833,0.0017705380450934172,,,
161,,0.0004425048828125,1.345245361328125,27229,0.11979389190673828,0.02894493006169796,0.0022262558341026306,,,
161,,0.0004425048828125,1.735015869140625,27239,0.3778111934661865,0.02914091758430004,0.008707321248948574,,,
161,,0.0004425048828125,1.4932708740234375,27249,0.07448363304138184,0.026942351832985878,0.0015018291305750608,,,
161,,0.0004425048828125,1.175201416015625,27259,0.0934762954711914,0.02812870778143406,0.002154592191800475,,,
161,,0.0004425048828125,1.3233489990234375,27269,0.054698944091796875,0.025341130793094635,0.0013224284630268812,,,
161,,0.0004425048828125,1.110321044921875,27279,0.10393285751342773,0.025492608547210693,0.0015896065160632133,,,
161,,0.0004425048828125,1.10986328125,27289,0.3042459487915039,0.028647858649492264,0.007987817749381065,,,
161,,0.0004425048828125,1.0702362060546875,27299,0.21416401863098145,0.0333002433180809,0.004372980445623398,,,
161,,0.0004425048828125,1.335479736328125,27309,0.22196340560913086,0.0315040647983551,0.004430375061929226,,,
161,,0.0004425048828125,1.1902618408203125,27319,0.7463550567626953,0.04685245826840401,0.03482697531580925,,,
161,,0.0004425048828125,1.6705780029296875,27329,0.18423867225646973,0.04398595914244652,0.0056937262415885925,,,
161,,0.0004425048828125,1.4733123779296875,27339,0.030347585678100586,0.039740048348903656,0.0027990504167973995,,,
161,,0.0004425048828125,1.1707305908203125,27349,0.07041406631469727,0.03861667215824127,0.002834334969520569,,,
161,,0.0004425048828125,1.06280517578125,27359,0.0517730712890625,0.03191937506198883,0.0020309099927544594,,,
161,,0.0004425048828125,1.51837158203125,27369,0.10087275505065918,0.02892313338816166,0.0019437884911894798,,,
161,,,,27377,,,,0.04847874864935875,0.033375877887010574,0.0020247106440365314
,0.0005,,,27378,,,,,,
162,,0.0004425048828125,1.4318695068359375,27379,0.09917902946472168,0.03036259114742279,0.0022521086502820253,,,
162,,0.0004425048828125,1.275146484375,27389,0.04449152946472168,0.027185887098312378,0.001364447525702417,,,
162,,0.0004425048828125,1.2188262939453125,27399,0.32939910888671875,0.027576474472880363,0.0068496777676045895,,,
162,,0.0004425048828125,1.16485595703125,27409,0.09243535995483398,0.03334244340658188,0.0025654667988419533,,,
162,,0.0004425048828125,1.1565704345703125,27419,0.1818556785583496,0.03430916368961334,0.0035853146109730005,,,
162,,0.0004425048828125,1.2183380126953125,27429,0.32420873641967773,0.03451481834053993,0.007652870379388332,,,
162,,0.0004425048828125,1.6088104248046875,27439,0.33942675590515137,0.04118109494447708,0.009977200999855995,,,
162,,0.0004425048828125,1.329864501953125,27449,0.25292468070983887,0.03481364995241165,0.00571046769618988,,,
162,,0.0004425048828125,1.265289306640625,27459,0.10296750068664551,0.030047642067074776,0.002123204292729497,,,
162,,0.0004425048828125,1.2450408935546875,27469,0.09086227416992188,0.03271457552909851,0.0023213266395032406,,,
162,,0.0004425048828125,1.2247161865234375,27479,0.043839454650878906,0.027756964787840843,0.0014293212443590164,,,
162,,0.0004425048828125,1.1822052001953125,27489,0.06800079345703125,0.025441741570830345,0.0013360162265598774,,,
162,,0.0004425048828125,1.25689697265625,27499,0.13005375862121582,0.03026493266224861,0.002485762583091855,,,
162,,0.0004425048828125,1.498443603515625,27509,0.12305092811584473,0.027570903301239014,0.0020923595875501633,,,
162,,0.0004425048828125,1.6626739501953125,27519,0.14814472198486328,0.02208254672586918,0.0025623179972171783,,,
162,,0.0004425048828125,1.2678680419921875,27529,0.09430074691772461,0.029063144698739052,0.0019295602105557919,,,
162,,0.0004425048828125,1.09783935546875,27539,0.2707700729370117,0.02878364734351635,0.005127864424139261,,,
162,,,,27546,,,,0.06740160286426544,0.03259162977337837,0.0021003929432481527
,0.0005,,,27547,,,,,,
163,,0.0004425048828125,1.3509063720703125,27549,0.08774733543395996,0.026763344183564186,0.0016006093937903643,,,
163,,0.0004425048828125,1.524627685546875,27559,0.06580662727355957,0.027755025774240494,0.0015985353384166956,,,
163,,0.0004425048828125,1.040924072265625,27569,0.08467364311218262,0.026460058987140656,0.0015840985579416156,,,
163,,0.0004425048828125,1.2984466552734375,27579,0.030353069305419922,0.0214399304240942,0.0007919740164652467,,,
163,,0.0004425048828125,1.14923095703125,27589,0.012660980224609375,0.01905142329633236,0.0005970210768282413,,,
163,,0.0004425048828125,1.21185302734375,27599,0.07224154472351074,0.023464027792215347,0.0012092620600014925,,,
163,,0.0004425048828125,1.3482513427734375,27609,0.044393062591552734,0.02174961194396019,0.0008556600078009069,,,
163,,0.0004425048828125,1.3319091796875,27619,0.12058377265930176,0.0296187624335289,0.003128303214907646,,,
163,,0.0004425048828125,1.1719818115234375,27629,0.29277515411376953,0.037517402321100235,0.006927163805812597,,,
163,,0.0004425048828125,1.2068939208984375,27639,0.0654592514038086,0.030344070866703987,0.001867950428277254,,,
163,,0.0004425048828125,1.276123046875,27649,0.1158139705657959,0.030208250507712364,0.002673169132322073,,,
163,,0.0004425048828125,1.3685455322265625,27659,0.07326054573059082,0.029504410922527313,0.0016507123364135623,,,
163,,0.0004425048828125,1.18133544921875,27669,0.14668798446655273,0.03267234191298485,0.0032570199109613895,,,
163,,0.0004425048828125,1.260498046875,27679,0.09328722953796387,0.035572949796915054,0.0028748626355081797,,,
163,,0.0004425048828125,1.2854156494140625,27689,0.09562253952026367,0.036657460033893585,0.0030297464691102505,,,
163,,0.0004425048828125,1.2639923095703125,27699,0.23334574699401855,0.037269383668899536,0.005259253550320864,,,
163,,0.0004425048828125,1.177520751953125,27709,0.03700065612792969,0.03401579335331917,0.0018787923036143184,,,
163,,,,27715,,,,0.23436787724494934,0.046384163200855255,0.0069232177920639515
,0.0005,,,27716,,,,,,
164,,0.0004425048828125,1.2899169921875,27719,0.08272695541381836,0.03731755539774895,0.002982503268867731,,,
164,,0.0004425048828125,1.322235107421875,27729,0.1741495132446289,0.035775937139987946,0.004005732946097851,,,
164,,0.0004425048828125,1.4179229736328125,27739,0.1480858325958252,0.04445572569966316,0.004554062150418758,,,
164,,0.0004425048828125,1.401336669921875,27749,0.2808220386505127,0.03534683212637901,0.006668491289019585,,,
164,,0.0004425048828125,1.496795654296875,27759,0.5226728916168213,0.03788461536169052,0.016157474368810654,,,
164,,0.0004425048828125,1.446685791015625,27769,0.47781872749328613,0.04314325377345085,0.014863567426800728,,,
164,,0.0004425048828125,1.5196380615234375,27779,0.19715404510498047,0.03654014319181442,0.004760187119245529,,,
164,,0.0004425048828125,1.339111328125,27789,0.07265281677246094,0.032886143773794174,0.002062315819784999,,,
164,,0.0004425048828125,1.4720001220703125,27799,0.09399032592773438,0.02810242772102356,0.0018827327294275165,,,
164,,0.0004425048828125,1.433502197265625,27809,0.0515742301940918,0.024365272372961044,0.0011126473546028137,,,
164,,0.0004425048828125,1.3418121337890625,27819,0.05771183967590332,0.024105671793222427,0.0014236117713153362,,,
164,,0.0004425048828125,1.4151763916015625,27829,0.05848836898803711,0.023001359775662422,0.0010790276573970914,,,
164,,0.0004425048828125,1.271820068359375,27839,0.10577964782714844,0.028701556846499443,0.0019602132961153984,,,
164,,0.0004425048828125,1.5352020263671875,27849,0.04001808166503906,0.02909780666232109,0.0014997189864516258,,,
164,,0.0004425048828125,1.29156494140625,27859,0.22161173820495605,0.026988938450813293,0.0038185445591807365,,,
164,,0.0004425048828125,1.6250152587890625,27869,0.06731176376342773,0.0326913557946682,0.002004441572353244,,,
164,,0.0004425048828125,1.0936737060546875,27879,0.14765548706054688,0.02903388999402523,0.0026854737661778927,,,
164,,,,27884,,,,0.11034882813692093,0.034727465361356735,0.0029040598310530186
,0.0005,,,27885,,,,,,
165,,0.0004425048828125,0.9982757568359375,27889,0.12330150604248047,0.027732407674193382,0.002118880394846201,,,
165,,0.0004425048828125,1.4746856689453125,27899,0.05236935615539551,0.027696846053004265,0.0016725648893043399,,,
165,,0.0004425048828125,1.4296722412109375,27909,0.024832487106323242,0.027993064373731613,0.0013027496170252562,,,
165,,0.0004425048828125,1.414276123046875,27919,0.09149694442749023,0.02688196301460266,0.0015619281912222505,,,
165,,0.0004425048828125,1.353851318359375,27929,0.0662682056427002,0.027819611132144928,0.0015756207285448909,,,
165,,0.0004425048828125,1.35650634765625,27939,0.07957696914672852,0.026933735236525536,0.0015768009470775723,,,
165,,0.0004425048828125,1.3189697265625,27949,0.11216449737548828,0.025464095175266266,0.0018444475717842579,,,
165,,0.0004425048828125,1.904144287109375,27959,0.11877822875976562,0.02671687677502632,0.0020108968019485474,,,
165,,0.0004425048828125,1.1613311767578125,27969,0.08170890808105469,0.025425339117646217,0.0014681392349302769,,,
165,,0.0004425048828125,0.984649658203125,27979,0.06512165069580078,0.023821650072932243,0.0012916800333186984,,,
165,,0.0004425048828125,1.1400146484375,27989,0.01900625228881836,0.022570693865418434,0.000852005323395133,,,
165,,0.0004425048828125,1.511138916015625,27999,0.09489011764526367,0.020801670849323273,0.0012384300353005528,,,
165,,0.0004425048828125,1.3003082275390625,28009,0.02446722984313965,0.026384662836790085,0.0012294137850403786,,,
165,,0.0004425048828125,1.4571990966796875,28019,0.055536746978759766,0.023621542379260063,0.001157423947006464,,,
165,,0.0004425048828125,1.4156036376953125,28029,0.012988090515136719,0.023744795471429825,0.0009173337602987885,,,
165,,0.0004425048828125,1.05438232421875,28039,0.012017250061035156,0.020634880289435387,0.0006954437703825533,,,
165,,0.0004425048828125,1.1915130615234375,28049,0.09950470924377441,0.023734163492918015,0.0015126108191907406,,,
165,,,,28053,,,,0.05631076917052269,0.030835650861263275,0.0018175471341237426
,0.0005,,,28054,,,,,,
166,,0.0004425048828125,1.2777557373046875,28059,0.11759352684020996,0.02360018715262413,0.0017700539901852608,,,
166,,0.0004425048828125,1.45819091796875,28069,0.0914156436920166,0.02378167398273945,0.0013829333474859595,,,
166,,0.0004425048828125,1.1002044677734375,28079,0.23353981971740723,0.027963312342762947,0.004444010555744171,,,
166,,0.0004425048828125,1.1762847900390625,28089,0.11389923095703125,0.027837209403514862,0.0020088606979697943,,,
166,,0.0004425048828125,1.387542724609375,28099,0.10323429107666016,0.02600669115781784,0.0024480295833200216,,,
166,,0.0004425048828125,1.4286956787109375,28109,0.21541500091552734,0.029274053871631622,0.004198307171463966,,,
166,,0.0004425048828125,1.1985931396484375,28119,0.23761940002441406,0.02931850589811802,0.004848932847380638,,,
166,,0.0004425048828125,1.16998291015625,28129,0.5195987224578857,0.041124388575553894,0.021810201928019524,,,
166,,0.0004425048828125,1.488922119140625,28139,0.5045914649963379,0.05639480799436569,0.021962188184261322,,,
166,,0.0004425048828125,1.2719268798828125,28149,0.31501126289367676,0.054710984230041504,0.009626504965126514,,,
166,,0.0004425048828125,1.154998779296875,28159,0.24339556694030762,0.050120759755373,0.008275628089904785,,,
166,,0.0004425048828125,1.7519683837890625,28169,0.121063232421875,0.04811985045671463,0.005008343141525984,,,
166,,0.0004425048828125,1.352081298828125,28179,0.16002988815307617,0.04589323699474335,0.0049661751836538315,,,
166,,0.0004425048828125,1.34759521484375,28189,0.22383737564086914,0.035720232874155045,0.004763993434607983,,,
166,,0.0004425048828125,1.394561767578125,28199,0.1603989601135254,0.032125044614076614,0.003213473130017519,,,
166,,0.0004425048828125,1.2255096435546875,28209,0.14714407920837402,0.03238959237933159,0.0030289161950349808,,,
166,,0.0004425048828125,1.4895172119140625,28219,0.18083977699279785,0.028331883251667023,0.0031338329426944256,,,
166,,,,28222,,,,0.16874895989894867,0.03404396399855614,0.003921233117580414
,0.0005,,,28223,,,,,,
167,,0.0004425048828125,1.2093048095703125,28229,0.18276739120483398,0.028491279110312462,0.00309183937497437,,,
167,,0.0004425048828125,1.666107177734375,28239,0.1515355110168457,0.04091344028711319,0.0045150634832680225,,,
167,,0.0004425048828125,1.3787689208984375,28249,0.41518211364746094,0.04823683574795723,0.014816285111010075,,,
167,,0.0004425048828125,1.2862091064453125,28259,0.5473144054412842,0.08582606166601181,0.032345835119485855,,,
167,,0.0004425048828125,1.598388671875,28269,0.8529753684997559,0.09474403411149979,0.06121651083230972,,,
167,,0.0004425048828125,1.3231658935546875,28279,0.8750441074371338,0.09373050183057785,0.0638531818985939,,,
167,,0.0004425048828125,1.250457763671875,28289,0.4876420497894287,0.07151449471712112,0.02404797077178955,,,
167,,0.0004425048828125,1.141845703125,28299,0.15705418586730957,0.05138149857521057,0.006411232054233551,,,
167,,0.0004425048828125,1.4081573486328125,28309,0.11313819885253906,0.037800293415784836,0.0034146285615861416,,,
167,,0.0004425048828125,1.3184967041015625,28319,0.167205810546875,0.03437332436442375,0.0033810739405453205,,,
167,,0.0004425048828125,1.085357666015625,28329,0.2515115737915039,0.0381367951631546,0.006120563019067049,,,
167,,0.0004425048828125,1.33978271484375,28339,0.23827409744262695,0.03288677707314491,0.0053341626189649105,,,
167,,0.0004425048828125,1.6681671142578125,28349,0.14899539947509766,0.03097185119986534,0.0027565215714275837,,,
167,,0.0004425048828125,1.1337890625,28359,0.05445241928100586,0.02589370496571064,0.0013390099629759789,,,
167,,0.0004425048828125,1.087158203125,28369,0.40169191360473633,0.03770945221185684,0.015703625977039337,,,
167,,0.0004425048828125,1.5380401611328125,28379,0.18476605415344238,0.04037095606327057,0.0047095296904444695,,,
167,,0.0004425048828125,1.11322021484375,28389,0.058183908462524414,0.032720066606998444,0.0018855031812563539,,,
167,,,,28391,,,,0.05676339566707611,0.03792640194296837,0.0028085189405828714
,0.0005,,,28392,,,,,,
168,,0.0004425048828125,1.396453857421875,28399,0.06802582740783691,0.03184112161397934,0.0019886859226971865,,,
168,,0.0004425048828125,1.67303466796875,28409,0.054378509521484375,0.02771437168121338,0.001513693481683731,,,
168,,0.0004425048828125,1.2992706298828125,28419,0.03504753112792969,0.0284329392015934,0.0014385685790330172,,,
168,,0.0004425048828125,1.375274658203125,28429,0.04452371597290039,0.022564200684428215,0.00090538285439834,,,
168,,0.0004425048828125,1.3778839111328125,28439,0.05977773666381836,0.027261313050985336,0.001486626686528325,,,
168,,0.0004425048828125,1.02813720703125,28449,0.02304840087890625,0.021988648921251297,0.0008441402460448444,,,
168,,0.0004425048828125,1.078399658203125,28459,0.08155012130737305,0.022656939923763275,0.0013141529634594917,,,
168,,0.0004425048828125,1.2500152587890625,28469,0.07821011543273926,0.026198923587799072,0.0015282249078154564,,,
168,,0.0004425048828125,1.2122802734375,28479,0.14877676963806152,0.026045875623822212,0.002345420653000474,,,
168,,0.0004425048828125,1.483551025390625,28489,0.3129878044128418,0.02959022857248783,0.006864040158689022,,,
168,,0.0004425048828125,1.3916473388671875,28499,0.13303613662719727,0.03345957770943642,0.0029500951059162617,,,
168,,0.0004425048828125,1.183349609375,28509,0.26118993759155273,0.03326994180679321,0.006945435889065266,,,
168,,0.0004425048828125,1.45849609375,28519,0.32741570472717285,0.033903416246175766,0.008624804206192493,,,
168,,0.0004425048828125,1.2681884765625,28529,0.04201841354370117,0.04295608401298523,0.0027555671986192465,,,
168,,0.0004425048828125,1.2039031982421875,28539,0.08162856101989746,0.04956243187189102,0.004916958510875702,,,
168,,0.0004425048828125,1.60595703125,28549,0.10823583602905273,0.04107565060257912,0.0033275489695370197,,,
168,,0.0004425048828125,1.3002777099609375,28559,0.0652017593383789,0.036507729440927505,0.002457238035276532,,,
168,,,,28560,,,,0.14400595426559448,0.041124194860458374,0.004080075770616531
,0.0005,,,28561,,,,,,
169,,0.0004425048828125,1.4113922119140625,28569,0.18913793563842773,0.036091096699237823,0.005228903144598007,,,
169,,0.0004425048828125,0.989471435546875,28579,0.06433391571044922,0.038139574229717255,0.00302676553837955,,,
169,,0.0004425048828125,1.2630462646484375,28589,0.04319953918457031,0.027958713471889496,0.0014431661693379283,,,
169,,0.0004425048828125,1.0591583251953125,28599,0.07593798637390137,0.02635684423148632,0.0014245414640754461,,,
169,,0.0004425048828125,1.214935302734375,28609,0.13025927543640137,0.026275677606463432,0.002075741533190012,,,
169,,0.0004425048828125,1.2704010009765625,28619,0.05804181098937988,0.02797241136431694,0.0014997763792052865,,,
169,,0.0004425048828125,1.3618011474609375,28629,0.18483567237854004,0.026895301416516304,0.0029326830990612507,,,
169,,0.0004425048828125,1.5181732177734375,28639,0.21392011642456055,0.02816205844283104,0.004042605869472027,,,
169,,0.0004425048828125,1.1253662109375,28649,0.05696725845336914,0.026347743347287178,0.001328280079178512,,,
169,,0.0004425048828125,1.1514892578125,28659,0.051900386810302734,0.024370664730668068,0.0011531556956470013,,,
169,,0.0004425048828125,1.34832763671875,28669,0.042025089263916016,0.02156132273375988,0.0008897617226466537,,,
169,,0.0004425048828125,1.443115234375,28679,0.08749604225158691,0.02095102332532406,0.0011214606929570436,,,
169,,0.0004425048828125,1.48016357421875,28689,0.01651287078857422,0.023296978324651718,0.000899734441190958,,,
169,,0.0004425048828125,1.48016357421875,28699,0.022989749908447266,0.02200619876384735,0.0008271225960925221,,,
169,,0.0004425048828125,1.430023193359375,28709,0.10998392105102539,0.022929152473807335,0.001717517152428627,,,
169,,0.0004425048828125,1.56390380859375,28719,0.08306121826171875,0.025349559262394905,0.001492501818574965,,,
169,,0.0004425048828125,1.3162078857421875,28729,0.08498605340719223,0.024938251823186874,0.0014177400153130293,,,
169,,,,28729,,,,0.08542004972696304,0.03087342530488968,0.002139508491382003
,0.0005,,,28730,,,,,,
170,,0.0004425048828125,1.4668121337890625,28739,0.05948042869567871,0.02506154216825962,0.0012562833726406097,,,
170,,0.0004425048828125,1.547454833984375,28749,0.08349370956420898,0.022430742159485817,0.0012772917980328202,,,
170,,0.0004425048828125,1.759613037109375,28759,0.3206295967102051,0.025409651920199394,0.006559465546160936,,,
170,,0.0004425048828125,1.696380615234375,28769,0.28905773162841797,0.029193967580795288,0.005834386684000492,,,
170,,0.0004425048828125,1.30035400390625,28779,0.04619741439819336,0.03618285804986954,0.0022250914480537176,,,
170,,0.0004425048828125,1.2635345458984375,28789,0.05706048011779785,0.0421646311879158,0.0030926335602998734,,,
170,,0.0004425048828125,1.259613037109375,28799,0.407850980758667,0.03710930794477463,0.011572723276913166,,,
170,,0.0004425048828125,1.506927490234375,28809,0.2189769744873047,0.0362696535885334,0.004851668141782284,,,
170,,0.0004425048828125,1.099029541015625,28819,0.06114339828491211,0.030164357274770737,0.0017583209555596113,,,
170,,0.0004425048828125,1.0444793701171875,28829,0.0671541690826416,0.028300892561674118,0.0016291674692183733,,,
170,,0.0004425048828125,1.6144561767578125,28839,0.3287041187286377,0.0273346696048975,0.006820674054324627,,,
170,,0.0004425048828125,1.546600341796875,28849,0.40146732330322266,0.037391893565654755,0.010956915095448494,,,
170,,0.0004425048828125,1.2053375244140625,28859,0.09587717056274414,0.042201876640319824,0.0038013269659131765,,,
170,,0.0004425048828125,1.3104705810546875,28869,0.1654670238494873,0.034875791519880295,0.0039052129723131657,,,
170,,0.0004425048828125,1.12664794921875,28879,0.07754850387573242,0.030738580971956253,0.0020087817683815956,,,
170,,0.0004425048828125,1.273590087890625,28889,0.2552940845489502,0.030595501884818077,0.005492489784955978,,,
170,,,,28898,,,,0.07135804742574692,0.033397696912288666,0.0022610879968851805
,0.0005,,,28899,,,,,,
171,,0.0004425048828125,1.3859100341796875,28899,0.0708627700805664,0.030464034527540207,0.0019335041288286448,,,
171,,0.0004425048828125,1.2766265869140625,28909,0.18468141555786133,0.030300404876470566,0.003559090429916978,,,
171,,0.0004425048828125,1.3320159912109375,28919,0.0614619255065918,0.03301453962922096,0.00226104399189353,,,
171,,0.0004425048828125,1.28955078125,28929,0.09616494178771973,0.03132925182580948,0.0020970450714230537,,,
171,,0.0004425048828125,1.2882232666015625,28939,0.11270880699157715,0.026639044284820557,0.0018317613285034895,,,
171,,0.0004425048828125,1.3845672607421875,28949,0.33720874786376953,0.030909283086657524,0.00890987366437912,,,
171,,0.0004425048828125,1.159759521484375,28959,0.11258077621459961,0.02858605422079563,0.0020722050685435534,,,
171,,0.0004425048828125,1.2938079833984375,28969,0.046993255615234375,0.026278162375092506,0.001403285888954997,,,
171,,0.0004425048828125,1.2151031494140625,28979,0.17958784103393555,0.026158345863223076,0.0029398268088698387,,,
171,,0.0004425048828125,1.292266845703125,28989,0.04601287841796875,0.025535473600029945,0.0011663504410535097,,,
171,,0.0004425048828125,1.27105712890625,28999,0.024463653564453125,0.023987896740436554,0.0009384844452142715,,,
171,,0.0004425048828125,1.3007659912109375,29009,0.15648317337036133,0.029496779665350914,0.0038089286535978317,,,
171,,0.0004425048828125,1.4480743408203125,29019,0.2494199275970459,0.0369904488325119,0.006204253528267145,,,
171,,0.0004425048828125,1.52783203125,29029,0.12266993522644043,0.034636858850717545,0.0029379883781075478,,,
171,,0.0004425048828125,1.11175537109375,29039,0.0938413143157959,0.029011497274041176,0.0019374401308596134,,,
171,,0.0004425048828125,1.5234222412109375,29049,0.05688929557800293,0.02775496244430542,0.0014583987649530172,,,
171,,0.0004425048828125,1.050689697265625,29059,0.13237547874450684,0.030315248295664787,0.0024127005599439144,,,
171,,,,29067,,,,0.096993088722229,0.033394813537597656,0.0025063338689506054
,0.0005,,,29068,,,,,,
172,,0.0004425048828125,1.3597564697265625,29069,0.0391535758972168,0.02705073356628418,0.0013766130432486534,,,
172,,0.0004425048828125,0.68914794921875,29079,0.1537036895751953,0.02240847237408161,0.002604339038953185,,,
172,,0.0004425048828125,1.5039520263671875,29089,0.13149762153625488,0.0295008085668087,0.0022804902400821447,,,
172,,0.0004425048828125,1.351837158203125,29099,0.04217267036437988,0.023859884589910507,0.001022424316033721,,,
172,,0.0004425048828125,1.2514801025390625,29109,0.15209460258483887,0.022893331944942474,0.0024659810587763786,,,
172,,0.0004425048828125,1.501739501953125,29119,0.3365905284881592,0.032886624336242676,0.007462223060429096,,,
172,,0.0004425048828125,1.2852783203125,29129,0.1856858730316162,0.035329755395650864,0.004179334733635187,,,
172,,0.0004425048828125,1.422271728515625,29139,0.07903385162353516,0.030625157058238983,0.001960651483386755,,,
172,,0.0004425048828125,1.17071533203125,29149,0.059334516525268555,0.029387151822447777,0.001770327566191554,,,
172,,0.0004425048828125,1.1901397705078125,29159,0.046329498291015625,0.024014398455619812,0.0010965066030621529,,,
172,,0.0004425048828125,1.6318817138671875,29169,0.03786659240722656,0.024143332615494728,0.0010167150758206844,,,
172,,0.0004425048828125,1.128448486328125,29179,0.06557536125183105,0.024219928309321404,0.0016054236330091953,,,
172,,0.0004425048828125,1.0702056884765625,29189,0.04693412780761719,0.023343464359641075,0.0010222187265753746,,,
172,,0.0004425048828125,1.5381011962890625,29199,0.05001044273376465,0.02227378636598587,0.0009756116196513176,,,
172,,0.0004425048828125,1.2484893798828125,29209,0.13460969924926758,0.024311469867825508,0.0019082785584032536,,,
172,,0.0004425048828125,1.2603912353515625,29219,0.09957551956176758,0.020626602694392204,0.0014111371710896492,,,
172,,0.0004425048828125,1.4940643310546875,29229,0.04931998252868652,0.022682830691337585,0.0009665968827903271,,,
172,,,,29236,,,,0.08074400573968887,0.03072013333439827,0.0019901045598089695
,0.0005,,,29237,,,,,,
173,,0.0004425048828125,1.1133575439453125,29239,0.05639815330505371,0.021870184689760208,0.0009714284678921103,,,
173,,0.0004425048828125,1.2434234619140625,29249,0.08289074897766113,0.021621163934469223,0.0012013850500807166,,,
173,,0.0004425048828125,1.3367767333984375,29259,0.06350111961364746,0.023482153192162514,0.0011530853807926178,,,
173,,0.0004425048828125,1.3367767333984375,29269,0.09066128730773926,0.023007232695817947,0.0014351949794217944,,,
173,,0.0004425048828125,1.196441650390625,29279,0.35509657859802246,0.02426861971616745,0.0077790687792003155,,,
173,,0.0004425048828125,1.1741943359375,29289,0.2572624683380127,0.025884918868541718,0.004866135306656361,,,
173,,0.0004425048828125,1.191497802734375,29299,0.10039091110229492,0.025090286508202553,0.0017106689047068357,,,
173,,0.0004425048828125,1.5893402099609375,29309,0.07637715339660645,0.02788654901087284,0.0018133674748241901,,,
173,,0.0004425048828125,1.2948455810546875,29319,0.22475171089172363,0.02523837424814701,0.0047150650061666965,,,
173,,0.0004425048828125,1.58526611328125,29329,0.302382230758667,0.030123338103294373,0.006235053762793541,,,
173,,0.0004425048828125,1.58526611328125,29339,0.144028902053833,0.02589365467429161,0.0025362137239426374,,,
173,,0.0004425048828125,1.344329833984375,29349,0.27318835258483887,0.03174319863319397,0.005607477389276028,,,
173,,0.0004425048828125,1.1441192626953125,29359,0.08679366111755371,0.042898621410131454,0.0034051002003252506,,,
173,,0.0004425048828125,1.2010345458984375,29369,0.11886835098266602,0.034399863332509995,0.003028060309588909,,,
173,,0.0004425048828125,1.504608154296875,29379,0.08020782470703125,0.029743552207946777,0.0018642365466803312,,,
173,,0.0004425048828125,1.4307098388671875,29389,0.23470783233642578,0.029088033363223076,0.004558602347970009,,,
173,,0.0004425048828125,1.6647796630859375,29399,0.4691739082336426,0.029826683923602104,0.014478659257292747,,,
173,,,,29405,,,,0.2298138439655304,0.048179157078266144,0.008136987686157227
,0.0005,,,29406,,,,,,
174,,0.0004425048828125,1.049163818359375,29409,0.09601402282714844,0.04766358807682991,0.004277512896806002,,,
174,,0.0004425048828125,1.2790985107421875,29419,0.5799317359924316,0.040589943528175354,0.02147752232849598,,,
174,,0.0004425048828125,1.24310302734375,29429,0.7319908142089844,0.04234404116868973,0.029834114015102386,,,
174,,0.0004425048828125,1.4411773681640625,29439,0.11563420295715332,0.037505630403757095,0.0033920444548130035,,,
174,,0.0004425048828125,1.1532135009765625,29449,0.21469354629516602,0.034513797610998154,0.004839843139052391,,,
174,,0.0004425048828125,1.794921875,29459,0.08162760734558105,0.029144873842597008,0.0018954533152282238,,,
174,,0.0004425048828125,1.089080810546875,29469,0.02460312843322754,0.027009928598999977,0.0012173264985904098,,,
174,,0.0004425048828125,1.316558837890625,29479,0.019804954528808594,0.021222436800599098,0.000719317642506212,,,
174,,0.0004425048828125,1.12054443359375,29489,0.08115792274475098,0.023913023993372917,0.0012865707976743579,,,
174,,0.0004425048828125,1.231536865234375,29499,0.04503583908081055,0.025028463453054428,0.0011502890847623348,,,
174,,0.0004425048828125,1.61663818359375,29509,0.025316715240478516,0.02432403527200222,0.0010305834002792835,,,
174,,0.0004425048828125,1.4867401123046875,29519,0.020166397094726562,0.024078162387013435,0.0009616577881388366,,,
174,,0.0004425048828125,1.2510833740234375,29529,0.12125468254089355,0.02243420109152794,0.0015983678167685866,,,
174,,0.0004425048828125,1.2183074951171875,29539,0.2849740982055664,0.031543247401714325,0.0059707872569561005,,,
174,,0.0004425048828125,1.58648681640625,29549,0.11644124984741211,0.04073074087500572,0.0034813308157026768,,,
174,,0.0004425048828125,1.21258544921875,29559,0.22761273384094238,0.03372599184513092,0.0052035171538591385,,,
174,,0.0004425048828125,1.3586578369140625,29569,0.4367702007293701,0.031822673976421356,0.011249182745814323,,,
174,,,,29574,,,,0.1896958202123642,0.04065074399113655,0.004952163901180029
,0.0005,,,29575,,,,,,
175,,0.0004425048828125,1.379913330078125,29579,0.1519758701324463,0.03412177786231041,0.0031130178831517696,,,
175,,0.0004425048828125,1.5789642333984375,29589,0.1202995777130127,0.031496562063694,0.002484471071511507,,,
175,,0.0004425048828125,1.143280029296875,29599,0.07136797904968262,0.03136362507939339,0.002012592973187566,,,
175,,0.0004425048828125,1.07672119140625,29609,0.10879659652709961,0.026555808261036873,0.0017635282129049301,,,
175,,0.0004425048828125,1.2817840576171875,29619,0.09367489814758301,0.026442216709256172,0.0017215781845152378,,,
175,,0.0004425048828125,1.560089111328125,29629,0.06220746040344238,0.023377520963549614,0.0011546883033588529,,,
175,,0.0004425048828125,1.25830078125,29639,0.03277921676635742,0.026058221235871315,0.001188361318781972,,,
175,,0.0004425048828125,1.148773193359375,29649,0.09587717056274414,0.026058876886963844,0.0017010614974424243,,,
175,,0.0004425048828125,1.196319580078125,29659,0.09131288528442383,0.0256811436265707,0.00149597879499197,,,
175,,0.0004425048828125,1.1533660888671875,29669,0.22947216033935547,0.02608029544353485,0.0037297778762876987,,,
175,,0.0004425048828125,1.5886383056640625,29679,0.13570594787597656,0.032286953181028366,0.0031913702841848135,,,
175,,0.0004425048828125,1.551666259765625,29689,0.2090005874633789,0.030264822766184807,0.004198234528303146,,,
175,,0.0004425048828125,1.2651824951171875,29699,0.14835453033447266,0.03834360092878342,0.004212995991110802,,,
175,,0.0004425048828125,1.351593017578125,29709,0.09011363983154297,0.03344128653407097,0.0029186876490712166,,,
175,,0.0004425048828125,1.20404052734375,29719,0.31441617012023926,0.04597058519721031,0.009134015068411827,,,
175,,0.0004425048828125,1.33251953125,29729,0.09326815605163574,0.046237923204898834,0.0043830713257193565,,,
175,,0.0004425048828125,1.2799530029296875,29739,0.19914698600769043,0.038217347115278244,0.004926569759845734,,,
175,,,,29743,,,,0.07244236022233963,0.03994720056653023,0.003154226578772068
,0.0005,,,29744,,,,,,
176,,0.0004425048828125,1.37396240234375,29749,0.02406787872314453,0.03016856499016285,0.0016224152641370893,,,
176,,0.0004425048828125,1.2451629638671875,29759,0.11888384819030762,0.03006535954773426,0.0027766460552811623,,,
176,,0.0004425048828125,1.2574310302734375,29769,0.0696558952331543,0.029104938730597496,0.001619564718566835,,,
176,,0.0004425048828125,1.2690887451171875,29779,0.1239621639251709,0.024487406015396118,0.001848428277298808,,,
176,,0.0004425048828125,1.50128173828125,29789,0.037917375564575195,0.02365642786026001,0.0009928412036970258,,,
176,,0.0004425048828125,1.116607666015625,29799,0.13274884223937988,0.026598753407597542,0.0022740759886801243,,,
176,,0.0004425048828125,1.228759765625,29809,0.08231306076049805,0.02631191909313202,0.0016085491515696049,,,
176,,0.0004425048828125,1.209442138671875,29819,0.11952590942382812,0.022123511880636215,0.0016766086919233203,,,
176,,0.0004425048828125,1.691436767578125,29829,0.19372820854187012,0.024257609620690346,0.0030692853033542633,,,
176,,0.0004425048828125,1.349334716796875,29839,0.08967351913452148,0.021272635087370872,0.0012203655205667019,,,
176,,0.0004425048828125,1.3341827392578125,29849,0.04570627212524414,0.021617725491523743,0.000884263776242733,,,
176,,0.0004425048828125,1.268341064453125,29859,0.03945016860961914,0.025352779775857925,0.0011886254651471972,,,
176,,0.0004425048828125,1.267669677734375,29869,0.13992857933044434,0.024113235995173454,0.0020138940308243036,,,
176,,0.0004425048828125,1.4006805419921875,29879,0.05607271194458008,0.025680316612124443,0.001263076439499855,,,
176,,0.0004425048828125,1.144683837890625,29889,0.1837906837463379,0.025837061926722527,0.00285171065479517,,,
176,,0.0004425048828125,1.4515380859375,29899,0.29770851135253906,0.027326973155140877,0.006861105561256409,,,
176,,0.0004425048828125,1.2760162353515625,29909,0.4253709316253662,0.05115511640906334,0.01531402301043272,,,
176,,,,29912,,,,0.31943604350090027,0.056662093847990036,0.012456494383513927
,0.0005,,,29913,,,,,,
177,,0.0004425048828125,1.3466033935546875,29919,0.4250824451446533,0.049842387437820435,0.013773025944828987,,,
177,,0.0004425048828125,1.2364959716796875,29929,0.22376012802124023,0.05855414271354675,0.009060055017471313,,,
177,,0.0004425048828125,1.1164398193359375,29939,0.2045905590057373,0.05718289315700531,0.007759080268442631,,,
177,,0.0004425048828125,1.0714263916015625,29949,0.4213888645172119,0.05269021913409233,0.013806368224322796,,,
177,,0.0004425048828125,1.3734893798828125,29959,0.2666282653808594,0.05442248284816742,0.009060807526111603,,,
177,,0.0004425048828125,1.2711639404296875,29969,0.34654808044433594,0.039688821882009506,0.011267831549048424,,,
177,,0.0004425048828125,1.243743896484375,29979,0.3771092891693115,0.043355826288461685,0.011128587648272514,,,
177,,0.0004425048828125,1.243743896484375,29989,0.13660192489624023,0.039371754974126816,0.003529856912791729,,,
177,,0.0004425048828125,1.3421173095703125,29999,0.14167094230651855,0.03798667713999748,0.003750629024580121,,,
177,,0.0004425048828125,1.3511199951171875,30009,0.18504810333251953,0.033330850303173065,0.004374242387712002,,,
177,,0.0004425048828125,1.2407684326171875,30019,0.08455657958984375,0.03179185464978218,0.0024707047268748283,,,
177,,0.0004425048828125,1.302093505859375,30029,0.22626256942749023,0.03178316354751587,0.00452902726829052,,,
177,,0.0004425048828125,1.244171142578125,30039,0.09840202331542969,0.036104027181863785,0.0027842442505061626,,,
177,,0.0004425048828125,1.5748443603515625,30049,0.18977928161621094,0.034336213022470474,0.004630818031728268,,,
177,,0.0004425048828125,1.607818603515625,30059,0.08453559875488281,0.032405223697423935,0.0024796787183731794,,,
177,,0.0004425048828125,1.3091583251953125,30069,0.05641937255859375,0.03196742758154869,0.001974138431251049,,,
177,,0.0004425048828125,1.3091583251953125,30079,0.10308289527893066,0.02845166251063347,0.0019314376404508948,,,
177,,,,30081,,,,0.0585365816950798,0.03154337406158447,0.0019486125092953444
,0.0005,,,30082,,,,,,
178,,0.0004425048828125,1.4760894775390625,30089,0.1050264835357666,0.0270572230219841,0.0018968641525134444,,,
178,,0.0004425048828125,1.4105224609375,30099,0.1423959732055664,0.02416394092142582,0.0019698955584317446,,,
178,,0.0004425048828125,1.6383819580078125,30109,0.09883403778076172,0.03166206181049347,0.0022085700184106827,,,
178,,0.0004425048828125,1.1491241455078125,30119,0.17432165145874023,0.03194526955485344,0.0033864006400108337,,,
178,,0.0004425048828125,1.279205322265625,30129,0.03711509704589844,0.02854444459080696,0.0014041649410501122,,,
178,,0.0004425048828125,1.2865447998046875,30139,0.10659933090209961,0.026971086859703064,0.0018216425087302923,,,
178,,0.0004425048828125,1.5917205810546875,30149,0.03197026252746582,0.02359597571194172,0.0010013169376179576,,,
178,,0.0004425048828125,1.4912261962890625,30159,0.10874485969543457,0.023945391178131104,0.001502986066043377,,,
178,,0.0004425048828125,1.138031005859375,30169,0.07003927230834961,0.023830482736229897,0.0014393080491572618,,,
178,,0.0004425048828125,1.68206787109375,30179,0.01669001579284668,0.024320509284734726,0.0009551256662234664,,,
178,,0.0004425048828125,1.166290283203125,30189,0.09321880340576172,0.025058798491954803,0.001602129079401493,,,
178,,0.0004425048828125,1.6317901611328125,30199,0.13794994354248047,0.023244109004735947,0.001995115540921688,,,
178,,0.0004425048828125,1.064208984375,30209,0.09879016876220703,0.023716172203421593,0.0014571314677596092,,,
178,,0.0004425048828125,1.5695953369140625,30219,0.12481045722961426,0.025366393849253654,0.0018567128572613,,,
178,,0.0004425048828125,1.5594635009765625,30229,0.1003425121307373,0.022291602566838264,0.0013531954027712345,,,
178,,0.0004425048828125,1.148406982421875,30239,0.03453373908996582,0.02486754022538662,0.0010977619094774127,,,
178,,0.0004425048828125,1.5306243896484375,30249,0.0891733169555664,0.022644231095910072,0.0012641891371458769,,,
178,,,,30250,,,,0.05900639668107033,0.02974398247897625,0.0017812381265684962
,0.0005,,,30251,,,,,,
179,,0.0004425048828125,1.321624755859375,30259,0.11911296844482422,0.021549001336097717,0.002176026115193963,,,
179,,0.0004425048828125,1.1482391357421875,30269,0.26665282249450684,0.04623248428106308,0.0074203419499099255,,,
179,,0.0004425048828125,1.305450439453125,30279,0.4771103858947754,0.04554952681064606,0.016508623957633972,,,
179,,0.0004425048828125,1.34521484375,30289,0.10580277442932129,0.03922032564878464,0.0031483834609389305,,,
179,,0.0004425048828125,1.6832122802734375,30299,0.13207101821899414,0.039480749517679214,0.003874535672366619,,,
179,,0.0004425048828125,1.1807098388671875,30309,0.7336554527282715,0.04033902287483215,0.029921865090727806,,,
179,,0.0004425048828125,1.1855316162109375,30319,0.40766096115112305,0.0699605718255043,0.018292658030986786,,,
179,,0.0004425048828125,1.777557373046875,30329,0.2788064479827881,0.04713044315576553,0.008010872639715672,,,
179,,0.0004425048828125,1.35906982421875,30339,0.16734027862548828,0.04484834149479866,0.00483794417232275,,,
179,,0.0004425048828125,1.5035400390625,30349,0.2470564842224121,0.035733312368392944,0.005271668080240488,,,
179,,0.0004425048828125,1.484771728515625,30359,0.1430678367614746,0.031383171677589417,0.0027396385557949543,,,
179,,0.0004425048828125,1.191070556640625,30369,0.1360642910003662,0.031381282955408096,0.003111057449132204,,,
179,,0.0004425048828125,1.00274658203125,30379,0.272442102432251,0.033078696578741074,0.007013549096882343,,,
179,,0.0004425048828125,1.3156890869140625,30389,0.07912302017211914,0.032543715089559555,0.00226167612709105,,,
179,,0.0004425048828125,1.1947479248046875,30399,0.16273760795593262,0.030215008184313774,0.003034276654943824,,,
179,,0.0004425048828125,1.152984619140625,30409,0.1955256462097168,0.030217647552490234,0.0036222124472260475,,,
179,,0.0004425048828125,1.5412750244140625,30419,0.18925444781780243,0.024783439934253693,0.0035969940945506096,,,
179,,,,30419,,,,0.3103868067264557,0.032699499279260635,0.008470333181321621
,0.0005,,,30420,,,,,,
180,,0.0004425048828125,1.3931121826171875,30429,0.29115867614746094,0.029299555346369743,0.006182682700455189,,,
180,,0.0004425048828125,1.2720947265625,30439,0.36188650131225586,0.03570814058184624,0.010571956634521484,,,
180,,0.0004425048828125,1.0015106201171875,30449,0.2172541618347168,0.037798043340444565,0.005552648566663265,,,
180,,0.0004425048828125,1.2982025146484375,30459,0.10657763481140137,0.030868304893374443,0.0022595119662582874,,,
180,,0.0004425048828125,1.774505615234375,30469,0.046688079833984375,0.023944348096847534,0.0011133389780297875,,,
180,,0.0004425048828125,1.2415008544921875,30479,0.09131050109863281,0.021198729053139687,0.0013389501255005598,,,
180,,0.0004425048828125,1.2313995361328125,30489,0.06608319282531738,0.02408692054450512,0.0012093372642993927,,,
180,,0.0004425048828125,1.5744781494140625,30499,0.07346653938293457,0.02458416111767292,0.0013631338952109218,,,
180,,0.0004425048828125,1.5072021484375,30509,0.0451967716217041,0.026139266788959503,0.001284198835492134,,,
180,,0.0004425048828125,1.646881103515625,30519,0.10627913475036621,0.025989504531025887,0.0018790126778185368,,,
180,,0.0004425048828125,1.1870574951171875,30529,0.12314677238464355,0.024402670562267303,0.0017551523633301258,,,
180,,0.0004425048828125,1.0720977783203125,30539,0.08252096176147461,0.025594467297196388,0.0014634868130087852,,,
180,,0.0004425048828125,1.5444183349609375,30549,0.11873245239257812,0.02517981454730034,0.0018096044659614563,,,
180,,0.0004425048828125,1.5081787109375,30559,0.1436150074005127,0.02784951776266098,0.0023564519360661507,,,
180,,0.0004425048828125,1.4881134033203125,30569,0.21603846549987793,0.02840886451303959,0.0037710515316575766,,,
180,,0.0004425048828125,1.4881134033203125,30579,0.07012033462524414,0.027104685083031654,0.0014826352708041668,,,
180,,,,30588,,,,0.183684304356575,0.030593182891607285,0.0038775468710809946
,0.0005,,,30589,,,,,,
181,,0.0004425048828125,1.0287017822265625,30589,0.13785123825073242,0.0215299092233181,0.0022592702880501747,,,
181,,0.0004425048828125,1.28375244140625,30599,0.15854549407958984,0.030480654910206795,0.003053841646760702,,,
181,,0.0004425048828125,1.0362396240234375,30609,0.012169361114501953,0.02676379680633545,0.0011553799267858267,,,
181,,0.0004425048828125,1.1643524169921875,30619,0.4566974639892578,0.03121713362634182,0.012345114722847939,,,
181,,0.0004425048828125,1.3059539794921875,30629,0.037247657775878906,0.028804413974285126,0.0013963039964437485,,,
181,,0.0004425048828125,1.55419921875,30639,0.11286163330078125,0.02945745177567005,0.002166136633604765,,,
181,,0.0004425048828125,1.743804931640625,30649,0.12923169136047363,0.028596755117177963,0.002286055590957403,,,
181,,0.0004425048828125,1.1440582275390625,30659,0.06840348243713379,0.028042582795023918,0.0015795172657817602,,,
181,,0.0004425048828125,1.53216552734375,30669,0.03207826614379883,0.023244351148605347,0.001011968357488513,,,
181,,0.0004425048828125,1.4825439453125,30679,0.0850062370300293,0.025695668533444405,0.0015808639582246542,,,
181,,0.0004425048828125,1.6824951171875,30689,0.06318783760070801,0.021217837929725647,0.0009748785523697734,,,
181,,0.0004425048828125,1.2803497314453125,30699,0.42805981636047363,0.028721237555146217,0.011376587674021721,,,
181,,0.0004425048828125,1.3037872314453125,30709,0.5746243000030518,0.03738805651664734,0.019310075789690018,,,
181,,0.0004425048828125,1.1504669189453125,30719,0.13522624969482422,0.031653404235839844,0.0027494607493281364,,,
181,,0.0004425048828125,1.09332275390625,30729,0.2268204689025879,0.037069473415613174,0.00605845358222723,,,
181,,0.0004425048828125,1.398651123046875,30739,0.19006562232971191,0.03593827411532402,0.004398822318762541,,,
181,,0.0004425048828125,1.300567626953125,30749,0.345813512802124,0.030650034546852112,0.009783516637980938,,,
181,,,,30757,,,,0.30893474817276,0.0343826562166214,0.007781781256198883
,0.0005,,,30758,,,,,,
182,,0.0004425048828125,1.4002532958984375,30759,0.0427854061126709,0.027263101190328598,0.001329884398728609,,,
182,,0.0004425048828125,1.4248199462890625,30769,0.07659101486206055,0.029401153326034546,0.0019022710621356964,,,
182,,0.0004425048828125,1.223663330078125,30779,0.1040809154510498,0.026561161503195763,0.0020645500626415014,,,
182,,0.0004425048828125,1.2081756591796875,30789,0.08861160278320312,0.026133283972740173,0.0015597238671034575,,,
182,,0.0004425048828125,1.209442138671875,30799,0.08601498603820801,0.02291961759328842,0.0012533492408692837,,,
182,,0.0004425048828125,1.2715606689453125,30809,0.07459497451782227,0.022775528952479362,0.0013134016189724207,,,
182,,0.0004425048828125,1.5504302978515625,30819,0.024019479751586914,0.023625295609235764,0.0009892717935144901,,,
182,,0.0004425048828125,1.1399383544921875,30829,0.04631805419921875,0.022876480594277382,0.0010025594383478165,,,
182,,0.0004425048828125,1.414398193359375,30839,0.017560958862304688,0.019682442769408226,0.0006333034834824502,,,
182,,0.0004425048828125,1.4089508056640625,30849,0.022875547409057617,0.02194531448185444,0.0008390469010919333,,,
182,,0.0004425048828125,1.33123779296875,30859,0.0420842170715332,0.01999458111822605,0.0007997495122253895,,,
182,,0.0004425048828125,1.23211669921875,30869,0.08468890190124512,0.02180648222565651,0.0012805948499590158,,,
182,,0.0004425048828125,1.7030181884765625,30879,0.17071843147277832,0.022718489170074463,0.0026472194585949183,,,
182,,0.0004425048828125,1.476531982421875,30889,0.04767632484436035,0.022688603028655052,0.0010017300955951214,,,
182,,0.0004425048828125,1.2869720458984375,30899,0.04031538963317871,0.020497489720582962,0.0008008845616132021,,,
182,,0.0004425048828125,1.5016937255859375,30909,0.12162971496582031,0.024126719683408737,0.0016983940731734037,,,
182,,0.0004425048828125,1.03936767578125,30919,0.033161163330078125,0.025579415261745453,0.0011342205107212067,,,
182,,,,30926,,,,0.039859287440776825,0.031084716320037842,0.0017949491739273071
,0.0005,,,30927,,,,,,
183,,0.0004425048828125,1.38873291015625,30929,0.03949236869812012,0.023962387815117836,0.001042830990627408,,,
183,,0.0004425048828125,1.246795654296875,30939,0.18804931640625,0.024040810763835907,0.002792882267385721,,,
183,,0.0004425048828125,1.3440704345703125,30949,0.16415071487426758,0.023135829716920853,0.0023467864375561476,,,
183,,0.0004425048828125,1.7204742431640625,30959,0.040784358978271484,0.022550486028194427,0.0009093303815461695,,,
183,,0.0004425048828125,1.1601104736328125,30969,0.04802536964416504,0.023981591686606407,0.0011301441118121147,,,
183,,0.0004425048828125,1.48822021484375,30979,0.15891361236572266,0.022526247426867485,0.0022004484198987484,,,
183,,0.0004425048828125,1.5855255126953125,30989,0.16223692893981934,0.02191314287483692,0.0022106191609054804,,,
183,,0.0004425048828125,1.5201873779296875,30999,0.0651557445526123,0.023417675867676735,0.0012890186626464128,,,
183,,0.0004425048828125,1.30816650390625,31009,0.09521150588989258,0.021246494725346565,0.001171444309875369,,,
183,,0.0004425048828125,1.182586669921875,31019,0.09997940063476562,0.020796271041035652,0.0013069009874016047,,,
183,,0.0004425048828125,1.5977935791015625,31029,0.48235487937927246,0.03246283158659935,0.015798937529325485,,,
183,,0.0004425048828125,1.1492919921875,31039,0.30658912658691406,0.03878060728311539,0.00751771405339241,,,
183,,0.0004425048828125,1.2301788330078125,31049,0.2883298397064209,0.0405464731156826,0.007084551267325878,,,
183,,0.0004425048828125,1.5404205322265625,31059,0.3397982120513916,0.039828263223171234,0.011082394048571587,,,
183,,0.0004425048828125,1.163177490234375,31069,0.2596309185028076,0.0435013473033905,0.006980604492127895,,,
183,,0.0004425048828125,1.1042327880859375,31079,0.07149887084960938,0.03693390637636185,0.002771381288766861,,,
183,,0.0004425048828125,1.1060333251953125,31089,0.2304842472076416,0.03520958870649338,0.00517085287719965,,,
183,,,,31095,,,,0.18337306380271912,0.040085095912218094,0.004666533321142197
,0.0005,,,31096,,,,,,
184,,0.0004425048828125,1.3737945556640625,31099,0.26020216941833496,0.037963420152664185,0.006640947423875332,,,
184,,0.0004425048828125,1.2628631591796875,31109,0.05342602729797363,0.031540509313344955,0.0020483671687543392,,,
184,,0.0004425048828125,1.2497406005859375,31119,0.08403134346008301,0.031140446662902832,0.0022442550398409367,,,
184,,0.0004425048828125,1.1444091796875,31129,0.025658607482910156,0.02730579860508442,0.0013039344921708107,,,
184,,0.0004425048828125,1.4934844970703125,31139,0.04341006278991699,0.024634674191474915,0.0011223854962736368,,,
184,,0.0004425048828125,1.307464599609375,31149,0.028260231018066406,0.022804317995905876,0.0009216273901984096,,,
184,,0.0004425048828125,1.313812255859375,31159,0.10626101493835449,0.024940188974142075,0.0017806659452617168,,,
184,,0.0004425048828125,1.1458282470703125,31169,0.3809194564819336,0.031119855120778084,0.011906838975846767,,,
184,,0.0004425048828125,1.2456817626953125,31179,0.49804115295410156,0.04912981018424034,0.019070668146014214,,,
184,,0.0004425048828125,1.5646209716796875,31189,0.06683731079101562,0.03734816610813141,0.0028547653928399086,,,
184,,0.0004425048828125,1.1639404296875,31199,0.40106201171875,0.03354058787226677,0.010753299109637737,,,
184,,0.0004425048828125,1.5957489013671875,31209,0.051844120025634766,0.031283412128686905,0.0018333898624405265,,,
184,,0.0004425048828125,1.3431549072265625,31219,0.2283954620361328,0.03213043510913849,0.004441987723112106,,,
184,,0.0004425048828125,1.307769775390625,31229,0.1623368263244629,0.028338594362139702,0.0030158995650708675,,,
184,,0.0004425048828125,1.28985595703125,31239,0.09386634826660156,0.031168965622782707,0.0019792639650404453,,,
184,,0.0004425048828125,1.2565460205078125,31249,0.0710749626159668,0.03865513950586319,0.002859579399228096,,,
184,,0.0004425048828125,1.0921630859375,31259,0.19896769523620605,0.038770608603954315,0.004487553611397743,,,
184,,,,31264,,,,0.21463839709758759,0.04154982790350914,0.005820902995765209
,0.0005,,,31265,,,,,,
185,,0.0004425048828125,1.330413818359375,31269,0.15153264999389648,0.026752673089504242,0.002247220603749156,,,
185,,0.0004425048828125,1.5791473388671875,31279,0.17568540573120117,0.035710837692022324,0.00497782975435257,,,
185,,0.0004425048828125,1.1839141845703125,31289,0.2989542484283447,0.04394026845693588,0.0075609199702739716,,,
185,,0.0004425048828125,1.192596435546875,31299,0.2558002471923828,0.05071680247783661,0.00827524159103632,,,
185,,0.0004425048828125,1.4437408447265625,31309,0.6707887649536133,0.0662233978509903,0.03083163872361183,,,
185,,0.0004425048828125,1.2174835205078125,31319,0.7283339500427246,0.05778628587722778,0.03221428766846657,,,
185,,0.0004425048828125,1.230926513671875,31329,0.6656997203826904,0.06746844202280045,0.03223130851984024,,,
185,,0.0004425048828125,1.295623779296875,31339,0.3805422782897949,0.06567302346229553,0.015007958747446537,,,
185,,0.0004425048828125,1.2636566162109375,31349,0.08707022666931152,0.06154672056436539,0.00735080149024725,,,
185,,0.0004425048828125,1.0989532470703125,31359,0.1312580108642578,0.047310881316661835,0.005853315815329552,,,
185,,0.0004425048828125,1.1055908203125,31369,0.24292707443237305,0.04026026278734207,0.006001973524689674,,,
185,,0.0004425048828125,1.463531494140625,31379,0.0680246353149414,0.03324029967188835,0.0019738643895834684,,,
185,,0.0004425048828125,1.3368682861328125,31389,0.21566152572631836,0.029922885820269585,0.0042974259704351425,,,
185,,0.0004425048828125,1.43743896484375,31399,0.19443845748901367,0.02849479764699936,0.00363600580021739,,,
185,,0.0004425048828125,1.196075439453125,31409,0.26348400115966797,0.029634788632392883,0.005354958586394787,,,
185,,0.0004425048828125,1.1568145751953125,31419,0.23111939430236816,0.03854476287961006,0.005924238823354244,,,
185,,0.0004425048828125,1.246185302734375,31429,0.056398630142211914,0.04660814255475998,0.003635604865849018,,,
185,,,,31433,,,,0.09661287814378738,0.040720269083976746,0.003726785536855459
,0.0005,,,31434,,,,,,
186,,0.0004425048828125,1.378753662109375,31439,0.3291480541229248,0.03783169761300087,0.008897203952074051,,,
186,,0.0004425048828125,1.3326263427734375,31449,0.2745246887207031,0.032041165977716446,0.006956756114959717,,,
186,,0.0004425048828125,1.333251953125,31459,0.16085195541381836,0.03051316738128662,0.003050581319257617,,,
186,,0.0004425048828125,1.25177001953125,31469,0.09733796119689941,0.030107419937849045,0.0019584845285862684,,,
186,,0.0004425048828125,1.6458740234375,31479,0.04433870315551758,0.03346122428774834,0.002071151277050376,,,
186,,0.0004425048828125,1.386077880859375,31489,0.09157633781433105,0.029613271355628967,0.0022180923260748386,,,
186,,0.0004425048828125,1.0463409423828125,31499,0.06404805183410645,0.03093608282506466,0.0018545016646385193,,,
186,,0.0004425048828125,1.574127197265625,31509,0.12009692192077637,0.02787836641073227,0.0021441280841827393,,,
186,,0.0004425048828125,1.2547454833984375,31519,0.12924885749816895,0.027834072709083557,0.0021856012754142284,,,
186,,0.0004425048828125,1.3336334228515625,31529,0.525634765625,0.030698396265506744,0.017216607928276062,,,
186,,0.0004425048828125,1.222412109375,31539,0.05380511283874512,0.04318205639719963,0.003391711972653866,,,
186,,0.0004425048828125,1.2422332763671875,31549,0.3507523536682129,0.03388725221157074,0.01204089354723692,,,
186,,0.0004425048828125,1.254974365234375,31559,0.20820236206054688,0.03292164206504822,0.00420218612998724,,,
186,,0.0004425048828125,1.50830078125,31569,0.09368610382080078,0.03291815519332886,0.0023960676044225693,,,
186,,0.0004425048828125,1.0098724365234375,31579,0.03732872009277344,0.03068523481488228,0.0016771164955571294,,,
186,,0.0004425048828125,1.5265045166015625,31589,0.3745288848876953,0.027061045169830322,0.011215765960514545,,,
186,,0.0004425048828125,1.5036773681640625,31599,0.0968167781829834,0.03199686110019684,0.0022503079380840063,,,
186,,,,31602,,,,0.22421908378601074,0.03720853477716446,0.005893082823604345
,0.0005,,,31603,,,,,,
187,,0.0004425048828125,0.9179229736328125,31609,0.046030521392822266,0.030773257836699486,0.001646529184654355,,,
187,,0.0004425048828125,1.4252777099609375,31619,0.0689859390258789,0.025820083916187286,0.001476673991419375,,,
187,,0.0004425048828125,1.5854949951171875,31629,0.016031980514526367,0.02599802426993847,0.0011334390146657825,,,
187,,0.0004425048828125,1.5457611083984375,31639,0.15847182273864746,0.027473991736769676,0.0027599905151873827,,,
187,,0.0004425048828125,1.3560943603515625,31649,0.06752562522888184,0.028149720281362534,0.0015011923387646675,,,
187,,0.0004425048828125,1.1150360107421875,31659,0.1006784439086914,0.025788921862840652,0.0019407834624871612,,,
187,,0.0004425048828125,1.503753662109375,31669,0.05016660690307617,0.020526006817817688,0.0007959107169881463,,,
187,,0.0004425048828125,1.204864501953125,31679,0.06296253204345703,0.02596348151564598,0.0013845526846125722,,,
187,,0.0004425048828125,1.2747039794921875,31689,0.05877280235290527,0.024714311584830284,0.0011752344435080886,,,
187,,0.0004425048828125,1.486663818359375,31699,0.02651357650756836,0.02314317598938942,0.0009252616437152028,,,
187,,0.0004425048828125,1.1638641357421875,31709,0.12340712547302246,0.021755686029791832,0.0017157045658677816,,,
187,,0.0004425048828125,1.111968994140625,31719,0.2710914611816406,0.02455533668398857,0.00528498413041234,,,
187,,0.0004425048828125,1.3071136474609375,31729,0.10699272155761719,0.03488966077566147,0.0025223339907824993,,,
187,,0.0004425048828125,1.3480377197265625,31739,0.21085047721862793,0.04142174869775772,0.005197335034608841,,,
187,,0.0004425048828125,1.5100555419921875,31749,0.1374037265777588,0.032282862812280655,0.003431230317801237,,,
187,,0.0004425048828125,1.327301025390625,31759,0.04943513870239258,0.047075994312763214,0.003794463351368904,,,
187,,0.0004425048828125,1.4208526611328125,31769,0.1021432876586914,0.032512400299310684,0.00245721940882504,,,
187,,,,31771,,,,0.15151852369308472,0.03579619899392128,0.003656471613794565
,0.0005,,,31772,,,,,,
188,,0.0004425048828125,1.061920166015625,31779,0.1832575798034668,0.035238392651081085,0.004240727983415127,,,
188,,0.0004425048828125,1.3430328369140625,31789,0.13528132438659668,0.03158196806907654,0.0028801425360143185,,,
188,,0.0004425048828125,1.38348388671875,31799,0.12292098999023438,0.032267674803733826,0.002988503547385335,,,
188,,0.0004425048828125,1.41796875,31809,0.2855570316314697,0.036754902452230453,0.007278777658939362,,,
188,,0.0004425048828125,1.107513427734375,31819,0.1651167869567871,0.04042251035571098,0.005062226206064224,,,
188,,0.0004425048828125,1.3070526123046875,31829,0.0707547664642334,0.03686558082699776,0.0027531853411346674,,,
188,,0.0004425048828125,1.646484375,31839,0.2569718360900879,0.034970276057720184,0.00586463650688529,,,
188,,0.0004425048828125,1.2993316650390625,31849,0.3059828281402588,0.02848675288259983,0.008881043642759323,,,
188,,0.0004425048828125,1.067779541015625,31859,0.09966135025024414,0.03125062584877014,0.0023344780784100294,,,
188,,0.0004425048828125,1.04766845703125,31869,0.28168654441833496,0.03887690231204033,0.006659360136836767,,,
188,,0.0004425048828125,1.3931884765625,31879,0.23765945434570312,0.03181198611855507,0.006050949450582266,,,
188,,0.0004425048828125,1.4639434814453125,31889,0.16626572608947754,0.03474787622690201,0.0035166903398931026,,,
188,,0.0004425048828125,0.926910400390625,31899,0.14652609825134277,0.032043617218732834,0.0029141446575522423,,,
188,,0.0004425048828125,1.1960296630859375,31909,0.07971787452697754,0.03259238973259926,0.0021606222726404667,,,
188,,0.0004425048828125,1.1957855224609375,31919,0.16724801063537598,0.026230264455080032,0.002703381236642599,,,
188,,0.0004425048828125,1.6133270263671875,31929,0.050066232681274414,0.024977928027510643,0.0011378992348909378,,,
188,,0.0004425048828125,1.42730712890625,31939,0.05047488212585449,0.024460626766085625,0.0010955921607092023,,,
188,,,,31940,,,,0.047809500247240067,0.030073270201683044,0.001713035861030221
,0.0005,,,31941,,,,,,
189,,0.0004425048828125,1.183135986328125,31949,0.10753583908081055,0.020594950765371323,0.001322837546467781,,,
189,,0.0004425048828125,1.416595458984375,31959,0.04260516166687012,0.02686227671802044,0.001289761858060956,,,
189,,0.0004425048828125,1.264434814453125,31969,0.08394718170166016,0.026736803352832794,0.0016002282500267029,,,
189,,0.0004425048828125,0.9925689697265625,31979,0.05428743362426758,0.025083482265472412,0.0012311871396377683,,,
189,,0.0004425048828125,1.6714324951171875,31989,0.11281657218933105,0.02607870288193226,0.002174094319343567,,,
189,,0.0004425048828125,1.5325927734375,31999,0.08295202255249023,0.026627082377672195,0.0015196471940726042,,,
189,,0.0004425048828125,1.2458038330078125,32009,0.1055293083190918,0.027634331956505775,0.0019348987843841314,,,
189,,0.0004425048828125,1.16900634765625,32019,0.06874299049377441,0.026570918038487434,0.0015327056171372533,,,
189,,0.0004425048828125,1.4852142333984375,32029,0.017107725143432617,0.024274930357933044,0.0009895770344883204,,,
189,,0.0004425048828125,1.608489990234375,32039,0.037865400314331055,0.022731423377990723,0.0009600859484635293,,,
189,,0.0004425048828125,1.1624298095703125,32049,0.05403900146484375,0.022509682923555374,0.0010415524011477828,,,
189,,0.0004425048828125,1.2178497314453125,32059,0.045588016510009766,0.02122589759528637,0.0009103831835091114,,,
189,,0.0004425048828125,1.22265625,32069,0.12125968933105469,0.024348096922039986,0.0017014757031574845,,,
189,,0.0004425048828125,1.2616119384765625,32079,0.14365196228027344,0.02416813373565674,0.0025283212307840586,,,
189,,0.0004425048828125,1.1852874755859375,32089,0.15842556953430176,0.0281659122556448,0.002920784056186676,,,
189,,0.0004425048828125,1.1987762451171875,32099,0.38584446907043457,0.037161506712436676,0.011299357749521732,,,
189,,0.0004425048828125,1.20599365234375,32109,0.09957822412252426,0.034136682748794556,0.0029910660814493895,,,
189,,,,32109,,,,0.16603870689868927,0.036998528987169266,0.004144286271184683
,0.0005,,,32110,,,,,,
190,,0.0004425048828125,1.306060791015625,32119,0.13843607902526855,0.03379281982779503,0.003456445876508951,,,
190,,0.0004425048828125,1.62689208984375,32129,0.1400442123413086,0.027864739298820496,0.0024845250882208347,,,
190,,0.0004425048828125,1.2169647216796875,32139,0.048703670501708984,0.036870621144771576,0.0025642006658017635,,,
190,,0.0004425048828125,1.415863037109375,32149,0.10977029800415039,0.029508741572499275,0.002546231262385845,,,
190,,0.0004425048828125,1.462371826171875,32159,0.3519003391265869,0.033539753407239914,0.008250529877841473,,,
190,,0.0004425048828125,1.4935150146484375,32169,0.21362686157226562,0.04866119101643562,0.006747780367732048,,,
190,,0.0004425048828125,1.4935150146484375,32179,0.17484164237976074,0.03450923413038254,0.003660192247480154,,,
190,,0.0004425048828125,1.7491302490234375,32189,0.10419702529907227,0.03851386904716492,0.003302027704194188,,,
190,,0.0004425048828125,1.47528076171875,32199,0.10938453674316406,0.027097627520561218,0.0019107963889837265,,,
190,,0.0004425048828125,1.0587158203125,32209,0.10394096374511719,0.031888604164123535,0.0025986225809901953,,,
190,,0.0004425048828125,1.0509490966796875,32219,0.12925362586975098,0.03181186318397522,0.002861959161236882,,,
190,,0.0004425048828125,1.1322479248046875,32229,0.3644688129425049,0.03285755589604378,0.009017333388328552,,,
190,,0.0004425048828125,1.1302642822265625,32239,0.08824396133422852,0.032762378454208374,0.002392715075984597,,,
190,,0.0004425048828125,1.41314697265625,32249,0.10939168930053711,0.027646051719784737,0.0023603513836860657,,,
190,,0.0004425048828125,1.196075439453125,32259,0.13401055335998535,0.025051016360521317,0.0020014741457998753,,,
190,,0.0004425048828125,1.1667022705078125,32269,0.0764162540435791,0.02632690593600273,0.00151630281470716,,,
190,,,,32278,,,,0.06308583915233612,0.0328410267829895,0.0021872203797101974
,0.0005,,,32279,,,,,,
191,,0.0004425048828125,1.3296661376953125,32279,0.09701871871948242,0.027706336230039597,0.0018525129416957498,,,
191,,0.0004425048828125,1.22821044921875,32289,0.16272664070129395,0.026022912934422493,0.0025349478237330914,,,
191,,0.0004425048828125,0.9259490966796875,32299,0.10777044296264648,0.023033395409584045,0.0015982042532414198,,,
191,,0.0004425048828125,1.29901123046875,32309,0.14003396034240723,0.028424493968486786,0.002553469967097044,,,
191,,0.0004425048828125,1.098785400390625,32319,0.09044361114501953,0.032987672835588455,0.0025186745915561914,,,
191,,0.0004425048828125,1.4990234375,32329,0.17276406288146973,0.027751700952649117,0.0029470198787748814,,,
191,,0.0004425048828125,1.1883087158203125,32339,0.09245824813842773,0.027727795764803886,0.0018989935051649809,,,
191,,0.0004425048828125,1.3936767578125,32349,0.12911176681518555,0.02530699595808983,0.0021716440096497536,,,
191,,0.0004425048828125,1.6516265869140625,32359,0.1971874237060547,0.02811596728861332,0.003531187307089567,,,
191,,0.0004425048828125,1.521575927734375,32369,0.1201620101928711,0.023310348391532898,0.00200757198035717,,,
191,,0.0004425048828125,1.1151580810546875,32379,0.08324074745178223,0.026775695383548737,0.0016753349918872118,,,
191,,0.0004425048828125,1.3734588623046875,32389,0.0836176872253418,0.022965703159570694,0.0011955264490097761,,,
191,,0.0004425048828125,1.26251220703125,32399,0.18596458435058594,0.026519279927015305,0.004564808215945959,,,
191,,0.0004425048828125,1.7808990478515625,32409,0.1423966884613037,0.024267541244626045,0.0020352203864604235,,,
191,,0.0004425048828125,1.5899200439453125,32419,0.1322617530822754,0.022548995912075043,0.0022862153127789497,,,
191,,0.0004425048828125,1.2930145263671875,32429,0.10161566734313965,0.023359885439276695,0.0016151872696354985,,,
191,,0.0004425048828125,1.2372283935546875,32439,0.06278467178344727,0.025347573682665825,0.0013187448494136333,,,
191,,,,32447,,,,0.14670567214488983,0.031064586713910103,0.002984547521919012
,0.0005,,,32448,,,,,,
192,,0.0004425048828125,0.9571075439453125,32449,0.034755706787109375,0.023604866117239,0.0009677431080490351,,,
192,,0.0004425048828125,1.1688232421875,32459,0.19249582290649414,0.02424495480954647,0.003777652746066451,,,
192,,0.0004425048828125,1.1504974365234375,32469,0.12257862091064453,0.024859998375177383,0.001859126379713416,,,
192,,0.0004425048828125,1.3868560791015625,32479,0.10290193557739258,0.02524295076727867,0.0017072027549147606,,,
192,,0.0004425048828125,1.412261962890625,32489,0.29592347145080566,0.03353392705321312,0.0071160877123475075,,,
192,,0.0004425048828125,1.412261962890625,32499,0.47592711448669434,0.037922393530607224,0.014100593514740467,,,
192,,0.0004425048828125,1.4372100830078125,32509,0.46299266815185547,0.04305252432823181,0.018040083348751068,,,
192,,0.0004425048828125,1.37750244140625,32519,0.6563973426818848,0.05592051148414612,0.0324086956679821,,,
192,,0.0004425048828125,1.41748046875,32529,0.32723474502563477,0.049572791904211044,0.010170500725507736,,,
192,,0.0004425048828125,1.1467132568359375,32539,0.11617517471313477,0.042358823120594025,0.003762856125831604,,,
192,,0.0004425048828125,1.24810791015625,32549,0.04642152786254883,0.03291564807295799,0.0020842421799898148,,,
192,,0.0004425048828125,1.5246734619140625,32559,0.08694100379943848,0.029461843892931938,0.0017930475296452641,,,
192,,0.0004425048828125,1.413665771484375,32569,0.02164006233215332,0.025610756129026413,0.0011241240426898003,,,
192,,0.0004425048828125,1.66412353515625,32579,0.06679391860961914,0.02471170574426651,0.0012806225568056107,,,
192,,0.0004425048828125,1.2836151123046875,32589,0.04107499122619629,0.02293395809829235,0.0009587783715687692,,,
192,,0.0004425048828125,1.141510009765625,32599,0.0824885368347168,0.020897259935736656,0.0010935645550489426,,,
192,,0.0004425048828125,1.222900390625,32609,0.42462849617004395,0.03172751143574715,0.011215140111744404,,,
192,,,,32616,,,,0.06999954581260681,0.03587186336517334,0.002613524906337261
,0.0005,,,32617,,,,,,
193,,0.0004425048828125,1.4136962890625,32619,0.4306917190551758,0.034987010061740875,0.011914562433958054,,,
193,,0.0004425048828125,1.5030059814453125,32629,0.37243008613586426,0.037966229021549225,0.010047690942883492,,,
193,,0.0004425048828125,1.4423675537109375,32639,0.8710167407989502,0.050592996180057526,0.04531518369913101,,,
193,,0.0004425048828125,1.40826416015625,32649,0.3372764587402344,0.04839342087507248,0.011472688987851143,,,
193,,0.0004425048828125,1.3229217529296875,32659,0.4913303852081299,0.04211211949586868,0.015711039304733276,,,
193,,0.0004425048828125,1.2114105224609375,32669,0.2929058074951172,0.04479055106639862,0.00922287069261074,,,
193,,0.0004425048828125,1.169036865234375,32679,0.2930426597595215,0.03960178419947624,0.007450210861861706,,,
193,,0.0004425048828125,1.0715179443359375,32689,0.3959805965423584,0.04433738812804222,0.013393829576671124,,,
193,,0.0004425048828125,1.525848388671875,32699,0.09784579277038574,0.04760189726948738,0.004466583952307701,,,
193,,0.0004425048828125,1.4591064453125,32709,0.28494858741760254,0.043970994651317596,0.008165759965777397,,,
193,,0.0004425048828125,1.3830108642578125,32719,0.15414667129516602,0.04548507183790207,0.005676486529409885,,,
193,,0.0004425048828125,1.3705596923828125,32729,0.15893888473510742,0.05711052566766739,0.007356571964919567,,,
193,,0.0004425048828125,1.374237060546875,32739,0.12355923652648926,0.04378980025649071,0.0043100835755467415,,,
193,,0.0004425048828125,1.380218505859375,32749,0.09406042098999023,0.03796400874853134,0.0034347297623753548,,,
193,,0.0004425048828125,1.284423828125,32759,0.052478790283203125,0.027273809537291527,0.0014265544014051557,,,
193,,0.0004425048828125,1.251800537109375,32769,0.08835887908935547,0.025222687050700188,0.0015062447637319565,,,
193,,0.0004425048828125,1.3034820556640625,32779,0.12017059326171875,0.0332552008330822,0.002934405580163002,,,
193,,,,32785,,,,0.15890927612781525,0.034136295318603516,0.003765184199437499
,0.0005,,,32786,,,,,,
194,,0.0004425048828125,1.4247283935546875,32789,0.16596603393554688,0.028627611696720123,0.002835577353835106,,,
194,,0.0004425048828125,1.3768463134765625,32799,0.2785665988922119,0.029454069212079048,0.006700480356812477,,,
194,,0.0004425048828125,1.5599365234375,32809,0.3882603645324707,0.03414617478847504,0.01131559070199728,,,
194,,0.0004425048828125,1.298248291015625,32819,0.1286299228668213,0.038332752883434296,0.0037008561193943024,,,
194,,0.0004425048828125,1.2385101318359375,32829,0.23412227630615234,0.029377730563282967,0.004567611031234264,,,
194,,0.0004425048828125,1.4543914794921875,32839,0.0854804515838623,0.030837776139378548,0.0021801756229251623,,,
194,,0.0004425048828125,1.5628662109375,32849,0.26256394386291504,0.02829005941748619,0.0054042586125433445,,,
194,,0.0004425048828125,1.5196380615234375,32859,0.11634635925292969,0.02645423263311386,0.0020206111948937178,,,
194,,0.0004425048828125,1.6822509765625,32869,0.14208555221557617,0.025861458852887154,0.0022506811656057835,,,
194,,0.0004425048828125,1.6524658203125,32879,0.12806129455566406,0.02484390325844288,0.0019427635706961155,,,
194,,0.0004425048828125,1.504547119140625,32889,0.050261735916137695,0.02697470784187317,0.001410360331647098,,,
194,,0.0004425048828125,1.52862548828125,32899,0.0796809196472168,0.02109985612332821,0.0011628814972937107,,,
194,,0.0004425048828125,1.3638916015625,32909,0.03812122344970703,0.02224106341600418,0.0009227331029251218,,,
194,,0.0004425048828125,1.577178955078125,32919,0.04734635353088379,0.023973217234015465,0.0010707913897931576,,,
194,,0.0004425048828125,1.511077880859375,32929,0.1631336212158203,0.02296186052262783,0.0023828521370887756,,,
194,,0.0004425048828125,1.0539093017578125,32939,0.061551809310913086,0.02274169772863388,0.0010817359434440732,,,
194,,0.0004425048828125,1.2579803466796875,32949,0.11965823173522949,0.023319683969020844,0.0016280226409435272,,,
194,,,,32954,,,,0.10923487693071365,0.029223281890153885,0.002166181104257703
,0.0005,,,32955,,,,,,
195,,0.0004425048828125,1.3633270263671875,32959,0.1099698543548584,0.0242172721773386,0.001542925019748509,,,
195,,0.0004425048828125,1.5484619140625,32969,0.04226565361022949,0.024885207414627075,0.0010978349018841982,,,
195,,0.0004425048828125,1.2635040283203125,32979,0.04574918746948242,0.025814220309257507,0.0012097276048734784,,,
195,,0.0004425048828125,1.2479248046875,32989,0.036107778549194336,0.021368760615587234,0.0008093704818747938,,,
195,,0.0004425048828125,1.27044677734375,32999,0.05206441879272461,0.023683492094278336,0.0010583321563899517,,,
195,,0.0004425048828125,1.170379638671875,33009,0.054590702056884766,0.02234981395304203,0.000984417274594307,,,
195,,0.0004425048828125,1.1523284912109375,33019,0.04179692268371582,0.01972833089530468,0.0007158354273997247,,,
195,,0.0004425048828125,1.269622802734375,33029,0.08530235290527344,0.02024979330599308,0.0010370193049311638,,,
195,,0.0004425048828125,1.0891265869140625,33039,0.03208494186401367,0.021218938753008842,0.0008157399133779109,,,
195,,0.0004425048828125,1.078460693359375,33049,0.08183145523071289,0.023943103849887848,0.0014451222959905863,,,
195,,0.0004425048828125,1.168701171875,33059,0.039423227310180664,0.02205553837120533,0.0008576796972192824,,,
195,,0.0004425048828125,1.2501220703125,33069,0.06083512306213379,0.020261703059077263,0.0008464812417514622,,,
195,,0.0004425048828125,1.2082977294921875,33079,0.027792692184448242,0.0218795258551836,0.0008346288814209402,,,
195,,0.0004425048828125,1.4486541748046875,33089,0.07174301147460938,0.020110227167606354,0.0010032079881057143,,,
195,,0.0004425048828125,1.2538909912109375,33099,0.1546769142150879,0.02186702936887741,0.0022028707899153233,,,
195,,0.0004425048828125,1.27978515625,33109,0.04281163215637207,0.023415129631757736,0.001013032509945333,,,
195,,0.0004425048828125,1.086578369140625,33119,0.022460222244262695,0.024860119447112083,0.001051120925694704,,,
195,,,,33123,,,,0.07336830347776413,0.029007459059357643,0.0018276661867275834
,0.0005,,,33124,,,,,,
196,,0.0004425048828125,0.9470672607421875,33129,0.04819774627685547,0.02189435437321663,0.0009716444765217602,,,
196,,0.0004425048828125,1.5535430908203125,33139,0.009538888931274414,0.01993165910243988,0.0006414508097805083,,,
196,,0.0004425048828125,1.6029052734375,33149,0.02246403694152832,0.019859526306390762,0.0006724096601828933,,,
196,,0.0004425048828125,1.2293701171875,33159,0.08613061904907227,0.02000753954052925,0.0010203890269622207,,,
196,,0.0004425048828125,1.303253173828125,33169,0.11269211769104004,0.01964128389954567,0.0013109603896737099,,,
196,,0.0004425048828125,1.050689697265625,33179,0.09509825706481934,0.02162833884358406,0.0012235358590260148,,,
196,,0.0004425048828125,1.287628173828125,33189,0.28731775283813477,0.027811149135231972,0.006272472441196442,,,
196,,0.0004425048828125,1.7148590087890625,33199,0.20631980895996094,0.030895821750164032,0.00450507877394557,,,
196,,0.0004425048828125,1.2359466552734375,33209,0.16459083557128906,0.03316216915845871,0.0035299286246299744,,,
196,,0.0004425048828125,1.2223968505859375,33219,0.1280517578125,0.0315883494913578,0.0026228316128253937,,,
196,,0.0004425048828125,1.2444000244140625,33229,0.12628531455993652,0.047044459730386734,0.00619696918874979,,,
196,,0.0004425048828125,1.2441558837890625,33239,0.211991548538208,0.04314136132597923,0.006175526417791843,,,
196,,0.0004425048828125,1.2348785400390625,33249,0.08651971817016602,0.036347225308418274,0.0027632364071905613,,,
196,,0.0004425048828125,1.7038421630859375,33259,0.051953792572021484,0.038354650139808655,0.002695485483855009,,,
196,,0.0004425048828125,1.23651123046875,33269,0.21120309829711914,0.03785647824406624,0.005635055713355541,,,
196,,0.0004425048828125,1.1278533935546875,33279,0.17319989204406738,0.03897915408015251,0.0043659210205078125,,,
196,,0.0004425048828125,0.9979248046875,33289,0.146697998046875,0.03402228653430939,0.003272581845521927,,,
196,,,,33292,,,,0.11581071466207504,0.036406178027391434,0.00314598111435771
,0.0005,,,33293,,,,,,
197,,0.0004425048828125,1.330596923828125,33299,0.14319777488708496,0.030626822263002396,0.0027566924691200256,,,
197,,0.0004425048828125,1.1607513427734375,33309,0.054080963134765625,0.027766279876232147,0.0014572041109204292,,,
197,,0.0004425048828125,1.1064605712890625,33319,0.009714603424072266,0.026956625282764435,0.0011838505743071437,,,
197,,0.0004425048828125,1.1826324462890625,33329,0.17812442779541016,0.023111511021852493,0.002450888743624091,,,
197,,0.0004425048828125,1.27264404296875,33339,0.10686492919921875,0.021373983472585678,0.0012802628334611654,,,
197,,0.0004425048828125,1.220245361328125,33349,0.25354480743408203,0.025715449824929237,0.004365152679383755,,,
197,,0.0004425048828125,1.3235015869140625,33359,0.3288555145263672,0.02945287711918354,0.006948499009013176,,,
197,,0.0004425048828125,1.3631439208984375,33369,0.2023463249206543,0.05232328176498413,0.00689505971968174,,,
197,,0.0004425048828125,1.2468719482421875,33379,0.07152652740478516,0.034390535205602646,0.0024210952688008547,,,
197,,0.0004425048828125,1.30224609375,33389,0.2504549026489258,0.02904343046247959,0.004947240464389324,,,
197,,0.0004425048828125,1.239959716796875,33399,0.18929696083068848,0.031693823635578156,0.004630874376744032,,,
197,,0.0004425048828125,1.271331787109375,33409,0.058530330657958984,0.03174717724323273,0.00181459856685251,,,
197,,0.0004425048828125,1.4536285400390625,33419,0.05412626266479492,0.02744712121784687,0.0013956258771941066,,,
197,,0.0004425048828125,1.2553863525390625,33429,0.03897857666015625,0.021934594959020615,0.000913162890356034,,,
197,,0.0004425048828125,1.3063507080078125,33439,0.11457514762878418,0.025258652865886688,0.001841830089688301,,,
197,,0.0004425048828125,1.2269287109375,33449,0.08465862274169922,0.026028910651803017,0.0016153299948200583,,,
197,,0.0004425048828125,1.23907470703125,33459,0.13700199127197266,0.02385660819709301,0.002140343189239502,,,
197,,,,33461,,,,0.06685364991426468,0.030730945989489555,0.0018897491972893476
,0.0005,,,33462,,,,,,
198,,0.0004425048828125,1.3961181640625,33469,0.11243796348571777,0.024655204266309738,0.0018537875730544329,,,
198,,0.0004425048828125,1.084259033203125,33479,0.19817137718200684,0.023749997839331627,0.003355777822434902,,,
198,,0.0004425048828125,1.089385986328125,33489,0.22768235206604004,0.029746782034635544,0.004173219203948975,,,
198,,0.0004425048828125,1.3274078369140625,33499,0.16758012771606445,0.030297933146357536,0.0030087213963270187,,,
198,,0.0004425048828125,1.3081512451171875,33509,0.015593528747558594,0.029995685443282127,0.001467180554755032,,,
198,,0.0004425048828125,1.2356719970703125,33519,0.10605382919311523,0.03944103419780731,0.0034917546436190605,,,
198,,0.0004425048828125,1.196014404296875,33529,0.17130613327026367,0.03743080049753189,0.004280536435544491,,,
198,,0.0004425048828125,1.413818359375,33539,0.18401098251342773,0.03547047823667526,0.004181723576039076,,,
198,,0.0004425048828125,1.0941925048828125,33549,0.10251641273498535,0.029752274975180626,0.0022263533901423216,,,
198,,0.0004425048828125,1.44451904296875,33559,0.018169879913330078,0.030143175274133682,0.0014200154691934586,,,
198,,0.0004425048828125,1.5733795166015625,33569,0.2760951519012451,0.029416564851999283,0.005721813999116421,,,
198,,0.0004425048828125,1.5733795166015625,33579,0.06294441223144531,0.030082324519753456,0.0016572478925809264,,,
198,,0.0004425048828125,1.237823486328125,33589,0.1597590446472168,0.0373886376619339,0.004088420886546373,,,
198,,0.0004425048828125,1.5102691650390625,33599,0.028927087783813477,0.030796829611063004,0.001662001945078373,,,
198,,0.0004425048828125,1.6177825927734375,33609,0.06786584854125977,0.029188474640250206,0.0017750859260559082,,,
198,,0.0004425048828125,1.0872802734375,33619,0.052042484283447266,0.028039708733558655,0.0014260613825172186,,,
198,,0.0004425048828125,1.2990570068359375,33629,0.03671908378601074,0.026794133707880974,0.0013054093578830361,,,
198,,,,33630,,,,0.07772643119096756,0.03326317295432091,0.002249249489977956
,0.0005,,,33631,,,,,,
199,,0.0004425048828125,1.4609832763671875,33639,0.04049992561340332,0.025969257578253746,0.001162928412668407,,,
199,,0.0004425048828125,1.05792236328125,33649,0.05804252624511719,0.021867109462618828,0.0010192638728767633,,,
199,,0.0004425048828125,1.2646331787109375,33659,0.031154632568359375,0.021889518946409225,0.0008174924296326935,,,
199,,0.0004425048828125,1.3369903564453125,33669,0.23895978927612305,0.02467648871243,0.0047309608198702335,,,
199,,0.0004425048828125,1.1782684326171875,33679,0.20981073379516602,0.029876692220568657,0.004578650929033756,,,
199,,0.0004425048828125,1.2258453369140625,33689,0.1774919033050537,0.033576544374227524,0.0036664102226495743,,,
199,,0.0004425048828125,1.51806640625,33699,0.09363937377929688,0.031586650758981705,0.002254266059026122,,,
199,,0.0004425048828125,1.16424560546875,33709,0.030536651611328125,0.024294571951031685,0.0010514550376683474,,,
199,,0.0004425048828125,1.23590087890625,33719,0.038520097732543945,0.02394012175500393,0.0010517591144889593,,,
199,,0.0004425048828125,1.2626953125,33729,0.046071767807006836,0.021701941266655922,0.0009500766173005104,,,
199,,0.0004425048828125,1.2434539794921875,33739,0.3312554359436035,0.02405707910656929,0.007200532592833042,,,
199,,0.0004425048828125,1.41131591796875,33749,0.22031092643737793,0.035502538084983826,0.005902407690882683,,,
199,,0.0004425048828125,1.38958740234375,33759,0.502601146697998,0.034038908779621124,0.015835072845220566,,,
199,,0.0004425048828125,1.4278564453125,33769,0.42771148681640625,0.04538954421877861,0.013424183242022991,,,
199,,0.0004425048828125,1.42889404296875,33779,0.12395215034484863,0.055742766708135605,0.006773654837161303,,,
199,,0.0004425048828125,1.3743896484375,33789,0.38384079933166504,0.04894834756851196,0.01280503161251545,,,
199,,0.0004425048828125,1.190948486328125,33799,0.20200379192829132,0.050166577100753784,0.006631253287196159,,,
199,,,,33799,,,,0.1938307136297226,0.0543823167681694,0.008101743645966053
,0.0005,,,33800,,,,,,
200,,0.0004425048828125,1.3186798095703125,33809,0.2512829303741455,0.04386431351304054,0.007218954153358936,,,
200,,0.0004425048828125,1.410064697265625,33819,0.09029150009155273,0.03805374726653099,0.0031446870416402817,,,
200,,0.0004425048828125,1.203125,33829,0.06968021392822266,0.0358802005648613,0.0023656359408050776,,,
200,,0.0004425048828125,1.5279998779296875,33839,0.13484573364257812,0.03591988980770111,0.0035638362169265747,,,
200,,0.0004425048828125,1.4474945068359375,33849,0.33856868743896484,0.03442682698369026,0.009601199068129063,,,
200,,0.0004425048828125,1.174224853515625,33859,0.556546688079834,0.035969097167253494,0.021629055961966515,,,
200,,0.0004425048828125,1.5848388671875,33869,0.13141870498657227,0.03297194465994835,0.003190406830981374,,,
200,,0.0004425048828125,0.9053497314453125,33879,0.07506990432739258,0.036183230578899384,0.0027278431225568056,,,
200,,0.0004425048828125,0.95709228515625,33889,0.07465195655822754,0.03678150475025177,0.0027344864793121815,,,
200,,0.0004425048828125,1.1732330322265625,33899,0.11511445045471191,0.029360413551330566,0.002216543536633253,,,
200,,0.0004425048828125,1.757232666015625,33909,0.12787723541259766,0.0299515463411808,0.0029198580887168646,,,
200,,0.0004425048828125,1.172760009765625,33919,0.07915973663330078,0.027879394590854645,0.001594955800101161,,,
200,,0.0004425048828125,1.3374786376953125,33929,0.10334467887878418,0.027839837595820427,0.0019000379834324121,,,
200,,0.0004425048828125,1.349700927734375,33939,0.03052520751953125,0.022102782502770424,0.0008363119559362531,,,
200,,0.0004425048828125,1.2023468017578125,33949,0.13798093795776367,0.023189688101410866,0.0019916407763957977,,,
200,,0.0004425048828125,1.1558380126953125,33959,0.04188990592956543,0.02226956933736801,0.0009710061131045222,,,
200,,,,33968,,,,0.05519911274313927,0.02867843583226204,0.0016263388097286224
,0.0005,,,33969,,,,,,
201,,0.0004425048828125,1.22357177734375,33969,0.04610157012939453,0.019801272079348564,0.0007867770036682487,,,
201,,0.0004425048828125,1.4899139404296875,33979,0.047972917556762695,0.022759446874260902,0.000993834575638175,,,
201,,0.0004425048828125,1.28814697265625,33989,0.08416390419006348,0.022807493805885315,0.001311403582803905,,,
201,,0.0004425048828125,1.724822998046875,33999,0.07222461700439453,0.023453406989574432,0.0014895448694005609,,,
201,,0.0004425048828125,1.5538787841796875,34009,0.04523420333862305,0.024493923410773277,0.0011124768061563373,,,
201,,0.0004425048828125,1.3511505126953125,34019,0.12728214263916016,0.02407682314515114,0.0018798033706843853,,,
201,,0.0004425048828125,1.1594390869140625,34029,0.056672096252441406,0.02388395369052887,0.0011775122256949544,,,
201,,0.0004425048828125,1.6123809814453125,34039,0.14843010902404785,0.023593362420797348,0.0022068480029702187,,,
201,,0.0004425048828125,1.6290130615234375,34049,0.027826786041259766,0.02579663321375847,0.0011568727204576135,,,
201,,0.0004425048828125,1.0763702392578125,34059,0.08272433280944824,0.02303037792444229,0.0012515932321548462,,,
201,,0.0004425048828125,1.426849365234375,34069,0.18196630477905273,0.022247476503252983,0.003844350576400757,,,
201,,0.0004425048828125,1.485107421875,34079,0.4979286193847656,0.029774583876132965,0.016634875908493996,,,
201,,0.0004425048828125,1.1921234130859375,34089,0.5295612812042236,0.03915483132004738,0.018006732687354088,,,
201,,0.0004425048828125,1.221160888671875,34099,0.6497418880462646,0.057850711047649384,0.038861021399497986,,,
201,,0.0004425048828125,1.227020263671875,34109,0.33290672302246094,0.05373049154877663,0.010990696027874947,,,
201,,0.0004425048828125,1.469512939453125,34119,0.1828446388244629,0.0535062775015831,0.006876304280012846,,,
201,,0.0004425048828125,1.557952880859375,34129,0.37504029273986816,0.04727274551987648,0.011696330271661282,,,
201,,,,34137,,,,0.3134399652481079,0.044248707592487335,0.009042230434715748
,0.0005,,,34138,,,,,,
202,,0.0004425048828125,1.4047088623046875,34139,0.16377639770507812,0.04107785224914551,0.004588088020682335,,,
202,,0.0004425048828125,1.22418212890625,34149,0.17626595497131348,0.03932894393801689,0.004158569499850273,,,
202,,0.0004425048828125,1.5132293701171875,34159,0.04785799980163574,0.03309795260429382,0.0018955657724291086,,,
202,,0.0004425048828125,1.2288055419921875,34169,0.04810309410095215,0.02736167423427105,0.001356302062049508,,,
202,,0.0004425048828125,1.146575927734375,34179,0.056414127349853516,0.025177616626024246,0.0012144269421696663,,,
202,,0.0004425048828125,1.4507904052734375,34189,0.02472066879272461,0.024599604308605194,0.0010275349486619234,,,
202,,0.0004425048828125,1.287506103515625,34199,0.05324220657348633,0.022670412436127663,0.0009621880017220974,,,
202,,0.0004425048828125,1.600799560546875,34209,0.05718994140625,0.02357242815196514,0.0011143437586724758,,,
202,,0.0004425048828125,1.251129150390625,34219,0.0771782398223877,0.020393120124936104,0.001141892746090889,,,
202,,0.0004425048828125,1.330810546875,34229,0.01565241813659668,0.019680747762322426,0.0006584561779163778,,,
202,,0.0004425048828125,1.54443359375,34239,0.23220491409301758,0.02396894432604313,0.0038259157445281744,,,
202,,0.0004425048828125,1.2196044921875,34249,0.1633007526397705,0.026508482173085213,0.0027084248140454292,,,
202,,0.0004425048828125,1.172821044921875,34259,0.1529557704925537,0.025271497666835785,0.002318211365491152,,,
202,,0.0004425048828125,1.3483123779296875,34269,0.07737517356872559,0.025788767263293266,0.001506378292106092,,,
202,,0.0004425048828125,1.1540374755859375,34279,0.4287562370300293,0.04454919695854187,0.012056042440235615,,,
202,,0.0004425048828125,1.647796630859375,34289,0.18666863441467285,0.03637702763080597,0.004065610468387604,,,
202,,0.0004425048828125,1.2861785888671875,34299,0.4790329933166504,0.046352725476026535,0.021319134160876274,,,
202,,,,34306,,,,0.4099687337875366,0.0474550724029541,0.015191844664514065
,0.0005,,,34307,,,,,,
203,,0.0004425048828125,1.4188385009765625,34309,0.0692448616027832,0.04599960520863533,0.003683311166241765,,,
203,,0.0004425048828125,1.3188934326171875,34319,0.17168927192687988,0.04221462458372116,0.004523851443082094,,,
203,,0.0004425048828125,1.41351318359375,34329,0.1080169677734375,0.036334071308374405,0.0030304270330816507,,,
203,,0.0004425048828125,1.377197265625,34339,0.06427597999572754,0.031822603195905685,0.0019372821552678943,,,
203,,0.0004425048828125,1.2823333740234375,34349,0.02426910400390625,0.026445802301168442,0.0012384074507281184,,,
203,,0.0004425048828125,1.2303466796875,34359,0.13992881774902344,0.02799876034259796,0.0023586417082697153,,,
203,,0.0004425048828125,1.5278778076171875,34369,0.1326894760131836,0.031742922961711884,0.002768567530438304,,,
203,,0.0004425048828125,1.344512939453125,34379,0.09578323364257812,0.024701416492462158,0.0015317013021558523,,,
203,,0.0004425048828125,1.1471405029296875,34389,0.1267702579498291,0.02915787883102894,0.002305759582668543,,,
203,,0.0004425048828125,1.4736175537109375,34399,0.01760244369506836,0.02626059204339981,0.0011838632635772228,,,
203,,0.0004425048828125,1.523651123046875,34409,0.07177090644836426,0.02786320261657238,0.0016441864427179098,,,
203,,0.0004425048828125,1.1746978759765625,34419,0.10190629959106445,0.02724229358136654,0.0018068457720801234,,,
203,,0.0004425048828125,1.2889862060546875,34429,0.12736916542053223,0.025403251871466637,0.002019065199419856,,,
203,,0.0004425048828125,1.12835693359375,34439,0.08085966110229492,0.02325202152132988,0.0014110675547271967,,,
203,,0.0004425048828125,1.28326416015625,34449,0.08991384506225586,0.02519872970879078,0.0016982017550617456,,,
203,,0.0004425048828125,1.2004241943359375,34459,0.052767038345336914,0.026967884972691536,0.0013804426416754723,,,
203,,0.0004425048828125,1.1262664794921875,34469,0.01651930809020996,0.023329060524702072,0.0008921814733184874,,,
203,,,,34475,,,,0.0543009452521801,0.028113607317209244,0.0015811400953680277
,0.0005,,,34476,,,,,,
204,,0.0004425048828125,1.4402313232421875,34479,0.0495152473449707,0.019796155393123627,0.0007982884999364614,,,
204,,0.0004425048828125,1.5756072998046875,34489,0.02684330940246582,0.021876376122236252,0.0008474181522615254,,,
204,,0.0004425048828125,1.139556884765625,34499,0.009642601013183594,0.02080867625772953,0.0006971273687668145,,,
204,,0.0004425048828125,1.27764892578125,34509,0.044862985610961914,0.019858643412590027,0.000728425569832325,,,
204,,0.0004425048828125,1.401947021484375,34519,0.00678253173828125,0.019266119226813316,0.0005823656683787704,,,
204,,0.0004425048828125,0.9574432373046875,34529,0.03753209114074707,0.020986147224903107,0.0008173807291314006,,,
204,,0.0004425048828125,1.5037689208984375,34539,0.023961782455444336,0.021505611017346382,0.0008132176590152085,,,
204,,0.0004425048828125,1.6669464111328125,34549,0.11928939819335938,0.020558934658765793,0.0015961057506501675,,,
204,,0.0004425048828125,1.6531829833984375,34559,0.0601043701171875,0.020215019583702087,0.0008166744955815375,,,
204,,0.0004425048828125,1.20855712890625,34569,0.07024812698364258,0.020252931863069534,0.0009073214023374021,,,
204,,0.0004425048828125,1.4396209716796875,34579,0.0829155445098877,0.01956227608025074,0.0010099519276991487,,,
204,,0.0004425048828125,1.1824188232421875,34589,0.04760289192199707,0.020110728219151497,0.0007595823262818158,,,
204,,0.0004425048828125,1.226226806640625,34599,0.021974802017211914,0.019625013694167137,0.0006406409083865583,,,
204,,0.0004425048828125,1.2504730224609375,34609,0.025173664093017578,0.02174055203795433,0.0008170210639946163,,,
204,,0.0004425048828125,1.097808837890625,34619,0.06980609893798828,0.025058288127183914,0.0014331408310681581,,,
204,,0.0004425048828125,1.206756591796875,34629,0.06197953224182129,0.022987371310591698,0.001170470379292965,,,
204,,0.0004425048828125,1.4322662353515625,34639,0.22814655303955078,0.02288341149687767,0.0038146700244396925,,,
204,,,,34644,,,,0.07338957488536835,0.030421679839491844,0.001995486905798316
,0.0005,,,34645,,,,,,
205,,0.0004425048828125,1.3414154052734375,34649,0.15798187255859375,0.024690911173820496,0.0024077920243144035,,,
205,,0.0004425048828125,1.2673492431640625,34659,0.29012107849121094,0.027944467961788177,0.005839097313582897,,,
205,,0.0004425048828125,1.69744873046875,34669,0.26059508323669434,0.027053702622652054,0.005011719185858965,,,
205,,0.0004425048828125,1.0454864501953125,34679,0.07085967063903809,0.02817203477025032,0.0019290205091238022,,,
205,,0.0004425048828125,1.0521240234375,34689,0.16165542602539062,0.02521214820444584,0.0024468377232551575,,,
205,,0.0004425048828125,1.2284393310546875,34699,0.12787532806396484,0.0264815092086792,0.0023312955163419247,,,
205,,0.0004425048828125,1.3124542236328125,34709,0.08838129043579102,0.026707498356699944,0.0017619666177779436,,,
205,,0.0004425048828125,1.3959503173828125,34719,0.044074058532714844,0.024615533649921417,0.0010732534574344754,,,
205,,0.0004425048828125,1.3959503173828125,34729,0.05534696578979492,0.02400165982544422,0.0011648994404822588,,,
205,,0.0004425048828125,1.4804229736328125,34739,0.03521561622619629,0.021624760702252388,0.0008619002182967961,,,
205,,0.0004425048828125,1.3362884521484375,34749,0.03603768348693848,0.0203142948448658,0.000732515356503427,,,
205,,0.0004425048828125,1.4634857177734375,34759,0.07376766204833984,0.02266833931207657,0.0011842556996271014,,,
205,,0.0004425048828125,1.36328125,34769,0.05840039253234863,0.02255149930715561,0.0011841310188174248,,,
205,,0.0004425048828125,1.102447509765625,34779,0.03609895706176758,0.021922409534454346,0.0008546983008272946,,,
205,,0.0004425048828125,1.48345947265625,34789,0.14322233200073242,0.023673897609114647,0.0019503491930663586,,,
205,,0.0004425048828125,1.33197021484375,34799,0.03375387191772461,0.02200930006802082,0.0008708308450877666,,,
205,,0.0004425048828125,1.3329010009765625,34809,0.009784698486328125,0.018863167613744736,0.0005674099083989859,,,
205,,,,34813,,,,0.04285930469632149,0.027241092175245285,0.0014034456107765436
,0.0005,,,34814,,,,,,
206,,0.0004425048828125,1.31597900390625,34819,0.04066658020019531,0.01907576248049736,0.0007006832165643573,,,
206,,0.0004425048828125,1.267242431640625,34829,0.028246641159057617,0.020761549472808838,0.0007768538780510426,,,
206,,0.0004425048828125,1.7705841064453125,34839,0.04902172088623047,0.020543500781059265,0.0008459960808977485,,,
206,,0.0004425048828125,1.6058502197265625,34849,0.05435442924499512,0.01921863853931427,0.0007519574137404561,,,
206,,0.0004425048828125,1.714080810546875,34859,0.031249284744262695,0.01892920769751072,0.0006604441441595554,,,
206,,0.0004425048828125,1.1873626708984375,34869,0.06364607810974121,0.019870741292834282,0.0009224802488461137,,,
206,,0.0004425048828125,1.3578643798828125,34879,0.05543255805969238,0.020574219524860382,0.0009312026668339968,,,
206,,0.0004425048828125,1.4133148193359375,34889,0.08053421974182129,0.0195755735039711,0.0009781827684491873,,,
206,,0.0004425048828125,1.3496856689453125,34899,0.06786465644836426,0.02168288268148899,0.0011214327532798052,,,
206,,0.0004425048828125,1.7183990478515625,34909,0.020561933517456055,0.022023022174835205,0.0008058608509600163,,,
206,,0.0004425048828125,1.3892974853515625,34919,0.02297830581665039,0.019527645781636238,0.000661809288430959,,,
206,,0.0004425048828125,1.8092193603515625,34929,0.07477259635925293,0.020458485931158066,0.001052921754308045,,,
206,,0.0004425048828125,1.1363372802734375,34939,0.07962155342102051,0.020414454862475395,0.0011689352104440331,,,
206,,0.0004425048828125,1.3505401611328125,34949,0.09946322441101074,0.021398473531007767,0.0013570103328675032,,,
206,,0.0004425048828125,1.130462646484375,34959,0.061434030532836914,0.01946803368628025,0.000906432862393558,,,
206,,0.0004425048828125,1.2974853515625,34969,0.034818172454833984,0.018875669687986374,0.0007275532698258758,,,
206,,0.0004425048828125,1.4902801513671875,34979,0.11223554611206055,0.02117314748466015,0.0014556105015799403,,,
206,,,,34982,,,,0.16540515422821045,0.027214596047997475,0.003164747729897499
,0.0005,,,34983,,,,,,
207,,0.0004425048828125,1.35028076171875,34989,0.05302095413208008,0.02209503948688507,0.0009608813561499119,,,
207,,0.0004425048828125,1.7197113037109375,34999,0.023807764053344727,0.022547589614987373,0.0008994572563096881,,,
207,,0.0004425048828125,1.6369781494140625,35009,0.02646183967590332,0.02060033194720745,0.0007415924919769168,,,
207,,0.0004425048828125,1.4377593994140625,35019,0.1927928924560547,0.01889169216156006,0.0026813161093741655,,,
207,,0.0004425048828125,1.2640228271484375,35029,0.07058048248291016,0.027318602427840233,0.0015941071324050426,,,
207,,0.0004425048828125,1.350738525390625,35039,0.14679718017578125,0.029873032122850418,0.0026720156893134117,,,
207,,0.0004425048828125,1.2005462646484375,35049,0.5059995651245117,0.03592267259955406,0.015432683750987053,,,
207,,0.0004425048828125,1.239959716796875,35059,0.5047121047973633,0.0561712272465229,0.021393824368715286,,,
207,,0.0004425048828125,1.7611846923828125,35069,0.5630578994750977,0.0811275988817215,0.029430489987134933,,,
207,,0.0004425048828125,1.2470245361328125,35079,0.37229371070861816,0.054152265191078186,0.013507148250937462,,,
207,,0.0004425048828125,1.1151275634765625,35089,0.300900936126709,0.0625358447432518,0.01154066901654005,,,
207,,0.0004425048828125,1.1110687255859375,35099,0.2119753360748291,0.053761888295412064,0.007775918114930391,,,
207,,0.0004425048828125,1.3023529052734375,35109,0.34882092475891113,0.05310676991939545,0.011133091524243355,,,
207,,0.0004425048828125,1.496673583984375,35119,0.5889103412628174,0.04041760042309761,0.023137884214520454,,,
207,,0.0004425048828125,1.6468353271484375,35129,0.1325688362121582,0.04046346992254257,0.0038778004236519337,,,
207,,0.0004425048828125,1.3913726806640625,35139,0.08354473114013672,0.039202816784381866,0.0031180500518530607,,,
207,,0.0004425048828125,1.23687744140625,35149,0.42545080184936523,0.051519256085157394,0.015627630054950714,,,
207,,,,35151,,,,0.160676047205925,0.04882276803255081,0.006240466609597206
,0.0005,,,35152,,,,,,
208,,0.0004425048828125,1.4328460693359375,35159,0.08424949645996094,0.037230901420116425,0.002800621325150132,,,
208,,0.0004425048828125,1.232391357421875,35169,0.2289109230041504,0.03239770606160164,0.004367130342870951,,,
208,,0.0004425048828125,1.5413970947265625,35179,0.5142030715942383,0.03193244710564613,0.019423717632889748,,,
208,,0.0004425048828125,1.2197113037109375,35189,0.2500796318054199,0.05712742358446121,0.008928051218390465,,,
208,,0.0004425048828125,1.2612457275390625,35199,0.10689544677734375,0.0498923659324646,0.005008455365896225,,,
208,,0.0004425048828125,1.2074432373046875,35209,0.25899529457092285,0.041239261627197266,0.0069826338440179825,,,
208,,0.0004425048828125,1.25787353515625,35219,0.26648473739624023,0.040689513087272644,0.009028211236000061,,,
208,,0.0004425048828125,1.2948760986328125,35229,0.12097573280334473,0.03879370167851448,0.003338365349918604,,,
208,,0.0004425048828125,1.3219757080078125,35239,0.09839272499084473,0.032963626086711884,0.002584166591987014,,,
208,,0.0004425048828125,1.3390960693359375,35249,0.05399966239929199,0.02932279370725155,0.0015618150355294347,,,
208,,0.0004425048828125,1.66973876953125,35259,0.07709169387817383,0.02430064044892788,0.0013014235300943255,,,
208,,0.0004425048828125,1.4485015869140625,35269,0.1343827247619629,0.024708576500415802,0.002175882924348116,,,
208,,0.0004425048828125,1.0777130126953125,35279,0.15745854377746582,0.023808080703020096,0.0021679247729480267,,,
208,,0.0004425048828125,1.30218505859375,35289,0.2168738842010498,0.02516012080013752,0.003478709375485778,,,
208,,0.0004425048828125,1.2017364501953125,35299,0.03289294242858887,0.02519836835563183,0.0011372147127985954,,,
208,,0.0004425048828125,1.135284423828125,35309,0.039305686950683594,0.024086622521281242,0.0010393736883997917,,,
208,,0.0004425048828125,1.779541015625,35319,0.03328537940979004,0.022953735664486885,0.0009770389879122376,,,
208,,,,35320,,,,0.0760936513543129,0.02856413647532463,0.0018108222866430879
,0.0005,,,35321,,,,,,
209,,0.0004425048828125,1.1840972900390625,35329,0.029869556427001953,0.021762285381555557,0.0008310952689498663,,,
209,,0.0004425048828125,1.4700775146484375,35339,0.03803277015686035,0.02352411113679409,0.0010141065577045083,,,
209,,0.0004425048828125,1.2158660888671875,35349,0.05754685401916504,0.021734200417995453,0.0009369690087623894,,,
209,,0.0004425048828125,1.2647552490234375,35359,0.029799461364746094,0.02068975754082203,0.0007247064495459199,,,
209,,0.0004425048828125,1.3584747314453125,35369,0.07696914672851562,0.021790144965052605,0.0010912521975114942,,,
209,,0.0004425048828125,1.514251708984375,35379,0.08687663078308105,0.02320391684770584,0.0014011770254001021,,,
209,,0.0004425048828125,1.1882476806640625,35389,0.14693927764892578,0.023519109934568405,0.002166199963539839,,,
209,,0.0004425048828125,1.152740478515625,35399,0.09065437316894531,0.022260844707489014,0.001278965501114726,,,
209,,0.0004425048828125,1.27978515625,35409,0.045500993728637695,0.022010883316397667,0.0009212919976562262,,,
209,,0.0004425048828125,1.4903106689453125,35419,0.03249073028564453,0.021551143378019333,0.0008405217085964978,,,
209,,0.0004425048828125,1.102081298828125,35429,0.18046164512634277,0.02269529178738594,0.0025329790078103542,,,
209,,0.0004425048828125,1.63702392578125,35439,0.10021805763244629,0.022227417677640915,0.0015607539098709822,,,
209,,0.0004425048828125,1.644317626953125,35449,0.08882761001586914,0.020790377631783485,0.001108123455196619,,,
209,,0.0004425048828125,1.2112579345703125,35459,0.013684272766113281,0.020810700953006744,0.0006987296510487795,,,
209,,0.0004425048828125,1.10546875,35469,0.050566673278808594,0.023136364296078682,0.0010042241774499416,,,
209,,0.0004425048828125,1.089111328125,35479,0.1668541431427002,0.023413611575961113,0.0022955702152103186,,,
209,,0.0004425048828125,1.089019775390625,35489,0.01389312744140625,0.019670018926262856,0.0005993770319037139,,,
209,,,,35489,,,,0.19762404263019562,0.028677545487880707,0.0038123882841318846
,0.0005,,,35490,,,,,,
210,,0.0004425048828125,1.137847900390625,35499,0.06061983108520508,0.02354097180068493,0.0011409362778067589,,,
210,,0.0004425048828125,1.1067657470703125,35509,0.11522197723388672,0.024771230295300484,0.0018368249293416739,,,
210,,0.0004425048828125,1.052642822265625,35519,0.1917109489440918,0.024043221026659012,0.0030050273053348064,,,
210,,0.0004425048828125,1.1572113037109375,35529,0.0634918212890625,0.023052018135786057,0.001243998296558857,,,
210,,0.0004425048828125,1.20562744140625,35539,0.221282958984375,0.025991588830947876,0.0036513442173600197,,,
210,,0.0004425048828125,1.340728759765625,35549,0.13869047164916992,0.02933078445494175,0.0025432296097278595,,,
210,,0.0004425048828125,1.2667083740234375,35559,0.2504749298095703,0.030702706426382065,0.007018319331109524,,,
210,,0.0004425048828125,1.277252197265625,35569,0.09413480758666992,0.023685123771429062,0.0014997355174273252,,,
210,,0.0004425048828125,1.2229461669921875,35579,0.10185980796813965,0.025445476174354553,0.0017472206382080913,,,
210,,0.0004425048828125,1.6555633544921875,35589,0.09479904174804688,0.02619396150112152,0.0016580666415393353,,,
210,,0.0004425048828125,1.7310028076171875,35599,0.10935163497924805,0.023810720071196556,0.002154821529984474,,,
210,,0.0004425048828125,1.1425628662109375,35609,0.25255727767944336,0.024234166368842125,0.005276018753647804,,,
210,,0.0004425048828125,1.3602447509765625,35619,0.16026663780212402,0.027334680780768394,0.0029514702036976814,,,
210,,0.0004425048828125,1.298248291015625,35629,0.22573566436767578,0.025459295138716698,0.00396666070446372,,,
210,,0.0004425048828125,1.4915924072265625,35639,0.2694399356842041,0.03369837626814842,0.005998451262712479,,,
210,,0.0004425048828125,1.7527313232421875,35649,0.13090991973876953,0.027956632897257805,0.0023529822938144207,,,
210,,,,35658,,,,0.19329243898391724,0.03393522650003433,0.00428788410499692
,0.0005,,,35659,,,,,,
211,,0.0004425048828125,1.530487060546875,35659,0.15622735023498535,0.029734529554843903,0.002879709005355835,,,
211,,0.0004425048828125,1.5219573974609375,35669,0.29758238792419434,0.030536195263266563,0.0067910607904195786,,,
211,,0.0004425048828125,1.5905609130859375,35679,0.31322622299194336,0.03181400150060654,0.009211412630975246,,,
211,,0.0004425048828125,1.4441375732421875,35689,0.1454470157623291,0.02985301800072193,0.00286210048943758,,,
211,,0.0004425048828125,1.419647216796875,35699,0.1202998161315918,0.028589647263288498,0.0028941375203430653,,,
211,,0.0004425048828125,1.775909423828125,35709,0.14032983779907227,0.027285752817988396,0.00253704353235662,,,
211,,0.0004425048828125,1.2599639892578125,35719,0.14296627044677734,0.019329752773046494,0.0016700910637155175,,,
211,,0.0004425048828125,1.6696929931640625,35729,0.06676697731018066,0.027485866099596024,0.0015462951269000769,,,
211,,0.0004425048828125,1.36279296875,35739,0.06126832962036133,0.022704973816871643,0.0011286314111202955,,,
211,,0.0004425048828125,1.41644287109375,35749,0.07722854614257812,0.02114778384566307,0.0010614832863211632,,,
211,,0.0004425048828125,1.8988800048828125,35759,0.0603938102722168,0.021336261183023453,0.0009881298756226897,,,
211,,0.0004425048828125,1.40643310546875,35769,0.07045412063598633,0.021285388618707657,0.0010165154235437512,,,
211,,0.0004425048828125,1.3367767333984375,35779,0.03696298599243164,0.01897570863366127,0.0006504087941721082,,,
211,,0.0004425048828125,1.4894256591796875,35789,0.3276236057281494,0.024762609973549843,0.007944710552692413,,,
211,,0.0004425048828125,1.4894256591796875,35799,0.08154535293579102,0.02491268888115883,0.001438717357814312,,,
211,,0.0004425048828125,1.5420074462890625,35809,0.18760132789611816,0.026828432455658913,0.00357044767588377,,,
211,,0.0004425048828125,1.560272216796875,35819,0.12221360206604004,0.02974756807088852,0.0021848687902092934,,,
211,,,,35827,,,,0.14054083824157715,0.032854218035936356,0.0032968365121632814
,0.0005,,,35828,,,,,,
212,,0.0004425048828125,1.635498046875,35829,0.061928749084472656,0.026003742590546608,0.0013269225601106882,,,
212,,0.0004425048828125,1.434661865234375,35839,0.11238527297973633,0.02418409287929535,0.0018483249004930258,,,
212,,0.0004425048828125,1.512908935546875,35849,0.06781363487243652,0.02361697144806385,0.0011791274882853031,,,
212,,0.0004425048828125,1.518280029296875,35859,0.03606057167053223,0.025378959253430367,0.0011020370293408632,,,
212,,0.0004425048828125,1.5125274658203125,35869,0.03461742401123047,0.02024800144135952,0.0007868818356655538,,,
212,,0.0004425048828125,1.7306365966796875,35879,0.02819538116455078,0.02442740648984909,0.001016124151647091,,,
212,,0.0004425048828125,1.5889739990234375,35889,0.02639937400817871,0.022762922570109367,0.0009660008363425732,,,
212,,0.0004425048828125,1.7125244140625,35899,0.02429962158203125,0.01976351998746395,0.0006767681334167719,,,
212,,0.0004425048828125,1.7319488525390625,35909,0.1273195743560791,0.025324545800685883,0.002056179801002145,,,
212,,0.0004425048828125,1.383819580078125,35919,0.22135400772094727,0.026381084695458412,0.0037911711260676384,,,
212,,0.0004425048828125,1.7469940185546875,35929,0.06400585174560547,0.024391058832406998,0.0012452148366719484,,,
212,,0.0004425048828125,1.80670166015625,35939,0.08506011962890625,0.023198578506708145,0.001283874618820846,,,
212,,0.0004425048828125,1.635589599609375,35949,0.040235042572021484,0.02221449464559555,0.0008999646524898708,,,
212,,0.0004425048828125,1.7941131591796875,35959,0.039694786071777344,0.0198166836053133,0.0007278716657310724,,,
212,,0.0004425048828125,1.2479705810546875,35969,0.048895835876464844,0.021585926413536072,0.0009726597927510738,,,
212,,0.0004425048828125,1.2598419189453125,35979,0.15824007987976074,0.024654753506183624,0.0024866212625056505,,,
212,,0.0004425048828125,1.319091796875,35989,0.10455560684204102,0.024914545938372612,0.0015067837666720152,,,
212,,,,35996,,,,0.10431677848100662,0.03284215182065964,0.0026161065325140953
,0.0005,,,35997,,,,,,
213,,0.0004425048828125,1.2921142578125,35999,0.20667195320129395,0.026136301457881927,0.003447538008913398,,,
213,,0.0004425048828125,1.0556793212890625,36009,0.302997350692749,0.031099803745746613,0.006739394273608923,,,
213,,0.0004425048828125,1.0649566650390625,36019,0.19765067100524902,0.027956942096352577,0.0034897865261882544,,,
213,,0.0004425048828125,1.3817901611328125,36029,0.13435053825378418,0.03215942904353142,0.002852560020983219,,,
213,,0.0004425048828125,1.114715576171875,36039,0.17968225479125977,0.029985474422574043,0.0041861203499138355,,,
213,,0.0004425048828125,1.2536468505859375,36049,0.0873715877532959,0.030279844999313354,0.0019271888304501772,,,
213,,0.0004425048828125,1.4307098388671875,36059,0.058960914611816406,0.02671886421740055,0.0014504403807222843,,,
213,,0.0004425048828125,1.350006103515625,36069,0.06456732749938965,0.02684866078197956,0.0015493683749809861,,,
213,,0.0004425048828125,1.165435791015625,36079,0.04607415199279785,0.028965311124920845,0.0016210834728553891,,,
213,,0.0004425048828125,1.36798095703125,36089,0.07128429412841797,0.022474421188235283,0.0010850063990801573,,,
213,,0.0004425048828125,1.5360260009765625,36099,0.07007431983947754,0.021534031257033348,0.0011717552551999688,,,
213,,0.0004425048828125,1.1950225830078125,36109,0.03654766082763672,0.019841104745864868,0.000780087779276073,,,
213,,0.0004425048828125,0.82025146484375,36119,0.022963285446166992,0.017350202426314354,0.0005293903523124754,,,
213,,0.0004425048828125,1.585205078125,36129,0.06703853607177734,0.019369957968592644,0.0008332971483469009,,,
213,,0.0004425048828125,1.4038848876953125,36139,0.09625434875488281,0.02024109847843647,0.0011941464617848396,,,
213,,0.0004425048828125,1.2193756103515625,36149,0.02786874771118164,0.02188737504184246,0.0008319422486238182,,,
213,,0.0004425048828125,1.2992706298828125,36159,0.14211273193359375,0.023301947861909866,0.001983201364055276,,,
213,,,,36165,,,,0.1648906022310257,0.028841109946370125,0.0031172125600278378
,0.0005,,,36166,,,,,,
214,,0.0004425048828125,1.3875579833984375,36169,0.19191455841064453,0.020952830091118813,0.0027577951550483704,,,
214,,0.0004425048828125,1.8046417236328125,36179,0.08942747116088867,0.025188621133565903,0.0016245520673692226,,,
214,,0.0004425048828125,1.26446533203125,36189,0.22548174858093262,0.025819098576903343,0.0038063875399529934,,,
214,,0.0004425048828125,1.175323486328125,36199,0.19951438903808594,0.025603627786040306,0.0036657031159847975,,,
214,,0.0004425048828125,1.3240966796875,36209,0.3121662139892578,0.03521842509508133,0.006989865563809872,,,
214,,0.0004425048828125,1.4260101318359375,36219,0.18214893341064453,0.027490824460983276,0.002973354421555996,,,
214,,0.0004425048828125,1.280792236328125,36229,0.22614216804504395,0.040362607687711716,0.0067697446793317795,,,
214,,0.0004425048828125,1.46844482421875,36239,0.2600846290588379,0.04737687110900879,0.009855888783931732,,,
214,,0.0004425048828125,1.3936004638671875,36249,0.3605313301086426,0.05087139829993248,0.010868905112147331,,,
214,,0.0004425048828125,1.354034423828125,36259,0.43414878845214844,0.050486065447330475,0.017120253294706345,,,
214,,0.0004425048828125,1.3194427490234375,36269,0.34717273712158203,0.04501813277602196,0.0115153593942523,,,
214,,0.0004425048828125,1.2896881103515625,36279,0.21785354614257812,0.04218010604381561,0.006193747743964195,,,
214,,0.0004425048828125,1.474395751953125,36289,0.2154998779296875,0.036379653960466385,0.00468766363337636,,,
214,,0.0004425048828125,1.463592529296875,36299,0.09816813468933105,0.04301317781209946,0.00410007918253541,,,
214,,0.0004425048828125,1.5000762939453125,36309,0.18091082572937012,0.04565669223666191,0.0054064467549324036,,,
214,,0.0004425048828125,1.3565826416015625,36319,0.2559947967529297,0.03603637218475342,0.007585139945149422,,,
214,,0.0004425048828125,1.572540283203125,36329,0.1363840103149414,0.03886231407523155,0.0039060155395418406,,,
214,,,,36334,,,,0.06489641964435577,0.04184476658701897,0.003215800505131483
,0.0005,,,36335,,,,,,
215,,0.0004425048828125,1.305267333984375,36339,0.47578883171081543,0.040360502898693085,0.015562084503471851,,,
215,,0.0004425048828125,1.276123046875,36349,0.06966423988342285,0.03517494723200798,0.0025174948386847973,,,
215,,0.0004425048828125,1.353851318359375,36359,0.20050764083862305,0.03393599018454552,0.005878359079360962,,,
215,,0.0004425048828125,1.1282806396484375,36369,0.1860976219177246,0.034209463745355606,0.004390039015561342,,,
215,,0.0004425048828125,1.3398284912109375,36379,0.23736190795898438,0.036506928503513336,0.005183317698538303,,,
215,,0.0004425048828125,1.4713134765625,36389,0.18640995025634766,0.048959143459796906,0.0065416498109698296,,,
215,,0.0004425048828125,1.22705078125,36399,0.5455148220062256,0.0452776737511158,0.020497186109423637,,,
215,,0.0004425048828125,1.2001953125,36409,0.14897632598876953,0.045123737305402756,0.005509106442332268,,,
215,,0.0004425048828125,1.2307586669921875,36419,0.040929555892944336,0.04489394649863243,0.003788603702560067,,,
215,,0.0004425048828125,1.66351318359375,36429,0.07013344764709473,0.038807038217782974,0.002720991149544716,,,
215,,0.0004425048828125,1.4761962890625,36439,0.1291801929473877,0.028151988983154297,0.0025686481967568398,,,
215,,0.0004425048828125,1.551239013671875,36449,0.02336907386779785,0.025947896763682365,0.0011151176877319813,,,
215,,0.0004425048828125,1.3369903564453125,36459,0.19657540321350098,0.027861924842000008,0.003310352098196745,,,
215,,0.0004425048828125,1.3375701904296875,36469,0.07104635238647461,0.022862471640110016,0.0011331443674862385,,,
215,,0.0004425048828125,1.1621551513671875,36479,0.20498037338256836,0.02705634944140911,0.003618363756686449,,,
215,,0.0004425048828125,1.0970001220703125,36489,0.10935163497924805,0.02696165442466736,0.0018968061776831746,,,
215,,0.0004425048828125,1.4735107421875,36499,0.10724043846130371,0.02394622191786766,0.0016172433970496058,,,
215,,,,36503,,,,0.12902462482452393,0.031101549044251442,0.0027726651169359684
,0.0005,,,36504,,,,,,
216,,0.0004425048828125,1.3853607177734375,36509,0.05466461181640625,0.02229398488998413,0.0010278746485710144,,,
216,,0.0004425048828125,1.24420166015625,36519,0.059538841247558594,0.023678865283727646,0.001113386359065771,,,
216,,0.0004425048828125,1.5102386474609375,36529,0.15530157089233398,0.022560274228453636,0.0024984735064208508,,,
216,,0.0004425048828125,1.4525604248046875,36539,0.06196260452270508,0.02134556509554386,0.0009763642447069287,,,
216,,0.0004425048828125,1.3590240478515625,36549,0.04791522026062012,0.02748849056661129,0.0014778354670852423,,,
216,,0.0004425048828125,1.2010040283203125,36559,0.34573936462402344,0.026598727330565453,0.007779429666697979,,,
216,,0.0004425048828125,1.550079345703125,36569,0.44153547286987305,0.0339982844889164,0.014582078903913498,,,
216,,0.0004425048828125,1.572265625,36579,0.3865392208099365,0.03738633915781975,0.011712659150362015,,,
216,,0.0004425048828125,1.542755126953125,36589,0.3250999450683594,0.038417235016822815,0.011142082512378693,,,
216,,0.0004425048828125,1.1993865966796875,36599,0.5619795322418213,0.0486011765897274,0.020810041576623917,,,
216,,0.0004425048828125,1.232208251953125,36609,0.21575927734375,0.05820822715759277,0.009799366816878319,,,
216,,0.0004425048828125,1.1478118896484375,36619,0.16912555694580078,0.04555102810263634,0.005162958055734634,,,
216,,0.0004425048828125,1.065032958984375,36629,0.35460472106933594,0.03930162265896797,0.010584265924990177,,,
216,,0.0004425048828125,1.321380615234375,36639,0.33144569396972656,0.03881631791591644,0.009773669764399529,,,
216,,0.0004425048828125,1.1907196044921875,36649,0.09938430786132812,0.03518877923488617,0.0026886716950684786,,,
216,,0.0004425048828125,1.23388671875,36659,0.1468954086303711,0.03331069275736809,0.0035132444463670254,,,
216,,0.0004425048828125,1.4481048583984375,36669,0.09040713310241699,0.030218590050935745,0.0019994366448372602,,,
216,,,,36672,,,,0.052486520260572433,0.03250758349895477,0.0019463702337816358
,0.0005,,,36673,,,,,,
217,,0.0004425048828125,1.1128082275390625,36679,0.15190672874450684,0.027332929894328117,0.002810168080031872,,,
217,,0.0004425048828125,1.1836700439453125,36689,0.08578205108642578,0.02762456238269806,0.0018429155461490154,,,
217,,0.0004425048828125,1.1834716796875,36699,0.08107995986938477,0.020284287631511688,0.001103497575968504,,,
217,,0.0004425048828125,1.317230224609375,36709,0.040148258209228516,0.02202783152461052,0.0009296826901845634,,,
217,,0.0004425048828125,1.2906494140625,36719,0.21962499618530273,0.026096533983945847,0.006933403667062521,,,
217,,0.0004425048828125,1.219757080078125,36729,0.24598956108093262,0.027470596134662628,0.004892593249678612,,,
217,,0.0004425048828125,1.405120849609375,36739,0.19559407234191895,0.031404465436935425,0.003820461221039295,,,
217,,0.0004425048828125,1.06292724609375,36749,0.18314313888549805,0.028301367536187172,0.0038792327977716923,,,
217,,0.0004425048828125,1.4996795654296875,36759,0.06839704513549805,0.024286294355988503,0.0012848859187215567,,,
217,,0.0004425048828125,1.5215606689453125,36769,0.13225507736206055,0.023242473602294922,0.0018918989226222038,,,
217,,0.0004425048828125,1.2508544921875,36779,0.12453079223632812,0.0253260750323534,0.002069636946544051,,,
217,,0.0004425048828125,1.1235504150390625,36789,0.08890652656555176,0.024279991164803505,0.0015700985677540302,,,
217,,0.0004425048828125,1.3389892578125,36799,0.22227239608764648,0.03032594546675682,0.004166372586041689,,,
217,,0.0004425048828125,1.5437469482421875,36809,0.17890548706054688,0.037958670407533646,0.004849067889153957,,,
217,,0.0004425048828125,1.5437469482421875,36819,0.18345069885253906,0.041604578495025635,0.005132961552590132,,,
217,,0.0004425048828125,1.156585693359375,36829,0.281632661819458,0.03845136612653732,0.006640354171395302,,,
217,,0.0004425048828125,1.339508056640625,36839,0.15984749794006348,0.030927399173378944,0.0034663318656384945,,,
217,,,,36841,,,,0.2854401171207428,0.03788835182785988,0.0076210992410779
,0.0005,,,36842,,,,,,
218,,0.0004425048828125,1.29669189453125,36849,0.4933936595916748,0.029383832588791847,0.01486827339977026,,,
218,,0.0004425048828125,1.2762298583984375,36859,0.06137275695800781,0.029014071449637413,0.0016286071622744203,,,
218,,0.0004425048828125,1.3842315673828125,36869,0.1665809154510498,0.028521958738565445,0.002902544569224119,,,
218,,0.0004425048828125,1.2476806640625,36879,0.07403826713562012,0.02531898207962513,0.0014796266332268715,,,
218,,0.0004425048828125,1.5931396484375,36889,0.08216476440429688,0.030782289803028107,0.0021778505761176348,,,
218,,0.0004425048828125,1.8411865234375,36899,0.22951340675354004,0.03336617350578308,0.005666018463671207,,,
218,,0.0004425048828125,1.2002410888671875,36909,0.05272173881530762,0.027440061792731285,0.001515657058916986,,,
218,,0.0004425048828125,1.1081085205078125,36919,0.13325953483581543,0.02616962045431137,0.002406141720712185,,,
218,,0.0004425048828125,1.5551910400390625,36929,0.14573216438293457,0.024062227457761765,0.002213445957750082,,,
218,,0.0004425048828125,1.4580535888671875,36939,0.030025482177734375,0.021522078663110733,0.0008496735827066004,,,
218,,0.0004425048828125,1.107208251953125,36949,0.048651695251464844,0.021794097498059273,0.0009107048390433192,,,
218,,0.0004425048828125,1.2630157470703125,36959,0.021412372589111328,0.021750736981630325,0.0008102231658995152,,,
218,,0.0004425048828125,1.2635040283203125,36969,0.03376507759094238,0.019757241010665894,0.0007180870161391795,,,
218,,0.0004425048828125,1.079345703125,36979,0.06692957878112793,0.021168803796172142,0.001032017869874835,,,
218,,0.0004425048828125,1.6237640380859375,36989,0.13401317596435547,0.021709466353058815,0.0017795634921640158,,,
218,,0.0004425048828125,1.091949462890625,36999,0.3561208248138428,0.022914880886673927,0.00841988530009985,,,
218,,0.0004425048828125,1.21337890625,37009,0.04296517372131348,0.028050202876329422,0.0013703580480068922,,,
218,,,,37010,,,,0.07326633483171463,0.030672017484903336,0.001954156206920743
,0.0005,,,37011,,,,,,
219,,0.0004425048828125,1.2224884033203125,37019,0.20310640335083008,0.022421324625611305,0.0031979086343199015,,,
219,,0.0004425048828125,1.5046234130859375,37029,0.20868158340454102,0.026106763631105423,0.004080906044691801,,,
219,,0.0004425048828125,1.4903564453125,37039,0.07819032669067383,0.0318794921040535,0.0021301712840795517,,,
219,,0.0004425048828125,1.6560821533203125,37049,0.07743287086486816,0.02958773821592331,0.0018023940501734614,,,
219,,0.0004425048828125,1.5706787109375,37059,0.05879855155944824,0.02488434500992298,0.0011594772804528475,,,
219,,0.0004425048828125,1.3001251220703125,37069,0.019985198974609375,0.02132336236536503,0.0007782182074151933,,,
219,,0.0004425048828125,1.2490997314453125,37079,0.21576213836669922,0.024734536185860634,0.0034171417355537415,,,
219,,0.0004425048828125,1.5616912841796875,37089,0.09580588340759277,0.022581204771995544,0.0013896322343498468,,,
219,,0.0004425048828125,1.2324371337890625,37099,0.04087209701538086,0.023063257336616516,0.0009734224295243621,,,
219,,0.0004425048828125,1.137298583984375,37109,0.047631263732910156,0.019184967502951622,0.0007038275944069028,,,
219,,0.0004425048828125,1.19866943359375,37119,0.06777358055114746,0.021346870809793472,0.0010878953617066145,,,
219,,0.0004425048828125,1.264404296875,37129,0.0443265438079834,0.022805731743574142,0.0010611878242343664,,,
219,,0.0004425048828125,0.8223114013671875,37139,0.06333112716674805,0.01984841749072075,0.0009029791108332574,,,
219,,0.0004425048828125,1.1138763427734375,37149,0.05157160758972168,0.021287137642502785,0.0008884119451977313,,,
219,,0.0004425048828125,0.99444580078125,37159,0.05134248733520508,0.017907150089740753,0.0006919397856108844,,,
219,,0.0004425048828125,1.28240966796875,37169,0.01739645004272461,0.01993541046977043,0.0006394800147973001,,,
219,,0.0004425048828125,1.1623077392578125,37179,0.05723635479807854,0.020656688138842583,0.0008592164958827198,,,
219,,,,37179,,,,0.03419802337884903,0.02694218046963215,0.001353767467662692
,0.0005,,,37180,,,,,,
220,,0.0004425048828125,1.318572998046875,37189,0.01730513572692871,0.0210984218865633,0.0008294071885757148,,,
220,,0.0004425048828125,1.61016845703125,37199,0.1029958724975586,0.020880253985524178,0.0013726265169680119,,,
220,,0.0004425048828125,1.206329345703125,37209,0.0791318416595459,0.01832607202231884,0.000971340574324131,,,
220,,0.0004425048828125,1.1808624267578125,37219,0.037790775299072266,0.018394533544778824,0.0006286181742325425,,,
220,,0.0004425048828125,1.309356689453125,37229,0.08242559432983398,0.018623467534780502,0.0009071265812963247,,,
220,,0.0004425048828125,1.206207275390625,37239,0.16367340087890625,0.02424364723265171,0.002294813981279731,,,
220,,0.0004425048828125,1.26068115234375,37249,0.04842948913574219,0.022973498329520226,0.0009908754145726562,,,
220,,0.0004425048828125,1.161041259765625,37259,0.13243389129638672,0.0256284661591053,0.0021599798928946257,,,
220,,0.0004425048828125,1.5291748046875,37269,0.06518745422363281,0.02136002480983734,0.0009930821834132075,,,
220,,0.0004425048828125,1.0330352783203125,37279,0.030696392059326172,0.021002843976020813,0.0007954596658237278,,,
220,,0.0004425048828125,1.17303466796875,37289,0.04611802101135254,0.022104917094111443,0.000964139646384865,,,
220,,0.0004425048828125,1.5928192138671875,37299,0.13377881050109863,0.02100370265543461,0.0019015525467693806,,,
220,,0.0004425048828125,1.6185150146484375,37309,0.13995051383972168,0.023272229358553886,0.001958388602361083,,,
220,,0.0004425048828125,1.206329345703125,37319,0.0458073616027832,0.022172100841999054,0.0009279242367483675,,,
220,,0.0004425048828125,1.5395965576171875,37329,0.2837958335876465,0.022991981357336044,0.006168699823319912,,,
220,,0.0004425048828125,1.5273590087890625,37339,0.19588875770568848,0.022254912182688713,0.00314800045453012,,,
220,,,,37348,,,,0.1354859620332718,0.03189394623041153,0.0029579931870102882
,0.0005,,,37349,,,,,,
221,,0.0004425048828125,1.103729248046875,37349,0.0960702896118164,0.023422857746481895,0.0015176727902144194,,,
221,,0.0004425048828125,1.5381011962890625,37359,0.14444708824157715,0.0264004934579134,0.0023501692339777946,,,
221,,0.0004425048828125,1.271087646484375,37369,0.07503986358642578,0.025965634733438492,0.0015894880052655935,,,
221,,0.0004425048828125,1.3798370361328125,37379,0.06525254249572754,0.02207597903907299,0.0010689496994018555,,,
221,,0.0004425048828125,1.4692535400390625,37389,0.018445491790771484,0.019922403618693352,0.0006610541022382677,,,
221,,0.0004425048828125,1.294403076171875,37399,0.11018872261047363,0.023122405633330345,0.0018936072010546923,,,
221,,0.0004425048828125,1.294403076171875,37409,0.0690772533416748,0.028676029294729233,0.0016704682493582368,,,
221,,0.0004425048828125,1.851898193359375,37419,0.07198810577392578,0.028102971613407135,0.001689990283921361,,,
221,,0.0004425048828125,1.2202606201171875,37429,0.13445520401000977,0.023260705173015594,0.0018211789429187775,,,
221,,0.0004425048828125,1.143310546875,37439,0.2976696491241455,0.02752065286040306,0.006077279336750507,,,
221,,0.0004425048828125,1.362579345703125,37449,0.06062173843383789,0.027002057060599327,0.0015077460557222366,,,
221,,0.0004425048828125,1.2147674560546875,37459,0.042948007583618164,0.023386744782328606,0.0010158170480281115,,,
221,,0.0004425048828125,1.4361114501953125,37469,0.05312943458557129,0.025593489408493042,0.001396641950123012,,,
221,,0.0004425048828125,1.14434814453125,37479,0.0354619026184082,0.024133427068591118,0.0010537513298913836,,,
221,,0.0004425048828125,1.0980682373046875,37489,0.04383087158203125,0.0193743035197258,0.0007561183883808553,,,
221,,0.0004425048828125,1.3911285400390625,37499,0.04133486747741699,0.020918820053339005,0.0007972577004693449,,,
221,,0.0004425048828125,1.5904693603515625,37509,0.06749701499938965,0.02159653976559639,0.0010817460715770721,,,
221,,,,37517,,,,0.12151828408241272,0.028063083067536354,0.0023462502285838127
,0.0005,,,37518,,,,,,
222,,0.0004425048828125,1.410552978515625,37519,0.14276432991027832,0.01999661885201931,0.0016942898510023952,,,
222,,0.0004425048828125,1.6646575927734375,37529,0.1219930648803711,0.022870037704706192,0.001899487106129527,,,
222,,0.0004425048828125,1.2871551513671875,37539,0.07692646980285645,0.024965334683656693,0.0013081647921353579,,,
222,,0.0004425048828125,1.5924224853515625,37549,0.18955087661743164,0.021507052704691887,0.002863721689209342,,,
222,,0.0004425048828125,1.2745361328125,37559,0.08124113082885742,0.022139042615890503,0.001202211482450366,,,
222,,0.0004425048828125,1.2276458740234375,37569,0.1241457462310791,0.027654392644762993,0.0020943586714565754,,,
222,,0.0004425048828125,1.2559356689453125,37579,0.03959202766418457,0.027892328798770905,0.0014442120445892215,,,
222,,0.0004425048828125,1.1396636962890625,37589,0.4775989055633545,0.0294656865298748,0.013721921481192112,,,
222,,0.0004425048828125,1.204132080078125,37599,0.1946427822113037,0.04592413082718849,0.006127113942056894,,,
222,,0.0004425048828125,1.35028076171875,37609,0.4721686840057373,0.04132772982120514,0.016238955780863762,,,
222,,0.0004425048828125,1.4564208984375,37619,0.5615520477294922,0.04051370918750763,0.01855883188545704,,,
222,,0.0004425048828125,1.4431304931640625,37629,0.5826175212860107,0.04339136928319931,0.02351420186460018,,,
222,,0.0004425048828125,1.5518951416015625,37639,0.2124042510986328,0.04949836805462837,0.006982786580920219,,,
222,,0.0004425048828125,1.1103363037109375,37649,0.1413435935974121,0.04785440117120743,0.004991357214748859,,,
222,,0.0004425048828125,1.2854766845703125,37659,0.10922670364379883,0.04002954438328743,0.0033824818674474955,,,
222,,0.0004425048828125,1.465087890625,37669,0.07381677627563477,0.03552045300602913,0.0024221239145845175,,,
222,,0.0004425048828125,1.2117767333984375,37679,0.18732929229736328,0.02780940756201744,0.0032514517661184072,,,
222,,,,37686,,,,0.42526745796203613,0.03335663303732872,0.012171921320259571
,0.0005,,,37687,,,,,,
223,,0.0004425048828125,1.2891693115234375,37689,0.24505019187927246,0.03114711306989193,0.00574410380795598,,,
223,,0.0004425048828125,1.6241455078125,37699,0.1619274616241455,0.031424228101968765,0.0030681786593049765,,,
223,,0.0004425048828125,1.3065643310546875,37709,0.05714774131774902,0.037095267325639725,0.0024382006376981735,,,
223,,0.0004425048828125,1.400421142578125,37719,0.19153904914855957,0.03246864303946495,0.004292245954275131,,,
223,,0.0004425048828125,1.3396148681640625,37729,0.1466538906097412,0.035993363708257675,0.0034800199791789055,,,
223,,0.0004425048828125,1.5162200927734375,37739,0.283843994140625,0.03504762053489685,0.006511446088552475,,,
223,,0.0004425048828125,1.2800445556640625,37749,0.26944994926452637,0.03893992304801941,0.007525304332375526,,,
223,,0.0004425048828125,1.3638763427734375,37759,0.14537715911865234,0.04040130227804184,0.004652915522456169,,,
223,,0.0004425048828125,1.1777191162109375,37769,0.03460192680358887,0.0333530530333519,0.002014055848121643,,,
223,,0.0004425048828125,1.164093017578125,37779,0.06037330627441406,0.036629412323236465,0.002750042360275984,,,
223,,0.0004425048828125,1.4820404052734375,37789,0.22211194038391113,0.03392789885401726,0.004983814898878336,,,
223,,0.0004425048828125,1.693084716796875,37799,0.011461496353149414,0.03001844324171543,0.0015170900151133537,,,
223,,0.0004425048828125,1.693084716796875,37809,0.13640570640563965,0.027913331985473633,0.002516701351851225,,,
223,,0.0004425048828125,1.203887939453125,37819,0.2885775566101074,0.028814608231186867,0.005745534785091877,,,
223,,0.0004425048828125,1.144195556640625,37829,0.06608295440673828,0.03496820107102394,0.002415404189378023,,,
223,,0.0004425048828125,1.1424560546875,37839,0.07425475120544434,0.031010814011096954,0.001944198738783598,,,
223,,0.0004425048828125,1.1559906005859375,37849,0.35235595703125,0.0347868837416172,0.008688332512974739,,,
223,,,,37855,,,,0.048995502293109894,0.03585810586810112,0.0023559092078357935
,0.0005,,,37856,,,,,,
224,,0.0004425048828125,1.21295166015625,37859,0.23309326171875,0.037832651287317276,0.005449338816106319,,,
224,,0.0004425048828125,1.139739990234375,37869,0.10884857177734375,0.030329789966344833,0.002356591634452343,,,
224,,0.0004425048828125,1.357696533203125,37879,0.15615439414978027,0.03517117351293564,0.003454869147390127,,,
224,,0.0004425048828125,1.5773162841796875,37889,0.09139204025268555,0.030898066237568855,0.002022149972617626,,,
224,,0.0004425048828125,1.361541748046875,37899,0.08657574653625488,0.026106461882591248,0.001519412500783801,,,
224,,0.0004425048828125,1.365570068359375,37909,0.052304983139038086,0.024728326126933098,0.0012399398256093264,,,
224,,0.0004425048828125,1.5134124755859375,37919,0.04886174201965332,0.0261306781321764,0.0013078809715807438,,,
224,,0.0004425048828125,1.2104339599609375,37929,0.1188509464263916,0.026762763038277626,0.0022858951706439257,,,
224,,0.0004425048828125,1.1964263916015625,37939,0.11742925643920898,0.022657116875052452,0.001784356078132987,,,
224,,0.0004425048828125,1.7488555908203125,37949,0.44420623779296875,0.04317596182227135,0.013310396112501621,,,
224,,0.0004425048828125,1.4495697021484375,37959,0.39426755905151367,0.034148648381233215,0.010207219049334526,,,
224,,0.0004425048828125,1.1726226806640625,37969,0.2411494255065918,0.03810439631342888,0.005862849298864603,,,
224,,0.0004425048828125,1.2078857421875,37979,0.0910792350769043,0.03325662389397621,0.002507902681827545,,,
224,,0.0004425048828125,1.4224853515625,37989,0.49633145332336426,0.04089585691690445,0.016819540411233902,,,
224,,0.0004425048828125,1.6301422119140625,37999,0.07696819305419922,0.041987329721450806,0.0035225562751293182,,,
224,,0.0004425048828125,1.1749725341796875,38009,0.04311943054199219,0.02871379256248474,0.0015602677594870329,,,
224,,0.0004425048828125,1.0709381103515625,38019,0.0652155876159668,0.028117436915636063,0.0016064977971836925,,,
224,,,,38024,,,,0.05226095765829086,0.03581850603222847,0.0023777594324201345
,0.0005,,,38025,,,,,,
225,,0.0004425048828125,1.4610595703125,38029,0.006400346755981445,0.030011190101504326,0.0015145497163757682,,,
225,,0.0004425048828125,1.558624267578125,38039,0.02002739906311035,0.027427539229393005,0.0012779103126376867,,,
225,,0.0004425048828125,1.1411285400390625,38049,0.11241650581359863,0.023753903806209564,0.0015901552978903055,,,
225,,0.0004425048828125,1.4458465576171875,38059,0.33237290382385254,0.02648148313164711,0.008631844073534012,,,
225,,0.0004425048828125,1.39276123046875,38069,0.2078404426574707,0.030102821066975594,0.003734407015144825,,,
225,,0.0004425048828125,1.406982421875,38079,0.1997675895690918,0.03260909020900726,0.004044979810714722,,,
225,,0.0004425048828125,1.2336578369140625,38089,0.2151811122894287,0.034851375967264175,0.005464816465973854,,,
225,,0.0004425048828125,1.4305877685546875,38099,0.4043867588043213,0.03384219482541084,0.011079473420977592,,,
225,,0.0004425048828125,1.400634765625,38109,0.1549069881439209,0.02987271174788475,0.002854175865650177,,,
225,,0.0004425048828125,1.676025390625,38119,0.18603730201721191,0.03050697036087513,0.003492922056466341,,,
225,,0.0004425048828125,1.1131134033203125,38129,0.036054134368896484,0.029451485723257065,0.001523791579529643,,,
225,,0.0004425048828125,1.166961669921875,38139,0.13187694549560547,0.038114260882139206,0.003916088957339525,,,
225,,0.0004425048828125,1.269256591796875,38149,0.08762550354003906,0.029628248885273933,0.002324446104466915,,,
225,,0.0004425048828125,1.1457366943359375,38159,0.03653907775878906,0.025652095675468445,0.0012465359177440405,,,
225,,0.0004425048828125,1.244842529296875,38169,0.04114961624145508,0.024496611207723618,0.0010656689992174506,,,
225,,0.0004425048828125,1.2458343505859375,38179,0.2355060577392578,0.025782335549592972,0.004256014712154865,,,
225,,0.0004425048828125,1.077728271484375,38189,0.20413422584533691,0.026831692084670067,0.0032510114833712578,,,
225,,,,38193,,,,0.048956096172332764,0.031055528670549393,0.0017500112298876047
,0.0005,,,38194,,,,,,
226,,0.0004425048828125,1.38140869140625,38199,0.028684616088867188,0.021739833056926727,0.000851179996971041,,,
226,,0.0004425048828125,1.3085174560546875,38209,0.08083629608154297,0.0223233625292778,0.0011724326759576797,,,
226,,0.0004425048828125,1.0353546142578125,38219,0.049066781997680664,0.02108079008758068,0.0008614202961325645,,,
226,,0.0004425048828125,1.5778656005859375,38229,0.06165361404418945,0.021880073472857475,0.0010850714752450585,,,
226,,0.0004425048828125,1.0373687744140625,38239,0.07969093322753906,0.01950465701520443,0.0009899288415908813,,,
226,,0.0004425048828125,1.209625244140625,38249,0.06723332405090332,0.01954152248799801,0.0009123229538090527,,,
226,,0.0004425048828125,1.328765869140625,38259,0.036124467849731445,0.018855953589081764,0.0007043792866170406,,,
226,,0.0004425048828125,1.361846923828125,38269,0.0639033317565918,0.021309515461325645,0.00105250533670187,,,
226,,0.0004425048828125,1.385894775390625,38279,0.04595327377319336,0.019306352362036705,0.0008432795875705779,,,
226,,0.0004425048828125,1.1932220458984375,38289,0.0582582950592041,0.024717014282941818,0.0013307054759934545,,,
226,,0.0004425048828125,1.092376708984375,38299,0.023465633392333984,0.023397862911224365,0.0009340775432065129,,,
226,,0.0004425048828125,1.4215545654296875,38309,0.023815631866455078,0.019066547974944115,0.0006330888136290014,,,
226,,0.0004425048828125,1.3669281005859375,38319,0.02854633331298828,0.01890973560512066,0.0006153538124635816,,,
226,,0.0004425048828125,1.4930419921875,38329,0.04612541198730469,0.017504621297121048,0.000600838684476912,,,
226,,0.0004425048828125,1.2392425537109375,38339,0.04956960678100586,0.01966104470193386,0.0007711344514973462,,,
226,,0.0004425048828125,1.3487091064453125,38349,0.02648758888244629,0.020643504336476326,0.0007391170365735888,,,
226,,0.0004425048828125,1.42529296875,38359,0.039533138275146484,0.019306069239974022,0.0007031724671833217,,,
226,,,,38362,,,,0.05678035691380501,0.026752466335892677,0.0014968938194215298
,0.0005,,,38363,,,,,,
227,,0.0004425048828125,1.441131591796875,38369,0.02531266212463379,0.01971493847668171,0.0006944601191207767,,,
227,,0.0004425048828125,1.1537017822265625,38379,0.02383565902709961,0.019089818000793457,0.0006249389261938632,,,
227,,0.0004425048828125,1.1717681884765625,38389,0.019034147262573242,0.01863883063197136,0.0005938159301877022,,,
227,,0.0004425048828125,1.3477325439453125,38399,0.14816498756408691,0.020622100681066513,0.0018262984231114388,,,
227,,0.0004425048828125,1.640594482421875,38409,0.06609416007995605,0.01843111217021942,0.0008116048411466181,,,
227,,0.0004425048828125,1.2464141845703125,38419,0.05008268356323242,0.019301382824778557,0.0007342667086049914,,,
227,,0.0004425048828125,1.1040496826171875,38429,0.010410785675048828,0.01817559078335762,0.0005540434503927827,,,
227,,0.0004425048828125,1.051910400390625,38439,0.09114432334899902,0.019876154139637947,0.0013660471886396408,,,
227,,0.0004425048828125,1.3350372314453125,38449,0.032947540283203125,0.0184972882270813,0.0006386992754414678,,,
227,,0.0004425048828125,1.4665985107421875,38459,0.07840538024902344,0.020964646711945534,0.0012154264841228724,,,
227,,0.0004425048828125,1.175872802734375,38469,0.3100242614746094,0.02465634234249592,0.005993276368826628,,,
227,,0.0004425048828125,1.5002593994140625,38479,0.042913198471069336,0.024596495553851128,0.0011182177113369107,,,
227,,0.0004425048828125,1.581817626953125,38489,0.044422149658203125,0.02291600964963436,0.0009755082428455353,,,
227,,0.0004425048828125,1.47222900390625,38499,0.1612851619720459,0.02505672723054886,0.002567604184150696,,,
227,,0.0004425048828125,1.118804931640625,38509,0.09324121475219727,0.021753894165158272,0.0012042487505823374,,,
227,,0.0004425048828125,1.1103668212890625,38519,0.06510639190673828,0.027097221463918686,0.001430091680958867,,,
227,,0.0004425048828125,1.759429931640625,38529,0.08727192878723145,0.02705397829413414,0.001792325871065259,,,
227,,,,38531,,,,0.3655465841293335,0.03192087262868881,0.008998716250061989
,0.0005,,,38532,,,,,,
228,,0.0004425048828125,1.3734130859375,38539,0.14669013023376465,0.030183972790837288,0.0025523980148136616,,,
228,,0.0004425048828125,1.3929595947265625,38549,0.17107295989990234,0.02905707061290741,0.003535287920385599,,,
228,,0.0004425048828125,1.2111968994140625,38559,0.14260196685791016,0.029989684000611305,0.0026283818297088146,,,
228,,0.0004425048828125,1.261932373046875,38569,0.2989532947540283,0.03568662330508232,0.006896986626088619,,,
228,,0.0004425048828125,1.151947021484375,38579,0.08966636657714844,0.0330372229218483,0.002502280753105879,,,
228,,0.0004425048828125,1.278228759765625,38589,0.034464120864868164,0.025982074439525604,0.001239214208908379,,,
228,,0.0004425048828125,1.297882080078125,38599,0.05875515937805176,0.02575492300093174,0.0014687865041196346,,,
228,,0.0004425048828125,1.1063385009765625,38609,0.02853679656982422,0.022775277495384216,0.0009140507318079472,,,
228,,0.0004425048828125,1.3594818115234375,38619,0.059209346771240234,0.023165486752986908,0.0010966105619445443,,,
228,,0.0004425048828125,1.213775634765625,38629,0.2427079677581787,0.021018918603658676,0.0037413141690194607,,,
228,,0.0004425048828125,1.566619873046875,38639,0.10390591621398926,0.02187178283929825,0.0014562285505235195,,,
228,,0.0004425048828125,0.94598388671875,38649,0.07863092422485352,0.021331092342734337,0.0012942482717335224,,,
228,,0.0004425048828125,1.5523529052734375,38659,0.04156661033630371,0.022464539855718613,0.0009541045874357224,,,
228,,0.0004425048828125,1.1984100341796875,38669,0.1727440357208252,0.021341612562537193,0.0035211562644690275,,,
228,,0.0004425048828125,1.1499176025390625,38679,0.13423776626586914,0.02175704948604107,0.0017389347776770592,,,
228,,0.0004425048828125,1.5029296875,38689,0.1664590835571289,0.027229029685258865,0.0037443877663463354,,,
228,,0.0004425048828125,1.3321380615234375,38699,0.6190156936645508,0.03566943481564522,0.024435129016637802,,,
228,,,,38700,,,,0.5287396311759949,0.038545072078704834,0.019787820056080818
,0.0005,,,38701,,,,,,
229,,0.0004425048828125,1.386016845703125,38709,0.18552470207214355,0.056490637362003326,0.009070027619600296,,,
229,,0.0004425048828125,1.49725341796875,38719,0.24904298782348633,0.03586428239941597,0.005883590318262577,,,
229,,0.0004425048828125,1.335784912109375,38729,0.10310888290405273,0.043455056846141815,0.003826682921499014,,,
229,,0.0004425048828125,1.20953369140625,38739,0.5833606719970703,0.04870210215449333,0.021066559478640556,,,
229,,0.0004425048828125,1.2877197265625,38749,0.2126469612121582,0.041931577026844025,0.005701144691556692,,,
229,,0.0004425048828125,1.5218658447265625,38759,0.11539435386657715,0.04136526212096214,0.0037912577390670776,,,
229,,0.0004425048828125,1.3500213623046875,38769,0.2114725112915039,0.04770202189683914,0.007282417267560959,,,
229,,0.0004425048828125,1.367767333984375,38779,0.2465345859527588,0.0494956411421299,0.009639048017561436,,,
229,,0.0004425048828125,1.313201904296875,38789,0.5891208648681641,0.04128427803516388,0.024520564824342728,,,
229,,0.0004425048828125,1.1098785400390625,38799,0.27504611015319824,0.046584125608205795,0.009159490466117859,,,
229,,0.0004425048828125,1.4297332763671875,38809,0.8938074111938477,0.05529717728495598,0.056528858840465546,,,
229,,0.0004425048828125,1.2178802490234375,38819,0.39102959632873535,0.0536208339035511,0.016323160380125046,,,
229,,0.0004425048828125,1.784454345703125,38829,0.9230673313140869,0.05067017301917076,0.05804688483476639,,,
229,,0.0004425048828125,1.5576629638671875,38839,0.7734410762786865,0.05898236483335495,0.03955934941768646,,,
229,,0.0004425048828125,1.33837890625,38849,0.5418305397033691,0.06971292942762375,0.025189504027366638,,,
229,,0.0004425048828125,1.2198028564453125,38859,0.5499842166900635,0.06319104880094528,0.02709544077515602,,,
229,,0.0004425048828125,1.212799072265625,38869,0.13574950397014618,0.05499095842242241,0.006362010259181261,,,
229,,,,38869,,,,0.2163848578929901,0.05974486842751503,0.009250219911336899
,0.0005,,,38870,,,,,,
230,,0.0004425048828125,1.4735870361328125,38879,0.13341283798217773,0.05186028406023979,0.006112782284617424,,,
230,,0.0004425048828125,1.2417755126953125,38889,0.14983439445495605,0.04813304543495178,0.0055550625547766685,,,
230,,0.0004425048828125,1.304656982421875,38899,0.08587765693664551,0.035654645413160324,0.002582492306828499,,,
230,,0.0004425048828125,1.226043701171875,38909,0.09327220916748047,0.031034033745527267,0.002127433195710182,,,
230,,0.0004425048828125,1.252899169921875,38919,0.21228480339050293,0.031247470527887344,0.004455538932234049,,,
230,,0.0004425048828125,1.478729248046875,38929,0.2798194885253906,0.03276917338371277,0.006123194936662912,,,
230,,0.0004425048828125,1.389892578125,38939,0.07401704788208008,0.03324549272656441,0.002269770484417677,,,
230,,0.0004425048828125,1.579071044921875,38949,0.04107403755187988,0.030319716781377792,0.0016957559855654836,,,
230,,0.0004425048828125,1.25836181640625,38959,0.2432405948638916,0.02904333546757698,0.004389842972159386,,,
230,,0.0004425048828125,1.2743682861328125,38969,0.04547238349914551,0.027384821325540543,0.0014245427446439862,,,
230,,0.0004425048828125,1.1466217041015625,38979,0.28325366973876953,0.025097789242863655,0.0052831885404884815,,,
230,,0.0004425048828125,1.40948486328125,38989,0.05942106246948242,0.024850590154528618,0.001216583652421832,,,
230,,0.0004425048828125,1.2333984375,38999,0.07105660438537598,0.026278968900442123,0.0013830645475536585,,,
230,,0.0004425048828125,1.56634521484375,39009,0.0786752700805664,0.028079750016331673,0.0018143825000151992,,,
230,,0.0004425048828125,1.17047119140625,39019,0.0670316219329834,0.024883881211280823,0.0013858043821528554,,,
230,,0.0004425048828125,1.3520660400390625,39029,0.0814199447631836,0.023241611197590828,0.0012785502476617694,,,
230,,,,39038,,,,0.09617508947849274,0.029754161834716797,0.0021319175139069557
,0.0005,,,39039,,,,,,
231,,0.0004425048828125,1.3717041015625,39039,0.12217426300048828,0.025040918961167336,0.0018880581483244896,,,
231,,0.0004425048828125,1.3742523193359375,39049,0.013741731643676758,0.027235839515924454,0.0012269045691937208,,,
231,,0.0004425048828125,1.136138916015625,39059,0.061246395111083984,0.021641327068209648,0.0009281935635954142,,,
231,,0.0004425048828125,1.1709747314453125,39069,0.08646440505981445,0.022505566477775574,0.0013964192476123571,,,
231,,0.0004425048828125,1.2990875244140625,39079,0.06984567642211914,0.02383389323949814,0.001233089598827064,,,
231,,0.0004425048828125,1.253753662109375,39089,0.13804268836975098,0.021850112825632095,0.0019796115811914206,,,
231,,0.0004425048828125,1.2365264892578125,39099,0.05428051948547363,0.02105291746556759,0.0011383331147953868,,,
231,,0.0004425048828125,1.397247314453125,39109,0.013503074645996094,0.018314708024263382,0.0005793599411845207,,,
231,,0.0004425048828125,1.2263031005859375,39119,0.04718637466430664,0.02002551220357418,0.0007572447648271918,,,
231,,0.0004425048828125,1.2834930419921875,39129,0.060777902603149414,0.019400380551815033,0.0009128779638558626,,,
231,,0.0004425048828125,1.66265869140625,39139,0.019116640090942383,0.022798513993620872,0.0009020407451316714,,,
231,,0.0004425048828125,1.3651123046875,39149,0.05335831642150879,0.02205849066376686,0.0010212603956460953,,,
231,,0.0004425048828125,1.4801788330078125,39159,0.21427297592163086,0.023831859230995178,0.0032463197130709887,,,
231,,0.0004425048828125,1.825103759765625,39169,0.06389117240905762,0.0270185898989439,0.0015203171642497182,,,
231,,0.0004425048828125,1.1951446533203125,39179,0.03523540496826172,0.022415006533265114,0.0009265858097933233,,,
231,,0.0004425048828125,1.3035125732421875,39189,0.0540313720703125,0.022476378828287125,0.001061916584149003,,,
231,,0.0004425048828125,1.3844146728515625,39199,0.032474517822265625,0.022026624530553818,0.0008418778306804597,,,
231,,,,39207,,,,0.04464496672153473,0.0268454197794199,0.001427932525984943
,0.0005,,,39208,,,,,,
232,,0.0004425048828125,1.35540771484375,39209,0.12119603157043457,0.02119096927344799,0.0015125783393159509,,,
232,,0.0004425048828125,1.204437255859375,39219,0.03803825378417969,0.019944442436099052,0.0007528073620051146,,,
232,,0.0004425048828125,1.470855712890625,39229,0.04874706268310547,0.019244292750954628,0.0008170714136213064,,,
232,,0.0004425048828125,1.1748046875,39239,0.04348111152648926,0.02099263109266758,0.0008056200458668172,,,
232,,0.0004425048828125,1.37457275390625,39249,0.04613995552062988,0.020221952348947525,0.0007755306432954967,,,
232,,0.0004425048828125,1.3023834228515625,39259,0.11142563819885254,0.019794214516878128,0.0012922657188028097,,,
232,,0.0004425048828125,1.28741455078125,39269,0.04527091979980469,0.018671778962016106,0.00066002132371068,,,
232,,0.0004425048828125,1.3331146240234375,39279,0.06000638008117676,0.02015215903520584,0.0008585835457779467,,,
232,,0.0004425048828125,1.2187042236328125,39289,0.046193599700927734,0.02245502546429634,0.0009741212707012892,,,
232,,0.0004425048828125,1.1399993896484375,39299,0.044831037521362305,0.020170651376247406,0.0007878621108829975,,,
232,,0.0004425048828125,1.3206939697265625,39309,0.12604498863220215,0.02136218547821045,0.001656525069847703,,,
232,,0.0004425048828125,1.122039794921875,39319,0.08662867546081543,0.021171841770410538,0.0012935814447700977,,,
232,,0.0004425048828125,1.4483184814453125,39329,0.03332352638244629,0.020911449566483498,0.0008485155995003879,,,
232,,0.0004425048828125,1.8412933349609375,39339,0.08319568634033203,0.019211314618587494,0.00105044967494905,,,
232,,0.0004425048828125,1.17828369140625,39349,0.03839564323425293,0.020050013437867165,0.0007893278962001204,,,
232,,0.0004425048828125,1.44427490234375,39359,0.17492294311523438,0.021249648183584213,0.0026500923559069633,,,
232,,0.0004425048828125,1.30364990234375,39369,0.10193967819213867,0.022592011839151382,0.0014900305541232228,,,
232,,,,39376,,,,0.05031256377696991,0.02727641351521015,0.0015461952425539494
,0.0005,,,39377,,,,,,
233,,0.0004425048828125,1.1942138671875,39379,0.10772347450256348,0.02108854055404663,0.001406066119670868,,,
233,,0.0004425048828125,1.5539093017578125,39389,0.034688711166381836,0.019700249657034874,0.0007230950868688524,,,
233,,0.0004425048828125,1.1679840087890625,39399,0.010591745376586914,0.02050580270588398,0.0006983241182751954,,,
233,,0.0004425048828125,1.4583282470703125,39409,0.034941673278808594,0.020317567512392998,0.0007361444877460599,,,
233,,0.0004425048828125,1.1642608642578125,39419,0.06430768966674805,0.018627040088176727,0.0008312399731948972,,,
233,,0.0004425048828125,1.5710906982421875,39429,0.024390459060668945,0.020799946039915085,0.0007626567385159433,,,
233,,0.0004425048828125,1.295867919921875,39439,0.0365443229675293,0.020014852285385132,0.0007627150043845177,,,
233,,0.0004425048828125,1.6215362548828125,39449,0.04894828796386719,0.019918575882911682,0.0008000081870704889,,,
233,,0.0004425048828125,1.6215362548828125,39459,0.08120536804199219,0.020253146067261696,0.0011886017164215446,,,
233,,0.0004425048828125,1.1298065185546875,39469,0.03332233428955078,0.018460240215063095,0.0006050012307241559,,,
233,,0.0004425048828125,1.2418365478515625,39479,0.13731980323791504,0.01918184570968151,0.0017303058411926031,,,
233,,0.0004425048828125,1.18603515625,39489,0.2625911235809326,0.02745579555630684,0.005704727955162525,,,
233,,0.0004425048828125,1.2288818359375,39499,0.4068028926849365,0.040679365396499634,0.01272573135793209,,,
233,,0.0004425048828125,1.375274658203125,39509,0.3087141513824463,0.033729974180459976,0.00881809089332819,,,
233,,0.0004425048828125,1.375274658203125,39519,0.0865027904510498,0.04129284620285034,0.0036382977850735188,,,
233,,0.0004425048828125,1.2812652587890625,39529,0.16841650009155273,0.027827953919768333,0.003073499072343111,,,
233,,0.0004425048828125,1.55914306640625,39539,0.22830796241760254,0.028761906549334526,0.0042116884142160416,,,
233,,,,39545,,,,0.18059147894382477,0.03253522887825966,0.0037062352057546377
,0.0005,,,39546,,,,,,
234,,0.0004425048828125,1.43951416015625,39549,0.07376575469970703,0.027631759643554688,0.0016795897390693426,,,
234,,0.0004425048828125,1.399139404296875,39559,0.10503530502319336,0.02459086664021015,0.0017753038555383682,,,
234,,0.0004425048828125,0.9683990478515625,39569,0.07680487632751465,0.02290830761194229,0.0014494905481114984,,,
234,,0.0004425048828125,1.51898193359375,39579,0.12796545028686523,0.02172268182039261,0.0016841469332575798,,,
234,,0.0004425048828125,1.4066619873046875,39589,0.06846070289611816,0.02224724553525448,0.0011568828485906124,,,
234,,0.0004425048828125,1.2596893310546875,39599,0.026119232177734375,0.02295168861746788,0.0009202159126289189,,,
234,,0.0004425048828125,1.3734130859375,39609,0.020609378814697266,0.020137939602136612,0.0007005924126133323,,,
234,,0.0004425048828125,1.1381072998046875,39619,0.2769439220428467,0.02231563627719879,0.004674316383898258,,,
234,,0.0004425048828125,1.4781036376953125,39629,0.15182757377624512,0.023268483579158783,0.002268542069941759,,,
234,,0.0004425048828125,1.1450653076171875,39639,0.1780233383178711,0.027179855853319168,0.0033067252952605486,,,
234,,0.0004425048828125,1.4068450927734375,39649,0.05556130409240723,0.02432313561439514,0.0011100679403170943,,,
234,,0.0004425048828125,1.4068603515625,39659,0.0941019058227539,0.022135768085718155,0.0015689185820519924,,,
234,,0.0004425048828125,1.4725799560546875,39669,0.01710224151611328,0.024009421467781067,0.0009583591599948704,,,
234,,0.0004425048828125,1.0956878662109375,39679,0.030557870864868164,0.021730124950408936,0.0008380701765418053,,,
234,,0.0004425048828125,1.290313720703125,39689,0.08873844146728516,0.020794637501239777,0.0011500774417072535,,,
234,,0.0004425048828125,1.14111328125,39699,0.05104947090148926,0.020119132474064827,0.0008434869232587516,,,
234,,0.0004425048828125,1.6415557861328125,39709,0.060115814208984375,0.02084394358098507,0.0010055097518488765,,,
234,,,,39714,,,,0.19520947337150574,0.029198426753282547,0.0038212426006793976
,0.0005,,,39715,,,,,,
235,,0.0004425048828125,1.3730316162109375,39719,0.0474696159362793,0.020920423790812492,0.0008205918711610138,,,
235,,0.0004425048828125,1.334564208984375,39729,0.40055251121520996,0.026675373315811157,0.009910444729030132,,,
235,,0.0004425048828125,1.0701904296875,39739,0.06721258163452148,0.033190079033374786,0.0021555933635681868,,,
235,,0.0004425048828125,1.1000213623046875,39749,0.0422208309173584,0.0326387919485569,0.0019149209838360548,,,
235,,0.0004425048828125,1.2771453857421875,39759,0.17238092422485352,0.03395197540521622,0.003952878527343273,,,
235,,0.0004425048828125,1.3441009521484375,39769,0.15906262397766113,0.025729771703481674,0.0025329147465527058,,,
235,,0.0004425048828125,1.2878875732421875,39779,0.2856485843658447,0.03607448562979698,0.006749630905687809,,,
235,,0.0004425048828125,1.232635498046875,39789,0.06610655784606934,0.03555368259549141,0.0024052178487181664,,,
235,,0.0004425048828125,1.15509033203125,39799,0.5866909027099609,0.03520732745528221,0.019621748477220535,,,
235,,0.0004425048828125,1.5333404541015625,39809,0.04649090766906738,0.03794466704130173,0.002524272073060274,,,
235,,0.0004425048828125,1.669708251953125,39819,0.11251163482666016,0.034267961978912354,0.0031563269440084696,,,
235,,0.0004425048828125,1.2335357666015625,39829,0.07880783081054688,0.02751658856868744,0.0017067624721676111,,,
235,,0.0004425048828125,1.38006591796875,39839,0.3055882453918457,0.02500583417713642,0.007067546714097261,,,
235,,0.0004425048828125,1.5527801513671875,39849,0.14021015167236328,0.03205961361527443,0.0029096934013068676,,,
235,,0.0004425048828125,1.3076019287109375,39859,0.4275045394897461,0.030168337747454643,0.012112188152968884,,,
235,,0.0004425048828125,1.21588134765625,39869,0.14525079727172852,0.031587276607751846,0.002752006519585848,,,
235,,0.0004425048828125,1.5200958251953125,39879,0.16009211540222168,0.031742338091135025,0.0035658187698572874,,,
235,,,,39883,,,,0.0808832049369812,0.03392653167247772,0.0023964892607182264
,0.0005,,,39884,,,,,,
236,,0.0004425048828125,1.2676239013671875,39889,0.09921932220458984,0.026357416063547134,0.001823130063712597,,,
236,,0.0004425048828125,1.5915069580078125,39899,0.26883888244628906,0.024634890258312225,0.004830428399145603,,,
236,,0.0004425048828125,1.77459716796875,39909,0.13293719291687012,0.029306625947356224,0.003187449648976326,,,
236,,0.0004425048828125,1.180633544921875,39919,0.1033177375793457,0.025422347709536552,0.002002099761739373,,,
236,,0.0004425048828125,1.1205902099609375,39929,0.19626903533935547,0.02759302221238613,0.003237983211874962,,,
236,,0.0004425048828125,1.088470458984375,39939,0.10752058029174805,0.030291590839624405,0.0021705098915845156,,,
236,,0.0004425048828125,1.54241943359375,39949,0.06153726577758789,0.024446874856948853,0.00116896687541157,,,
236,,0.0004425048828125,1.042572021484375,39959,0.1782388687133789,0.02293667010962963,0.0025056444574147463,,,
236,,0.0004425048828125,1.0976715087890625,39969,0.10586285591125488,0.024455374106764793,0.001687058713287115,,,
236,,0.0004425048828125,1.0410919189453125,39979,0.061804771423339844,0.02349466271698475,0.0011558231199160218,,,
236,,0.0004425048828125,1.3978729248046875,39989,0.05173015594482422,0.02125733532011509,0.0009467257186770439,,,
236,,0.0004425048828125,1.3795318603515625,39999,0.05236339569091797,0.021194396540522575,0.0009358995594084263,,,
236,,0.0004425048828125,1.4809722900390625,40009,0.07941246032714844,0.019438691437244415,0.0009545978391543031,,,
236,,0.0004425048828125,1.2226715087890625,40019,0.2941000461578369,0.023257112130522728,0.006046585272997618,,,
236,,0.0004425048828125,1.2027587890625,40029,0.07312583923339844,0.0218352060765028,0.001049853046424687,,,
236,,0.0004425048828125,1.8270263671875,40039,0.14829540252685547,0.023240361362695694,0.0020374064333736897,,,
236,,0.0004425048828125,1.7068634033203125,40049,0.09919977188110352,0.02300143428146839,0.0014841423835605383,,,
236,,,,40052,,,,0.046740151941776276,0.028417596593499184,0.0015737576177343726
,0.0005,,,40053,,,,,,
237,,0.0004425048828125,1.2629852294921875,40059,0.05316638946533203,0.020566768944263458,0.0008592006633989513,,,
237,,0.0004425048828125,1.2925262451171875,40069,0.08660411834716797,0.02022678777575493,0.0011308570392429829,,,
237,,0.0004425048828125,1.2118988037109375,40079,0.15044903755187988,0.020564766600728035,0.0018636755412444472,,,
237,,0.0004425048828125,1.2296600341796875,40089,0.10791301727294922,0.018099470064044,0.0012022398877888918,,,
237,,0.0004425048828125,1.2780914306640625,40099,0.12384510040283203,0.028214573860168457,0.002246747724711895,,,
237,,0.0004425048828125,1.3866729736328125,40109,0.12944602966308594,0.03363679721951485,0.002822836861014366,,,
237,,0.0004425048828125,1.197998046875,40119,0.05786609649658203,0.027501419186592102,0.0014855378540232778,,,
237,,0.0004425048828125,1.1775970458984375,40129,0.022223949432373047,0.022033970803022385,0.0008543175063095987,,,
237,,0.0004425048828125,1.3462066650390625,40139,0.09655618667602539,0.02060825750231743,0.0011703991331160069,,,
237,,0.0004425048828125,1.1944580078125,40149,0.09598445892333984,0.021447226405143738,0.0013275070814415812,,,
237,,0.0004425048828125,1.276092529296875,40159,0.2236025333404541,0.02581370621919632,0.003935091197490692,,,
237,,0.0004425048828125,1.648590087890625,40169,0.13384437561035156,0.020636124536395073,0.0017416602931916714,,,
237,,0.0004425048828125,1.214599609375,40179,0.0574193000793457,0.02401445060968399,0.0012591511476784945,,,
237,,0.0004425048828125,1.2563934326171875,40189,0.07222294807434082,0.02130320481956005,0.0009979292517527938,,,
237,,0.0004425048828125,1.18115234375,40199,0.07789754867553711,0.02210623025894165,0.0010555096669122577,,,
237,,0.0004425048828125,1.6067352294921875,40209,0.10520792007446289,0.02085845358669758,0.0013271584175527096,,,
237,,0.0004425048828125,1.1172027587890625,40219,0.06468677520751953,0.021121729165315628,0.001083334325812757,,,
237,,,,40221,,,,0.06545809656381607,0.027227850630879402,0.001660121139138937
,0.0005,,,40222,,,,,,
238,,0.0004425048828125,1.20416259765625,40229,0.13570833206176758,0.017471278086304665,0.0015765225980430841,,,
238,,0.0004425048828125,1.4183197021484375,40239,0.08075428009033203,0.022608807310461998,0.0012090783566236496,,,
238,,0.0004425048828125,1.3906097412109375,40249,0.10613489151000977,0.02086576074361801,0.0015617068856954575,,,
238,,0.0004425048828125,1.3307952880859375,40259,0.13704681396484375,0.026018183678388596,0.0020168828777968884,,,
238,,0.0004425048828125,1.0871429443359375,40269,0.16071844100952148,0.020845353603363037,0.00203123246319592,,,
238,,0.0004425048828125,1.12921142578125,40279,0.23835515975952148,0.03270427882671356,0.005591002758592367,,,
238,,0.0004425048828125,1.216827392578125,40289,0.08013391494750977,0.032785072922706604,0.002194584347307682,,,
238,,0.0004425048828125,1.3153228759765625,40299,0.14937734603881836,0.03046942688524723,0.0030163449700921774,,,
238,,0.0004425048828125,1.3460693359375,40309,0.10613632202148438,0.028429199010133743,0.002437084447592497,,,
238,,0.0004425048828125,1.51324462890625,40319,0.11977982521057129,0.031307730823755264,0.0024055035319179296,,,
238,,0.0004425048828125,1.4528350830078125,40329,0.043106794357299805,0.030316118150949478,0.0016515421448275447,,,
238,,0.0004425048828125,1.349151611328125,40339,0.05073118209838867,0.024075955152511597,0.0011250446550548077,,,
238,,0.0004425048828125,1.3277130126953125,40349,0.06292390823364258,0.01937246508896351,0.0008718642638996243,,,
238,,0.0004425048828125,1.4698028564453125,40359,0.15733551979064941,0.022744473069906235,0.0023787764366716146,,,
238,,0.0004425048828125,1.2120208740234375,40369,0.17949485778808594,0.02302979864180088,0.002641524188220501,,,
238,,0.0004425048828125,1.1995086669921875,40379,0.05125141143798828,0.01978781446814537,0.0007733014645054936,,,
238,,0.0004425048828125,1.20831298828125,40389,0.0961456298828125,0.018580418080091476,0.0010617291554808617,,,
238,,,,40390,,,,0.08842608332633972,0.028344368562102318,0.0019263006979599595
,0.0005,,,40391,,,,,,
239,,0.0004425048828125,1.2574920654296875,40399,0.21125483512878418,0.019977299496531487,0.0032225148752331734,,,
239,,0.0004425048828125,1.50262451171875,40409,0.058730125427246094,0.022845745086669922,0.001114780898205936,,,
239,,0.0004425048828125,1.5914459228515625,40419,0.04712247848510742,0.020786788314580917,0.0008364856475964189,,,
239,,0.0004425048828125,1.228485107421875,40429,0.3660929203033447,0.025095650926232338,0.008064392022788525,,,
239,,0.0004425048828125,1.2858428955078125,40439,0.10452818870544434,0.031577855348587036,0.002675511408597231,,,
239,,0.0004425048828125,1.2159423828125,40449,0.06283187866210938,0.034373875707387924,0.0021688693668693304,,,
239,,0.0004425048828125,1.3829803466796875,40459,0.05719780921936035,0.031708575785160065,0.0018204750958830118,,,
239,,0.0004425048828125,1.278350830078125,40469,0.08415651321411133,0.0284511037170887,0.0017848947318270802,,,
239,,0.0004425048828125,1.1538848876953125,40479,0.020949840545654297,0.021349769085645676,0.0007898419280536473,,,
239,,0.0004425048828125,1.269622802734375,40489,0.030217885971069336,0.020697616040706635,0.0007544119143858552,,,
239,,0.0004425048828125,1.5075836181640625,40499,0.08799290657043457,0.02139548771083355,0.0012869876809418201,,,
239,,0.0004425048828125,1.4652862548828125,40509,0.04045534133911133,0.019741518422961235,0.0007345420308411121,,,
239,,0.0004425048828125,1.558197021484375,40519,0.016138076782226562,0.01743054762482643,0.0005000790115445852,,,
239,,0.0004425048828125,1.20892333984375,40529,0.020326614379882812,0.018021423369646072,0.0005420227535068989,,,
239,,0.0004425048828125,1.24835205078125,40539,0.06197643280029297,0.018705405294895172,0.0008697941666468978,,,
239,,0.0004425048828125,1.578216552734375,40549,0.06728315353393555,0.018897414207458496,0.0008100187405943871,,,
239,,0.0004425048828125,1.1529693603515625,40559,0.04336993023753166,0.017020871862769127,0.0006007046904414892,,,
239,,,,40559,,,,0.06500644981861115,0.026788363233208656,0.0015575229190289974
,0.0005,,,40560,,,,,,
240,,0.0004425048828125,1.3625946044921875,40569,0.03905749320983887,0.0207450482994318,0.0007692702929489315,,,
240,,0.0004425048828125,1.3031005859375,40579,0.05234169960021973,0.025050310418009758,0.0011331031564623117,,,
240,,0.0004425048828125,1.1813812255859375,40589,0.13227534294128418,0.03483511507511139,0.0034228672739118338,,,
240,,0.0004425048828125,1.2990570068359375,40599,0.0697789192199707,0.02569154091179371,0.0012643401278182864,,,
240,,0.0004425048828125,1.2085113525390625,40609,0.3373262882232666,0.031035780906677246,0.007843496277928352,,,
240,,0.0004425048828125,1.3470916748046875,40619,0.36702847480773926,0.032419655472040176,0.01028777752071619,,,
240,,0.0004425048828125,1.2318115234375,40629,0.21435904502868652,0.03504151850938797,0.00468034390360117,,,
240,,0.0004425048828125,1.308746337890625,40639,0.3072187900543213,0.03088562935590744,0.0074103763327002525,,,
240,,0.0004425048828125,1.45733642578125,40649,0.14235734939575195,0.03964851051568985,0.003887970931828022,,,
240,,0.0004425048828125,1.358062744140625,40659,0.23829174041748047,0.04210986942052841,0.006325654685497284,,,
240,,0.0004425048828125,1.186798095703125,40669,0.26746273040771484,0.03735413774847984,0.008125399239361286,,,
240,,0.0004425048828125,1.3900146484375,40679,0.44052648544311523,0.04769689217209816,0.015379015356302261,,,
240,,0.0004425048828125,1.417266845703125,40689,0.22359991073608398,0.04957905039191246,0.00696168839931488,,,
240,,0.0004425048828125,1.430267333984375,40699,0.23515892028808594,0.045070551335811615,0.006631038151681423,,,
240,,0.0004425048828125,1.68060302734375,40709,0.06315994262695312,0.034912753850221634,0.002235464286059141,,,
240,,0.0004425048828125,1.2252960205078125,40719,0.2839653491973877,0.03258670121431351,0.006486218422651291,,,
240,,,,40728,,,,0.21409077942371368,0.037767842411994934,0.005368062760680914
,0.0005,,,40729,,,,,,
241,,0.0004425048828125,1.448272705078125,40729,0.28641796112060547,0.03386058658361435,0.00611467007547617,,,
241,,0.0004425048828125,1.09124755859375,40739,0.08191728591918945,0.02562560699880123,0.0019560474902391434,,,
241,,0.0004425048828125,1.299591064453125,40749,0.10202932357788086,0.022912802174687386,0.0016722993459552526,,,
241,,0.0004425048828125,1.1963348388671875,40759,0.0944361686706543,0.022166049107909203,0.0014940066030249,,,
241,,0.0004425048828125,1.1865997314453125,40769,0.19931364059448242,0.026551412418484688,0.0035042990930378437,,,
241,,0.0004425048828125,1.358428955078125,40779,0.11653256416320801,0.028186095878481865,0.0023333232384175062,,,
241,,0.0004425048828125,1.2222442626953125,40789,0.14637136459350586,0.027732422575354576,0.002398964948952198,,,
241,,0.0004425048828125,1.3093109130859375,40799,0.10000467300415039,0.025077076628804207,0.0016111992299556732,,,
241,,0.0004425048828125,1.1894989013671875,40809,0.14787006378173828,0.02339879423379898,0.0026669504586607218,,,
241,,0.0004425048828125,1.442047119140625,40819,0.11219954490661621,0.02561643160879612,0.0020871316082775593,,,
241,,0.0004425048828125,1.2325592041015625,40829,0.26203060150146484,0.02325468137860298,0.005217438098043203,,,
241,,0.0004425048828125,1.30023193359375,40839,0.03644251823425293,0.02309800311923027,0.0010215858928859234,,,
241,,0.0004425048828125,1.2686004638671875,40849,0.050284385681152344,0.02236427552998066,0.0009645770769566298,,,
241,,0.0004425048828125,1.280853271484375,40859,0.0243680477142334,0.023500317707657814,0.0009717167122289538,,,
241,,0.0004425048828125,1.2679901123046875,40869,0.03716158866882324,0.022861197590827942,0.0009631973225623369,,,
241,,0.0004425048828125,1.2258148193359375,40879,0.10273885726928711,0.019547929987311363,0.00139198440592736,,,
241,,0.0004425048828125,1.3414459228515625,40889,0.11304569244384766,0.021900776773691177,0.0015610858099535108,,,
241,,,,40897,,,,0.06581507623195648,0.02891889214515686,0.0017527701565995812
,0.0005,,,40898,,,,,,
242,,0.0004425048828125,0.9628448486328125,40899,0.07431197166442871,0.02376830391585827,0.0012583816424012184,,,
242,,0.0004425048828125,1.1811676025390625,40909,0.02746415138244629,0.019032975658774376,0.0006683774408884346,,,
242,,0.0004425048828125,1.0898895263671875,40919,0.04242658615112305,0.017490273341536522,0.0006653167074546218,,,
242,,0.0004425048828125,1.385711669921875,40929,0.007779598236083984,0.018535859882831573,0.0005424341652542353,,,
242,,0.0004425048828125,1.4692535400390625,40939,0.0625607967376709,0.018077436834573746,0.0008086207089945674,,,
242,,0.0004425048828125,1.2955780029296875,40949,0.12636327743530273,0.019237589091062546,0.0015996424481272697,,,
242,,0.0004425048828125,1.4040374755859375,40959,0.16886210441589355,0.021741321310400963,0.0028423601761460304,,,
242,,0.0004425048828125,1.5734100341796875,40969,0.1161653995513916,0.026573780924081802,0.002003514440730214,,,
242,,0.0004425048828125,1.1210784912109375,40979,0.1567676067352295,0.03335494175553322,0.0036219072062522173,,,
242,,0.0004425048828125,1.239715576171875,40989,0.1429455280303955,0.031121719628572464,0.0030066955368965864,,,
242,,0.0004425048828125,1.26031494140625,40999,0.14368939399719238,0.02666367217898369,0.002632914576679468,,,
242,,0.0004425048828125,1.241851806640625,41009,0.2133939266204834,0.025213463231921196,0.0036398456431925297,,,
242,,0.0004425048828125,1.3865203857421875,41019,0.028270959854125977,0.02514573000371456,0.0011116950772702694,,,
242,,0.0004425048828125,1.3866424560546875,41029,0.18278193473815918,0.026106558740139008,0.003101872745901346,,,
242,,0.0004425048828125,1.6258087158203125,41039,0.08770179748535156,0.022408422082662582,0.0013126025442034006,,,
242,,0.0004425048828125,1.2560272216796875,41049,0.07774972915649414,0.022645102813839912,0.0012849521590396762,,,
242,,0.0004425048828125,1.077056884765625,41059,0.11388683319091797,0.02046934701502323,0.001369732548482716,,,
242,,,,41066,,,,0.12766696512699127,0.02846386656165123,0.0023439154028892517
,0.0005,,,41067,,,,,,
243,,0.0004425048828125,1.5302276611328125,41069,0.06717634201049805,0.021196382120251656,0.001161740394309163,,,
243,,0.0004425048828125,1.1769256591796875,41079,0.21971750259399414,0.025369813665747643,0.0040243566036224365,,,
243,,0.0004425048828125,1.272979736328125,41089,0.3530290126800537,0.0348353311419487,0.009320402517914772,,,
243,,0.0004425048828125,1.2665557861328125,41099,0.0480198860168457,0.04245017468929291,0.003357573878020048,,,
243,,0.0004425048828125,1.31427001953125,41109,0.04407548904418945,0.03391961380839348,0.002316742902621627,,,
243,,0.0004425048828125,1.3892364501953125,41119,0.26560163497924805,0.036499883979558945,0.006351602263748646,,,
243,,0.0004425048828125,1.277191162109375,41129,0.21518588066101074,0.03358139842748642,0.005421753041446209,,,
243,,0.0004425048828125,1.310089111328125,41139,0.09029769897460938,0.03487694635987282,0.002578319050371647,,,
243,,0.0004425048828125,1.3979339599609375,41149,0.13541340827941895,0.02639836259186268,0.002046287525445223,,,
243,,0.0004425048828125,1.3321380615234375,41159,0.07012939453125,0.022768517956137657,0.0011716157896444201,,,
243,,0.0004425048828125,1.2644805908203125,41169,0.08072209358215332,0.022329440340399742,0.0012623827205970883,,,
243,,0.0004425048828125,1.251312255859375,41179,0.07576179504394531,0.02361232414841652,0.0013353991089388728,,,
243,,0.0004425048828125,1.2376708984375,41189,0.024784088134765625,0.021783579140901566,0.000825443014036864,,,
243,,0.0004425048828125,1.2153778076171875,41199,0.05023694038391113,0.022429056465625763,0.0009745270945131779,,,
243,,0.0004425048828125,1.465728759765625,41209,0.13590764999389648,0.020718323066830635,0.0016399065498262644,,,
243,,0.0004425048828125,1.4311981201171875,41219,0.04204249382019043,0.02076670713722706,0.000823447946459055,,,
243,,0.0004425048828125,1.64239501953125,41229,0.1354365348815918,0.019996648654341698,0.0019759272690862417,,,
243,,,,41235,,,,0.19513443112373352,0.02701866440474987,0.0034612135495990515
,0.0005,,,41236,,,,,,
244,,0.0004425048828125,1.323822021484375,41239,0.19498848915100098,0.021808722987771034,0.0032866259571164846,,,
244,,0.0004425048828125,1.298553466796875,41249,0.12450551986694336,0.03238688036799431,0.0028813579119741917,,,
244,,0.0004425048828125,1.289642333984375,41259,0.18230104446411133,0.031349338591098785,0.0033443477004766464,,,
244,,0.0004425048828125,1.344879150390625,41269,0.17044949531555176,0.034700747579336166,0.003650269703939557,,,
244,,0.0004425048828125,1.1893768310546875,41279,0.30687928199768066,0.04012531414628029,0.008364861831068993,,,
244,,0.0004425048828125,1.24951171875,41289,0.19989609718322754,0.04212989658117294,0.005279495380818844,,,
244,,0.0004425048828125,1.2225341796875,41299,0.09806680679321289,0.03103395737707615,0.002203207928687334,,,
244,,0.0004425048828125,1.21246337890625,41309,0.28911256790161133,0.03585418313741684,0.007303664460778236,,,
244,,0.0004425048828125,1.580902099609375,41319,0.050511837005615234,0.03173846751451492,0.0019720536656677723,,,
244,,0.0004425048828125,1.09954833984375,41329,0.09158658981323242,0.02664058841764927,0.0017078600358217955,,,
244,,0.0004425048828125,1.492095947265625,41339,0.06892037391662598,0.02288668602705002,0.001303061144426465,,,
244,,0.0004425048828125,1.0167999267578125,41349,0.030073165893554688,0.024073272943496704,0.0009682962554506958,,,
244,,0.0004425048828125,1.7572174072265625,41359,0.07286620140075684,0.024495257064700127,0.0014441488310694695,,,
244,,0.0004425048828125,1.260498046875,41369,0.16598820686340332,0.024585366249084473,0.003368539735674858,,,
244,,0.0004425048828125,1.387542724609375,41379,0.06588125228881836,0.02108771912753582,0.0012530385283753276,,,
244,,0.0004425048828125,1.3409576416015625,41389,0.15684247016906738,0.026636704802513123,0.002790601458400488,,,
244,,0.0004425048828125,1.2140350341796875,41399,0.17844104766845703,0.028219785541296005,0.0029658772982656956,,,
244,,,,41404,,,,0.204517662525177,0.03307764604687691,0.004656764212995768
,0.0005,,,41405,,,,,,
245,,0.0004425048828125,1.3946075439453125,41409,0.1581573486328125,0.02536097913980484,0.002432588953524828,,,
245,,0.0004425048828125,1.1990509033203125,41419,0.322221040725708,0.023500243201851845,0.00708962045609951,,,
245,,0.0004425048828125,1.5129852294921875,41429,0.18416643142700195,0.0313248373568058,0.0034230041783303022,,,
245,,0.0004425048828125,1.1438140869140625,41439,0.08287596702575684,0.033275388181209564,0.002782901283353567,,,
245,,0.0004425048828125,1.3070068359375,41449,0.0637197494506836,0.030483270063996315,0.00184152415022254,,,
245,,0.0004425048828125,1.5337066650390625,41459,0.1297774314880371,0.02660185657441616,0.002309459261596203,,,
245,,0.0004425048828125,1.1352996826171875,41469,0.28564453125,0.02792392484843731,0.005481042433530092,,,
245,,0.0004425048828125,1.27020263671875,41479,0.5757613182067871,0.029498137533664703,0.01918623596429825,,,
245,,0.0004425048828125,1.301055908203125,41489,0.09566426277160645,0.03060556948184967,0.0021190401166677475,,,
245,,0.0004425048828125,1.5677337646484375,41499,0.28340768814086914,0.0313187800347805,0.008819268085062504,,,
245,,0.0004425048828125,1.1408538818359375,41509,0.12454462051391602,0.03055773489177227,0.002616018522530794,,,
245,,0.0004425048828125,1.1622161865234375,41519,0.0751795768737793,0.027043450623750687,0.0015039981808513403,,,
245,,0.0004425048828125,1.3314056396484375,41529,0.020512819290161133,0.02603941783308983,0.0012101872125640512,,,
245,,0.0004425048828125,1.1350860595703125,41539,0.1193091869354248,0.02706349641084671,0.002062508137896657,,,
245,,0.0004425048828125,1.54278564453125,41549,0.09852743148803711,0.02332988567650318,0.0014745867811143398,,,
245,,0.0004425048828125,1.330963134765625,41559,0.0708467960357666,0.020179985091090202,0.0009670385625213385,,,
245,,0.0004425048828125,1.2370758056640625,41569,0.04930686950683594,0.02194058895111084,0.000944358529523015,,,
245,,,,41573,,,,0.16611170768737793,0.028739890083670616,0.0032498501241207123
,0.00025,,,41574,,,,,,
246,,0.0004425048828125,1.3898773193359375,41579,0.06136155128479004,0.023337412625551224,0.0010983303654938936,,,
246,,0.0004425048828125,1.443267822265625,41589,0.14160656929016113,0.019860584288835526,0.0016949253622442484,,,
246,,0.0004425048828125,1.4239349365234375,41599,0.07163214683532715,0.020393751561641693,0.0010120803490281105,,,
246,,0.0004425048828125,1.2521820068359375,41609,0.04772806167602539,0.019179489463567734,0.0007809624657966197,,,
246,,0.0004425048828125,1.1688995361328125,41619,0.02277207374572754,0.019638484343886375,0.000643148785457015,,,
246,,0.0004425048828125,1.4384765625,41629,0.033715009689331055,0.018986184149980545,0.0006840543355792761,,,
246,,0.0004425048828125,1.313568115234375,41639,0.09953165054321289,0.017438743263483047,0.0011606458574533463,,,
246,,0.0004425048828125,1.3108367919921875,41649,0.016347408294677734,0.015286838635802269,0.0003992414567619562,,,
246,,0.0004425048828125,1.3359832763671875,41659,0.026379108428955078,0.017452899366617203,0.0005499208346009254,,,
246,,0.0004425048828125,1.23406982421875,41669,0.01958441734313965,0.016931729391217232,0.00048247064114548266,,,
246,,0.0004425048828125,1.400421142578125,41679,0.0376434326171875,0.016734307631850243,0.0005295457085594535,,,
246,,0.0004425048828125,1.22259521484375,41689,0.038405418395996094,0.018079848960042,0.0006575329462066293,,,
246,,0.0004425048828125,1.197265625,41699,0.06596899032592773,0.016722852364182472,0.0007635684451088309,,,
246,,0.0004425048828125,1.372100830078125,41709,0.1295158863067627,0.017550600692629814,0.0016026449156925082,,,
246,,0.0004425048828125,1.59173583984375,41719,0.0697011947631836,0.018193846568465233,0.0008284368086606264,,,
246,,0.0004425048828125,1.19793701171875,41729,0.061144351959228516,0.017622902989387512,0.0007374916458502412,,,
246,,0.0004425048828125,1.24005126953125,41739,0.05538296699523926,0.018523957580327988,0.0007639090181328356,,,
246,,,,41742,,,,0.11387045681476593,0.025393549352884293,0.0019244899740442634
,0.00025,,,41743,,,,,,
247,,0.0004425048828125,1.3443756103515625,41749,0.09203839302062988,0.016916586086153984,0.0010208958992734551,,,
247,,0.0004425048828125,1.2309112548828125,41759,0.01196908950805664,0.016647983342409134,0.0004500594804994762,,,
247,,0.0004425048828125,1.01171875,41769,0.03988075256347656,0.017230888828635216,0.0005717102903872728,,,
247,,0.0004425048828125,1.2518768310546875,41779,0.04411005973815918,0.01608603075146675,0.0005415574996732175,,,
247,,0.0004425048828125,1.3259124755859375,41789,0.02439594268798828,0.016560452058911324,0.0004805210046470165,,,
247,,0.0004425048828125,1.2213897705078125,41799,0.040082454681396484,0.01691976562142372,0.0005764413508586586,,,
247,,0.0004425048828125,1.2065887451171875,41809,0.02292037010192871,0.01815675012767315,0.0005710891564376652,,,
247,,0.0004425048828125,1.510345458984375,41819,0.038743019104003906,0.01589512638747692,0.0005195250851102173,,,
247,,0.0004425048828125,1.4876556396484375,41829,0.06972479820251465,0.018914995715022087,0.0008940748521126807,,,
247,,0.0004425048828125,1.479156494140625,41839,0.030910730361938477,0.017408277839422226,0.0005314010777510703,,,
247,,0.0004425048828125,1.2326507568359375,41849,0.023701190948486328,0.015530050732195377,0.000437419192166999,,,
247,,0.0004425048828125,1.2694549560546875,41859,0.018975019454956055,0.016173839569091797,0.0004302264133002609,,,
247,,0.0004425048828125,1.2525787353515625,41869,0.06274223327636719,0.01616089791059494,0.0006754481000825763,,,
247,,0.0004425048828125,1.2958526611328125,41879,0.035582780838012695,0.01828387938439846,0.0006052864482626319,,,
247,,0.0004425048828125,1.2958526611328125,41889,0.07299256324768066,0.015615622512996197,0.0007427316159009933,,,
247,,0.0004425048828125,1.2722625732421875,41899,0.0693354606628418,0.018065284937620163,0.0007730438373982906,,,
247,,0.0004425048828125,1.259033203125,41909,0.016830921173095703,0.01806386187672615,0.0005289302207529545,,,
247,,,,41911,,,,0.03382645919919014,0.0257437564432621,0.0012543482007458806
,0.00025,,,41912,,,,,,
248,,0.0004425048828125,1.248565673828125,41919,0.018952131271362305,0.015595356933772564,0.00042234628926962614,,,
248,,0.0004425048828125,1.4658203125,41929,0.02514362335205078,0.01763552986085415,0.0005339048802852631,,,
248,,0.0004425048828125,1.332855224609375,41939,0.027482032775878906,0.014630273915827274,0.00040021538734436035,,,
248,,0.0004425048828125,1.2487335205078125,41949,0.018566608428955078,0.016291283071041107,0.0004497594491112977,,,
248,,0.0004425048828125,1.23040771484375,41959,0.014472484588623047,0.013957754708826542,0.000323222455335781,,,
248,,0.0004425048828125,1.22271728515625,41969,0.007437229156494141,0.014985056594014168,0.00035036279587075114,,,
248,,0.0004425048828125,1.183258056640625,41979,0.012295722961425781,0.018583130091428757,0.0005629868828691542,,,
248,,0.0004425048828125,1.2259368896484375,41989,0.01866602897644043,0.017674073576927185,0.0005211641546338797,,,
248,,0.0004425048828125,1.5667266845703125,41999,0.020464181900024414,0.018101047724485397,0.0005523876170627773,,,
248,,0.0004425048828125,1.1511688232421875,42009,0.06043243408203125,0.016411013901233673,0.0006317803054116666,,,
248,,0.0004425048828125,1.2386016845703125,42019,0.07797908782958984,0.014306505210697651,0.0006733341724611819,,,
248,,0.0004425048828125,1.589447021484375,42029,0.09667491912841797,0.017242155969142914,0.0010138849029317498,,,
248,,0.0004425048828125,1.6644744873046875,42039,0.028580665588378906,0.01681845262646675,0.00048178411088883877,,,
248,,0.0004425048828125,1.3012237548828125,42049,0.09170341491699219,0.01820553094148636,0.001046065124683082,,,
248,,0.0004425048828125,1.1992340087890625,42059,0.030814647674560547,0.017244180664420128,0.0005285678198561072,,,
248,,0.0004425048828125,1.2357025146484375,42069,0.04830789566040039,0.01716672256588936,0.0006335636135190725,,,
248,,0.0004425048828125,1.47314453125,42079,0.01551198959350586,0.015171311795711517,0.0003958661400247365,,,
248,,,,42080,,,,0.08519163727760315,0.02526036836206913,0.0016193713527172804
,0.00025,,,42081,,,,,,
249,,0.0004425048828125,1.10107421875,42089,0.06669878959655762,0.017597615718841553,0.0007679540431126952,,,
249,,0.0004425048828125,1.2531280517578125,42099,0.07960176467895508,0.01744643785059452,0.0009208663832396269,,,
249,,0.0004425048828125,1.280609130859375,42109,0.037535905838012695,0.01744568906724453,0.0006041653687134385,,,
249,,0.0004425048828125,1.20794677734375,42119,0.049877166748046875,0.01827630028128624,0.000692890549544245,,,
249,,0.0004425048828125,1.5962982177734375,42129,0.060835838317871094,0.020375961437821388,0.0008732191636227071,,,
249,,0.0004425048828125,1.26397705078125,42139,0.13567018508911133,0.018970772624015808,0.0015351895708590746,,,
249,,0.0004425048828125,1.4539337158203125,42149,0.021934032440185547,0.01795230805873871,0.000570863950997591,,,
249,,0.0004425048828125,1.2138824462890625,42159,0.018443584442138672,0.02344459295272827,0.000919806188903749,,,
249,,0.0004425048828125,1.2307891845703125,42169,0.02959442138671875,0.020687110722064972,0.0007487789844162762,,,
249,,0.0004425048828125,1.1214599609375,42179,0.008405923843383789,0.020900404080748558,0.0007244953885674477,,,
249,,0.0004425048828125,1.27996826171875,42189,0.04904508590698242,0.019116224721074104,0.0007113632746040821,,,
249,,0.0004425048828125,1.4066925048828125,42199,0.022310256958007812,0.01773592084646225,0.00052848388440907,,,
249,,0.0004425048828125,1.5321197509765625,42209,0.057077646255493164,0.018533281981945038,0.000717217568308115,,,
249,,0.0004425048828125,1.08612060546875,42219,0.028113603591918945,0.018391268327832222,0.0005727321840822697,,,
249,,0.0004425048828125,1.3404083251953125,42229,0.02515721321105957,0.01695415936410427,0.0004924586392007768,,,
249,,0.0004425048828125,1.57525634765625,42239,0.030511140823364258,0.016016609966754913,0.0004820786998607218,,,
249,,0.0004425048828125,1.49981689453125,42249,0.015384037978947163,0.015647824853658676,0.0004205410950817168,,,
249,,,,42249,,,,0.02950737066566944,0.025101620703935623,0.0011907797306776047
,0.00025,,,42250,,,,,,
250,,0.0004425048828125,1.4422149658203125,42259,0.026607751846313477,0.015955213457345963,0.00047231794451363385,,,
250,,0.0004425048828125,1.222625732421875,42269,0.03390049934387207,0.01697346568107605,0.0005493697826750576,,,
250,,0.0004425048828125,1.5509490966796875,42279,0.038255929946899414,0.016505206003785133,0.0005464514833875,,,
250,,0.0004425048828125,1.1809844970703125,42289,0.011559486389160156,0.01649106666445732,0.00045800150837749243,,,
250,,0.0004425048828125,1.6167144775390625,42299,0.025488853454589844,0.0171189084649086,0.0005243447958491743,,,
250,,0.0004425048828125,1.60626220703125,42309,0.06388449668884277,0.01679140515625477,0.0007122623501345515,,,
250,,0.0004425048828125,1.328460693359375,42319,0.03032207489013672,0.015397838316857815,0.00044503159006126225,,,
250,,0.0004425048828125,1.1963348388671875,42329,0.059005022048950195,0.015393574722111225,0.0006659241626039147,,,
250,,0.0004425048828125,1.2878570556640625,42339,0.05031847953796387,0.016098441556096077,0.0005476762307807803,,,
250,,0.0004425048828125,1.5111236572265625,42349,0.017500877380371094,0.01669248566031456,0.00046504446072503924,,,
250,,0.0004425048828125,1.20159912109375,42359,0.07861042022705078,0.014171290211379528,0.0006305361166596413,,,
250,,0.0004425048828125,1.2125396728515625,42369,0.10054612159729004,0.01715810038149357,0.0010261648567393422,,,
250,,0.0004425048828125,1.4938507080078125,42379,0.05645346641540527,0.01723344437777996,0.0007026703679002821,,,
250,,0.0004425048828125,1.2453155517578125,42389,0.014630556106567383,0.01566987857222557,0.00040445421473123133,,,
250,,0.0004425048828125,1.3569488525390625,42399,0.0316469669342041,0.01655407063663006,0.0005006422288715839,,,
250,,0.0004425048828125,1.14404296875,42409,0.03670668601989746,0.0162118561565876,0.0004913169541396201,,,
250,,,,42418,,,,0.0308768842369318,0.02508060820400715,0.001186505425721407
,0.00025,,,42419,,,,,,
251,,0.0004425048828125,1.0918426513671875,42419,0.013196468353271484,0.015190470032393932,0.0003658593923319131,,,
251,,0.0004425048828125,1.2823486328125,42429,0.03807497024536133,0.015194324776530266,0.0004364177875686437,,,
251,,0.0004425048828125,1.3523406982421875,42439,0.030920982360839844,0.014172488823533058,0.0003836809773929417,,,
251,,0.0004425048828125,1.387237548828125,42449,0.05015158653259277,0.014444367028772831,0.0005542850121855736,,,
251,,0.0004425048828125,1.51898193359375,42459,0.0483090877532959,0.016224130988121033,0.000565285561606288,,,
251,,0.0004425048828125,1.2626953125,42469,0.03822803497314453,0.017316646873950958,0.0005616229027509689,,,
251,,0.0004425048828125,1.2638092041015625,42479,0.010923147201538086,0.01532011665403843,0.0003818153927568346,,,
251,,0.0004425048828125,1.1455841064453125,42489,0.016823768615722656,0.016320951282978058,0.000438903080066666,,,
251,,0.0004425048828125,1.1196746826171875,42499,0.06505203247070312,0.01574365235865116,0.00063674570992589,,,
251,,0.0004425048828125,1.4315338134765625,42509,0.06744241714477539,0.016572199761867523,0.0007767805946059525,,,
251,,0.0004425048828125,1.334808349609375,42519,0.1084740161895752,0.02337091974914074,0.001796685392037034,,,
251,,0.0004425048828125,1.4273529052734375,42529,0.14543724060058594,0.021311640739440918,0.0019810262601822615,,,
251,,0.0004425048828125,1.27197265625,42539,0.07141804695129395,0.021995438262820244,0.0010881867492571473,,,
251,,0.0004425048828125,1.235687255859375,42549,0.03831815719604492,0.018905891105532646,0.0006800144328735769,,,
251,,0.0004425048828125,1.304840087890625,42559,0.07324504852294922,0.017182182520627975,0.0008198395371437073,,,
251,,0.0004425048828125,1.2457275390625,42569,0.03544735908508301,0.018580172210931778,0.0006841482245363295,,,
251,,0.0004425048828125,1.24798583984375,42579,0.030298709869384766,0.016354098916053772,0.0004974537878297269,,,
251,,,,42587,,,,0.0327531062066555,0.025469237938523293,0.0012207754189148545
,0.00025,,,42588,,,,,,
252,,0.0004425048828125,1.258697509765625,42589,0.08770275115966797,0.015519322827458382,0.0007895666640251875,,,
252,,0.0004425048828125,1.2346343994140625,42599,0.0705418586730957,0.017793476581573486,0.0008308953838422894,,,
252,,0.0004425048828125,1.28717041015625,42609,0.0425260066986084,0.017152363434433937,0.0005807540728710592,,,
252,,0.0004425048828125,1.314483642578125,42619,0.04694342613220215,0.01616785116493702,0.0005271349800750613,,,
252,,0.0004425048828125,1.5171966552734375,42629,0.04089641571044922,0.0163881853222847,0.0005553474766202271,,,
252,,0.0004425048828125,1.369537353515625,42639,0.025988101959228516,0.018541917204856873,0.0006033212994225323,,,
252,,0.0004425048828125,1.448944091796875,42649,0.04882168769836426,0.016765279695391655,0.0005899592069908977,,,
252,,0.0004425048828125,1.2934417724609375,42659,0.02192997932434082,0.016992298886179924,0.0005067255697213113,,,
252,,0.0004425048828125,1.463134765625,42669,0.0070896148681640625,0.01674042083323002,0.0004602124390657991,,,
252,,0.0004425048828125,1.3182373046875,42679,0.02191638946533203,0.013193965889513493,0.00030168602825142443,,,
252,,0.0004425048828125,1.2134552001953125,42689,0.02544879913330078,0.014589332044124603,0.0004028283874504268,,,
252,,0.0004425048828125,1.31317138671875,42699,0.0418696403503418,0.016286330297589302,0.0005415083724074066,,,
252,,0.0004425048828125,1.3516387939453125,42709,0.06570196151733398,0.01704566366970539,0.0006772307679057121,,,
252,,0.0004425048828125,1.1972198486328125,42719,0.07285404205322266,0.017186928540468216,0.0008527222089469433,,,
252,,0.0004425048828125,1.307037353515625,42729,0.06893324851989746,0.019466882571578026,0.0009333745110780001,,,
252,,0.0004425048828125,1.2402191162109375,42739,0.10261106491088867,0.019290417432785034,0.0012450016802176833,,,
252,,0.0004425048828125,1.2323455810546875,42749,0.0632162094116211,0.01868484728038311,0.0007845720392651856,,,
252,,,,42756,,,,0.08842097222805023,0.02589975669980049,0.001737691811285913
,0.00025,,,42757,,,,,,
253,,0.0004425048828125,1.3992156982421875,42759,0.06028628349304199,0.017817912623286247,0.000752728374209255,,,
253,,0.0004425048828125,1.4319610595703125,42769,0.03361678123474121,0.01990365795791149,0.0007038378389552236,,,
253,,0.0004425048828125,1.01947021484375,42779,0.02388739585876465,0.01863517053425312,0.0006116894073784351,,,
253,,0.0004425048828125,1.3641357421875,42789,0.007372856140136719,0.0164788905531168,0.00043073977576568723,,,
253,,0.0004425048828125,1.2849884033203125,42799,0.08522272109985352,0.016544682905077934,0.0009338515228591859,,,
253,,0.0004425048828125,1.261383056640625,42809,0.10564780235290527,0.016734106466174126,0.0011193957179784775,,,
253,,0.0004425048828125,1.141143798828125,42819,0.08092665672302246,0.019040536135435104,0.0011276423465460539,,,
253,,0.0004425048828125,1.5010223388671875,42829,0.10386848449707031,0.01672636717557907,0.001110560609959066,,,
253,,0.0004425048828125,1.49737548828125,42839,0.08416318893432617,0.016708137467503548,0.0008641988388262689,,,
253,,0.0004425048828125,1.042266845703125,42849,0.07572340965270996,0.02047625556588173,0.001036213361658156,,,
253,,0.0004425048828125,1.401123046875,42859,0.06630110740661621,0.0196120273321867,0.0009063442703336477,,,
253,,0.0004425048828125,1.3610687255859375,42869,0.20542311668395996,0.019664620980620384,0.0028330443892627954,,,
253,,0.0004425048828125,1.6749114990234375,42879,0.10402965545654297,0.019603826105594635,0.0013067340478301048,,,
253,,0.0004425048828125,1.5919036865234375,42889,0.018598079681396484,0.019411349669098854,0.0006337649538181722,,,
253,,0.0004425048828125,1.32867431640625,42899,0.21569490432739258,0.020690815523266792,0.003161684377118945,,,
253,,0.0004425048828125,1.3610992431640625,42909,0.16003847122192383,0.022066911682486534,0.0023402655497193336,,,
253,,0.0004425048828125,1.11663818359375,42919,0.09118461608886719,0.02091147191822529,0.0013102537486702204,,,
253,,,,42925,,,,0.1711815595626831,0.029175948351621628,0.0033666689414530993
,0.00025,,,42926,,,,,,
254,,0.0004425048828125,1.3967132568359375,42929,0.22773504257202148,0.021895350888371468,0.004048870876431465,,,
254,,0.0004425048828125,1.1373443603515625,42939,0.20221424102783203,0.02595909871160984,0.003718180349096656,,,
254,,0.0004425048828125,1.097869873046875,42949,0.03395676612854004,0.03086911141872406,0.0016950208228081465,,,
254,,0.0004425048828125,1.1745452880859375,42959,0.043486595153808594,0.024850932881236076,0.00134003022685647,,,
254,,0.0004425048828125,1.2141265869140625,42969,0.22363042831420898,0.02223963849246502,0.0036167411599308252,,,
254,,0.0004425048828125,1.218597412109375,42979,0.1327526569366455,0.02380380406975746,0.0019262500572949648,,,
254,,0.0004425048828125,1.2573394775390625,42989,0.06640625,0.01957382634282112,0.0008382926462218165,,,
254,,0.0004425048828125,1.1617584228515625,42999,0.09345078468322754,0.018766120076179504,0.0010358307044953108,,,
254,,0.0004425048828125,1.209991455078125,43009,0.05937337875366211,0.021001219749450684,0.0009566006483510137,,,
254,,0.0004425048828125,1.73321533203125,43019,0.02970266342163086,0.01656981185078621,0.0005177097045816481,,,
254,,0.0004425048828125,1.6946868896484375,43029,0.022799015045166016,0.017692266032099724,0.0005303253419697285,,,
254,,0.0004425048828125,1.2207489013671875,43039,0.04254913330078125,0.01645810529589653,0.0005113190854899585,,,
254,,0.0004425048828125,1.262939453125,43049,0.05961966514587402,0.01695721223950386,0.0006778297829441726,,,
254,,0.0004425048828125,1.3619232177734375,43059,0.08138298988342285,0.017454054206609726,0.0008267584489658475,,,
254,,0.0004425048828125,1.0062408447265625,43069,0.016632556915283203,0.01781415566802025,0.0005298700998537242,,,
254,,0.0004425048828125,1.6251373291015625,43079,0.056653738021850586,0.01601458713412285,0.0006879627471789718,,,
254,,0.0004425048828125,1.3300933837890625,43089,0.029380321502685547,0.01815139316022396,0.000597104721236974,,,
254,,,,43094,,,,0.06365390866994858,0.02556910179555416,0.0014412866439670324
,0.00025,,,43095,,,,,,
255,,0.0004425048828125,1.3212890625,43099,0.03433418273925781,0.016666725277900696,0.0005327301332727075,,,
255,,0.0004425048828125,1.2856292724609375,43109,0.018877744674682617,0.016861744225025177,0.0004919104976579547,,,
255,,0.0004425048828125,1.317657470703125,43119,0.12934613227844238,0.016381608322262764,0.0014625650364905596,,,
255,,0.0004425048828125,1.6377716064453125,43129,0.07088088989257812,0.018307648599147797,0.0009453152306377888,,,
255,,0.0004425048828125,1.31103515625,43139,0.052416324615478516,0.018693339079618454,0.0007520781946368515,,,
255,,0.0004425048828125,1.31103515625,43149,0.06312417984008789,0.01816968433558941,0.0007707485929131508,,,
255,,0.0004425048828125,1.0306854248046875,43159,0.054877519607543945,0.01650376059114933,0.0005940936971455812,,,
255,,0.0004425048828125,1.04168701171875,43169,0.14676761627197266,0.017710324376821518,0.0017719259485602379,,,
255,,0.0004425048828125,1.7477264404296875,43179,0.031453609466552734,0.018145328387618065,0.0005876025534234941,,,
255,,0.0004425048828125,1.138092041015625,43189,0.00977182388305664,0.018518289551138878,0.000560192740522325,,,
255,,0.0004425048828125,1.09014892578125,43199,0.039597511291503906,0.018894368782639503,0.0006514658452942967,,,
255,,0.0004425048828125,1.3398284912109375,43209,0.039138078689575195,0.01690022461116314,0.0005453539197333157,,,
255,,0.0004425048828125,1.7559967041015625,43219,0.09072732925415039,0.01757941208779812,0.0009339646203443408,,,
255,,0.0004425048828125,1.256622314453125,43229,0.037395477294921875,0.015810232609510422,0.0004785431665368378,,,
255,,0.0004425048828125,1.235626220703125,43239,0.0837106704711914,0.019005902111530304,0.0011054620845243335,,,
255,,0.0004425048828125,1.2951812744140625,43249,0.028196096420288086,0.018991081044077873,0.0006355782388709486,,,
255,,0.0004425048828125,1.0304107666015625,43259,0.0806272029876709,0.019166985526680946,0.000998006435111165,,,
255,,,,43263,,,,0.05291811749339104,0.02598496340215206,0.001402081805281341
,0.00025,,,43264,,,,,,
256,,0.0004425048828125,1.1386871337890625,43269,0.04868960380554199,0.018786493688821793,0.0007829918176867068,,,
256,,0.0004425048828125,1.5944976806640625,43279,0.013459444046020508,0.017267072573304176,0.0004886309034191072,,,
256,,0.0004425048828125,1.2893829345703125,43289,0.01706671714782715,0.015592391602694988,0.0004165789869148284,,,
256,,0.0004425048828125,1.5588531494140625,43299,0.02817678451538086,0.01907535456120968,0.0006443732418119907,,,
256,,0.0004425048828125,1.2761688232421875,43309,0.05117940902709961,0.015610398724675179,0.0006084281485527754,,,
256,,0.0004425048828125,1.231109619140625,43319,0.03852438926696777,0.01654919981956482,0.0006247973069548607,,,
256,,0.0004425048828125,1.3286285400390625,43329,0.054520606994628906,0.015295866876840591,0.0005159010179340839,,,
256,,0.0004425048828125,1.429718017578125,43339,0.021650075912475586,0.016718460246920586,0.00048575998516753316,,,
256,,0.0004425048828125,1.518310546875,43349,0.03970456123352051,0.016279831528663635,0.0005536773824132979,,,
256,,0.0004425048828125,1.377349853515625,43359,0.04641318321228027,0.017397481948137283,0.0006021700100973248,,,
256,,0.0004425048828125,1.314453125,43369,0.0846250057220459,0.01879405789077282,0.001036624307744205,,,
256,,0.0004425048828125,1.17333984375,43379,0.07116889953613281,0.01579834148287773,0.0006571600679308176,,,
256,,0.0004425048828125,1.2115631103515625,43389,0.08187413215637207,0.016931265592575073,0.0009333299822174013,,,
256,,0.0004425048828125,1.8153533935546875,43399,0.06644678115844727,0.019094934687018394,0.0008993224473670125,,,
256,,0.0004425048828125,1.1872711181640625,43409,0.07088971138000488,0.017658386379480362,0.0008236430585384369,,,
256,,0.0004425048828125,1.532379150390625,43419,0.1437084674835205,0.01940380223095417,0.0018100973684340715,,,
256,,0.0004425048828125,1.13397216796875,43429,0.11323380470275879,0.021880706772208214,0.0015670822467654943,,,
256,,,,43432,,,,0.15529212355613708,0.029362652450799942,0.002988535678014159
,0.00025,,,43433,,,,,,
257,,0.0004425048828125,1.2372894287109375,43439,0.13065314292907715,0.02591397613286972,0.0033163209445774555,,,
257,,0.0004425048828125,1.419158935546875,43449,0.16357684135437012,0.025885073468089104,0.002699072938412428,,,
257,,0.0004425048828125,1.2603607177734375,43459,0.28832054138183594,0.029829377308487892,0.008989499881863594,,,
257,,0.0004425048828125,1.0961456298828125,43469,0.19254326820373535,0.026531441137194633,0.0032350991386920214,,,
257,,0.0004425048828125,1.5193634033203125,43479,0.12164926528930664,0.027778444811701775,0.002304932102560997,,,
257,,0.0004425048828125,1.0655975341796875,43489,0.3615083694458008,0.02759924717247486,0.008448210544884205,,,
257,,0.0004425048828125,1.4363861083984375,43499,0.21169829368591309,0.030501117929816246,0.004318238701671362,,,
257,,0.0004425048828125,1.0411224365234375,43509,0.2230386734008789,0.029702434316277504,0.00417920621111989,,,
257,,0.0004425048828125,1.181610107421875,43519,0.3477935791015625,0.025607705116271973,0.009059853851795197,,,
257,,0.0004425048828125,1.21923828125,43529,0.05363655090332031,0.02674642764031887,0.001359240966849029,,,
257,,0.0004425048828125,1.247894287109375,43539,0.04651165008544922,0.019863005727529526,0.0007584477425552905,,,
257,,0.0004425048828125,1.3533172607421875,43549,0.06647253036499023,0.02134517766535282,0.0010021288180723786,,,
257,,0.0004425048828125,1.258941650390625,43559,0.09021782875061035,0.019964301958680153,0.0011753891594707966,,,
257,,0.0004425048828125,1.187286376953125,43569,0.07530975341796875,0.019001685082912445,0.0009001825237646699,,,
257,,0.0004425048828125,1.3255615234375,43579,0.05981111526489258,0.015975961461663246,0.0006088953814469278,,,
257,,0.0004425048828125,1.42822265625,43589,0.015633106231689453,0.01887723058462143,0.0005775932804681361,,,
257,,0.0004425048828125,1.6881561279296875,43599,0.029457807540893555,0.018009768798947334,0.0005649252561852336,,,
257,,,,43601,,,,0.02991544082760811,0.025126133114099503,0.0011661970056593418
,0.00025,,,43602,,,,,,
258,,0.0004425048828125,1.180328369140625,43609,0.028918981552124023,0.015835098922252655,0.000473601627163589,,,
258,,0.0004425048828125,1.17578125,43619,0.03374814987182617,0.015225772745907307,0.00042833550833165646,,,
258,,0.0004425048828125,1.313079833984375,43629,0.022571086883544922,0.019015852361917496,0.000636865443084389,,,
258,,0.0004425048828125,1.25323486328125,43639,0.023209095001220703,0.015137122943997383,0.0004023802757728845,,,
258,,0.0004425048828125,1.2981719970703125,43649,0.10595893859863281,0.017983490601181984,0.0011954091023653746,,,
258,,0.0004425048828125,1.6083526611328125,43659,0.04403567314147949,0.018305717036128044,0.0006472444511018693,,,
258,,0.0004425048828125,1.521728515625,43669,0.023004531860351562,0.015525276772677898,0.00041317136492580175,,,
258,,0.0004425048828125,1.0470428466796875,43679,0.033560752868652344,0.015061897225677967,0.0004213343490846455,,,
258,,0.0004425048828125,1.257293701171875,43689,0.024311542510986328,0.015247523784637451,0.0004168851301074028,,,
258,,0.0004425048828125,1.2584991455078125,43699,0.026037216186523438,0.016927173361182213,0.0005156677798368037,,,
258,,0.0004425048828125,1.2496490478515625,43709,0.04381966590881348,0.016542023047804832,0.0005864599370397627,,,
258,,0.0004425048828125,1.1427154541015625,43719,0.016373872756958008,0.01690037176012993,0.00045726410462521017,,,
258,,0.0004425048828125,1.1800384521484375,43729,0.048864126205444336,0.017017165198922157,0.0006008560885675251,,,
258,,0.0004425048828125,1.6611328125,43739,0.05265665054321289,0.015529831871390343,0.0005284781218506396,,,
258,,0.0004425048828125,1.6658782958984375,43749,0.02046346664428711,0.016398902982473373,0.0004652585193980485,,,
258,,0.0004425048828125,1.30419921875,43759,0.03466486930847168,0.017771046608686447,0.0005905927391722798,,,
258,,0.0004425048828125,1.3672637939453125,43769,0.00957345962524414,0.01569107361137867,0.0003998262691311538,,,
258,,,,43770,,,,0.030778197571635246,0.02435588464140892,0.0011204017791897058
,0.00025,,,43771,,,,,,
259,,0.0004425048828125,1.0578765869140625,43779,0.02822136878967285,0.014875215478241444,0.0004478487535379827,,,
259,,0.0004425048828125,1.423614501953125,43789,0.030059337615966797,0.014323961921036243,0.0003642593801487237,,,
259,,0.0004425048828125,1.1963958740234375,43799,0.08989071846008301,0.016122350469231606,0.0009010842768475413,,,
259,,0.0004425048828125,1.430694580078125,43809,0.04358100891113281,0.015707047656178474,0.0005006750579923391,,,
259,,0.0004425048828125,1.1709442138671875,43819,0.14066314697265625,0.018657028675079346,0.0016547745326533914,,,
259,,0.0004425048828125,1.578948974609375,43829,0.13333392143249512,0.020136376842856407,0.0016757131088525057,,,
259,,0.0004425048828125,1.55596923828125,43839,0.039156436920166016,0.017837487161159515,0.0006389455520547926,,,
259,,0.0004425048828125,1.35150146484375,43849,0.009372472763061523,0.01855853758752346,0.0005800850340165198,,,
259,,0.0004425048828125,1.5277862548828125,43859,0.0401911735534668,0.01655869372189045,0.0005571158835664392,,,
259,,0.0004425048828125,1.5186309814453125,43869,0.04028034210205078,0.01606881432235241,0.0005507675814442337,,,
259,,0.0004425048828125,1.455780029296875,43879,0.038556575775146484,0.017424091696739197,0.0005987248150631785,,,
259,,0.0004425048828125,1.38702392578125,43889,0.10553121566772461,0.017267314717173576,0.0010768489446491003,,,
259,,0.0004425048828125,1.65631103515625,43899,0.029488086700439453,0.014651698060333729,0.0003991943085566163,,,
259,,0.0004425048828125,1.1800537109375,43909,0.05777287483215332,0.017309041693806648,0.0006676985649392009,,,
259,,0.0004425048828125,1.1306610107421875,43919,0.022202491760253906,0.017890600487589836,0.0005582140292972326,,,
259,,0.0004425048828125,1.130859375,43929,0.06853747367858887,0.017982352524995804,0.0007916301256045699,,,
259,,0.0004425048828125,0.968231201171875,43939,0.07134786993265152,0.01731353998184204,0.0007562566897831857,,,
259,,,,43939,,,,0.038237202912569046,0.02548467367887497,0.001245580380782485
,0.00025,,,43940,,,,,,
260,,0.0004425048828125,1.26544189453125,43949,0.03809094429016113,0.016738025471568108,0.0005381519440561533,,,
260,,0.0004425048828125,1.11236572265625,43959,0.04023027420043945,0.015598430298268795,0.00048159374273382127,,,
260,,0.0004425048828125,1.3442230224609375,43969,0.035629987716674805,0.016151728108525276,0.0005043657147325575,,,
260,,0.0004425048828125,1.3454742431640625,43979,0.052820682525634766,0.0176391564309597,0.0006509898230433464,,,
260,,0.0004425048828125,1.256988525390625,43989,0.07961821556091309,0.01665455289185047,0.0008531227940693498,,,
260,,0.0004425048828125,1.24859619140625,43999,0.19939327239990234,0.018900208175182343,0.0029052223544567823,,,
260,,0.0004425048828125,1.519775390625,44009,0.13713645935058594,0.021954944357275963,0.001791343791410327,,,
260,,0.0004425048828125,1.30523681640625,44019,0.035697221755981445,0.018249623477458954,0.0006449380307458341,,,
260,,0.0004425048828125,1.2879791259765625,44029,0.040963172912597656,0.018839236348867416,0.0007105338736437261,,,
260,,0.0004425048828125,1.2577056884765625,44039,0.028738975524902344,0.017457488924264908,0.000559724576305598,,,
260,,0.0004425048828125,1.5926361083984375,44049,0.059612274169921875,0.017323968932032585,0.0007044379017315805,,,
260,,0.0004425048828125,1.3627471923828125,44059,0.1018524169921875,0.016665181145071983,0.0011566868051886559,,,
260,,0.0004425048828125,1.0074005126953125,44069,0.07384824752807617,0.017115239053964615,0.0008197879651561379,,,
260,,0.0004425048828125,1.20831298828125,44079,0.05746054649353027,0.018026750534772873,0.0007037945324555039,,,
260,,0.0004425048828125,1.3863372802734375,44089,0.08828043937683105,0.017804408445954323,0.0009161976631730795,,,
260,,0.0004425048828125,1.6459808349609375,44099,0.10075974464416504,0.01682678610086441,0.0009966747602447867,,,
260,,,,44108,,,,0.12279436737298965,0.028263932093977928,0.002338727703318
,0.00025,,,44109,,,,,,
261,,0.0004425048828125,1.354644775390625,44109,0.1574699878692627,0.021823052316904068,0.002258053980767727,,,
261,,0.0004425048828125,1.5408935546875,44119,0.21131110191345215,0.021830853074789047,0.0031966061796993017,,,
261,,0.0004425048828125,1.637542724609375,44129,0.10345602035522461,0.02726605162024498,0.0019870612304657698,,,
261,,0.0004425048828125,1.3536529541015625,44139,0.2401895523071289,0.03198517858982086,0.004885760135948658,,,
261,,0.0004425048828125,1.5298919677734375,44149,0.11225223541259766,0.026133650913834572,0.0016969540156424046,,,
261,,0.0004425048828125,1.2432098388671875,44159,0.05917787551879883,0.024784334003925323,0.0012362068518996239,,,
261,,0.0004425048828125,1.457366943359375,44169,0.06354975700378418,0.02053024247288704,0.0008737961179576814,,,
261,,0.0004425048828125,1.4414520263671875,44179,0.05646061897277832,0.020338142290711403,0.0008861914393492043,,,
261,,0.0004425048828125,1.4195404052734375,44189,0.019970178604125977,0.021167831495404243,0.0007833940908312798,,,
261,,0.0004425048828125,1.234588623046875,44199,0.10323262214660645,0.01770886965095997,0.0010619681561365724,,,
261,,0.0004425048828125,1.16259765625,44209,0.06923437118530273,0.01730339042842388,0.0007234851364046335,,,
261,,0.0004425048828125,1.464324951171875,44219,0.04117870330810547,0.01729147508740425,0.0006283802213147283,,,
261,,0.0004425048828125,1.4192962646484375,44229,0.0465540885925293,0.017344072461128235,0.0006515010027214885,,,
261,,0.0004425048828125,1.45330810546875,44239,0.024819612503051758,0.017490843310952187,0.0005239886813797057,,,
261,,0.0004425048828125,1.5807647705078125,44249,0.09367585182189941,0.017825789749622345,0.0010244695004075766,,,
261,,0.0004425048828125,1.2816314697265625,44259,0.023601531982421875,0.01652728207409382,0.0004725987382698804,,,
261,,0.0004425048828125,1.6773834228515625,44269,0.013924360275268555,0.01760282926261425,0.0005116068641655147,,,
261,,,,44277,,,,0.05542326718568802,0.02482268400490284,0.0013071736320853233
,0.00025,,,44278,,,,,,
262,,0.0004425048828125,1.1941986083984375,44279,0.09221863746643066,0.01659368723630905,0.0009050251683220267,,,
262,,0.0004425048828125,1.2554779052734375,44289,0.024732351303100586,0.01718895696103573,0.0004897327162325382,,,
262,,0.0004425048828125,1.6292877197265625,44299,0.03624105453491211,0.017210904508829117,0.0005407787393778563,,,
262,,0.0004425048828125,1.4168701171875,44309,0.060733795166015625,0.01520333718508482,0.0005856737843714654,,,
262,,0.0004425048828125,1.1397857666015625,44319,0.053460121154785156,0.016197485849261284,0.0007103189709596336,,,
262,,0.0004425048828125,1.4266204833984375,44329,0.0615391731262207,0.0177371334284544,0.0007050632266327739,,,
262,,0.0004425048828125,1.1564178466796875,44339,0.03240680694580078,0.014967708848416805,0.0004311363445594907,,,
262,,0.0004425048828125,1.3128814697265625,44349,0.013422489166259766,0.016610683873295784,0.0004705298924818635,,,
262,,0.0004425048828125,1.313018798828125,44359,0.02095508575439453,0.016453182324767113,0.0004604081332217902,,,
262,,0.0004425048828125,1.2614898681640625,44369,0.023471355438232422,0.01525175105780363,0.00037935192813165486,,,
262,,0.0004425048828125,1.2756500244140625,44379,0.027048587799072266,0.014467207714915276,0.0003676575142890215,,,
262,,0.0004425048828125,1.292144775390625,44389,0.017088651657104492,0.01564532145857811,0.00041553901974111795,,,
262,,0.0004425048828125,1.2957305908203125,44399,0.019709110260009766,0.013617251999676228,0.000316391175147146,,,
262,,0.0004425048828125,1.240570068359375,44409,0.03832054138183594,0.014131985604763031,0.0003894217952620238,,,
262,,0.0004425048828125,1.4443817138671875,44419,0.02402496337890625,0.01632019877433777,0.00046331886551342905,,,
262,,0.0004425048828125,1.2880706787109375,44429,0.02822136878967285,0.016076024621725082,0.00045840672100894153,,,
262,,0.0004425048828125,1.3317413330078125,44439,0.013061761856079102,0.016209270805120468,0.0004458672774489969,,,
262,,,,44446,,,,0.03501707687973976,0.02393336594104767,0.0011100509436801076
,0.00025,,,44447,,,,,,
263,,0.0004425048828125,1.053985595703125,44449,0.04970526695251465,0.016818534582853317,0.0006036536651663482,,,
263,,0.0004425048828125,1.255523681640625,44459,0.012812137603759766,0.016510294750332832,0.000453635846497491,,,
263,,0.0004425048828125,1.3030853271484375,44469,0.021863460540771484,0.014177330769598484,0.00035669986391440034,,,
263,,0.0004425048828125,1.12017822265625,44479,0.04372763633728027,0.017192194238305092,0.0005815441254526377,,,
263,,0.0004425048828125,1.3090667724609375,44489,0.015930652618408203,0.015065702609717846,0.00035215148818679154,,,
263,,0.0004425048828125,1.50994873046875,44499,0.04121899604797363,0.015974903479218483,0.0005321451462805271,,,
263,,0.0004425048828125,1.3027801513671875,44509,0.0313715934753418,0.01596877910196781,0.00047508275019936264,,,
263,,0.0004425048828125,1.504547119140625,44519,0.03400444984436035,0.01721947267651558,0.0005844318075105548,,,
263,,0.0004425048828125,1.5147552490234375,44529,0.04206132888793945,0.014261233620345592,0.0004059160128235817,,,
263,,0.0004425048828125,1.148712158203125,44539,0.0770261287689209,0.01702478528022766,0.000825013208668679,,,
263,,0.0004425048828125,1.325958251953125,44549,0.28394556045532227,0.018981920555233955,0.004607837647199631,,,
263,,0.0004425048828125,1.1745758056640625,44559,0.09556031227111816,0.018305599689483643,0.001408957177773118,,,
263,,0.0004425048828125,1.4580841064453125,44569,0.2029895782470703,0.020442022010684013,0.0029082016553729773,,,
263,,0.0004425048828125,1.483612060546875,44579,0.08762502670288086,0.019867567345499992,0.0011519803665578365,,,
263,,0.0004425048828125,1.2593536376953125,44589,0.1533491611480713,0.01726156286895275,0.0017968984320759773,,,
263,,0.0004425048828125,1.1067047119140625,44599,0.17861461639404297,0.02165413647890091,0.002354125492274761,,,
263,,0.0004425048828125,1.7694549560546875,44609,0.2743961811065674,0.028003152459859848,0.0062507083639502525,,,
263,,,,44615,,,,0.13322797417640686,0.03641648590564728,0.0034547916147857904
,0.00025,,,44616,,,,,,
264,,0.0004425048828125,1.4214019775390625,44619,0.12772512435913086,0.027929706498980522,0.003733629360795021,,,
264,,0.0004425048828125,1.2826690673828125,44629,0.1926436424255371,0.03262092173099518,0.004400770179927349,,,
264,,0.0004425048828125,1.2188568115234375,44639,0.2509491443634033,0.03779735416173935,0.006009563338011503,,,
264,,0.0004425048828125,1.2200775146484375,44649,0.22597455978393555,0.03234614059329033,0.00484172347933054,,,
264,,0.0004425048828125,1.269134521484375,44659,0.1230459213256836,0.029320282861590385,0.002536528278142214,,,
264,,0.0004425048828125,1.3581695556640625,44669,0.07882928848266602,0.028099387884140015,0.0016725249588489532,,,
264,,0.0004425048828125,1.22113037109375,44679,0.040213823318481445,0.02592112496495247,0.0012139629106968641,,,
264,,0.0004425048828125,1.11199951171875,44689,0.16424059867858887,0.023148417472839355,0.0023770355619490147,,,
264,,0.0004425048828125,1.3718109130859375,44699,0.03340888023376465,0.02201702445745468,0.0009303103433921933,,,
264,,0.0004425048828125,1.3592987060546875,44709,0.04592108726501465,0.01938818022608757,0.0007375577697530389,,,
264,,0.0004425048828125,1.4978790283203125,44719,0.03409433364868164,0.016605695709586143,0.000508704106323421,,,
264,,0.0004425048828125,1.119384765625,44729,0.02179265022277832,0.01769881509244442,0.000520487898029387,,,
264,,0.0004425048828125,1.4609832763671875,44739,0.03235673904418945,0.016331613063812256,0.0005045643192715943,,,
264,,0.0004425048828125,1.01220703125,44749,0.15246224403381348,0.01805451326072216,0.0017201895825564861,,,
264,,0.0004425048828125,1.4894561767578125,44759,0.026747703552246094,0.01762044057250023,0.0005804424872621894,,,
264,,0.0004425048828125,1.2299957275390625,44769,0.13317489624023438,0.01680614799261093,0.0016648878809064627,,,
264,,0.0004425048828125,1.375579833984375,44779,0.11331748962402344,0.01955396495759487,0.0014291604747995734,,,
264,,,,44784,,,,0.04369625076651573,0.026955343782901764,0.0013954698806628585
,0.00025,,,44785,,,,,,
265,,0.0004425048828125,1.3997344970703125,44789,0.10385441780090332,0.02145438641309738,0.0013725720345973969,,,
265,,0.0004425048828125,1.462249755859375,44799,0.10908699035644531,0.019794754683971405,0.0012969395611435175,,,
265,,0.0004425048828125,1.179229736328125,44809,0.3210630416870117,0.02721143700182438,0.007659683004021645,,,
265,,0.0004425048828125,1.2131805419921875,44819,0.09154510498046875,0.024717405438423157,0.001596373040229082,,,
265,,0.0004425048828125,1.28460693359375,44829,0.15105891227722168,0.025363359600305557,0.0023311504628509283,,,
265,,0.0004425048828125,1.270416259765625,44839,0.06474471092224121,0.026224181056022644,0.0013752876548096538,,,
265,,0.0004425048828125,1.253662109375,44849,0.14091849327087402,0.025165148079395294,0.002170424908399582,,,
265,,0.0004425048828125,1.3592376708984375,44859,0.13318109512329102,0.025611048564314842,0.0024172570556402206,,,
265,,0.0004425048828125,1.299530029296875,44869,0.10836410522460938,0.02096642181277275,0.0013772821985185146,,,
265,,0.0004425048828125,1.326690673828125,44879,0.11043548583984375,0.020411232486367226,0.0015001031570136547,,,
265,,0.0004425048828125,1.326690673828125,44889,0.04068946838378906,0.020153192803263664,0.0007615994545631111,,,
265,,0.0004425048828125,1.336639404296875,44899,0.08351969718933105,0.01862529292702675,0.0010438228491693735,,,
265,,0.0004425048828125,1.13885498046875,44909,0.04565262794494629,0.018264589831233025,0.0006518558948300779,,,
265,,0.0004425048828125,1.1923370361328125,44919,0.010249137878417969,0.016839755699038506,0.0004669979680329561,,,
265,,0.0004425048828125,1.29583740234375,44929,0.04135298728942871,0.016404766589403152,0.000561732507776469,,,
265,,0.0004425048828125,1.243072509765625,44939,0.08757758140563965,0.017702147364616394,0.0008890039753168821,,,
265,,0.0004425048828125,1.1201324462890625,44949,0.050950050354003906,0.017252933233976364,0.0006542418850585818,,,
265,,,,44953,,,,0.0998232290148735,0.025700287893414497,0.0017717978917062283
,0.00025,,,44954,,,,,,
266,,0.0004425048828125,1.33929443359375,44959,0.040941715240478516,0.017651967704296112,0.000610949529800564,,,
266,,0.0004425048828125,1.442230224609375,44969,0.09549474716186523,0.01715295948088169,0.0010039883200079203,,,
266,,0.0004425048828125,1.5062408447265625,44979,0.03850698471069336,0.014176903292536736,0.000403065059799701,,,
266,,0.0004425048828125,1.3131103515625,44989,0.05795907974243164,0.014701467007398605,0.0005212688120082021,,,
266,,0.0004425048828125,1.4102630615234375,44999,0.02103281021118164,0.015484481118619442,0.00041142222471535206,,,
266,,0.0004425048828125,1.1841583251953125,45009,0.03057122230529785,0.015299496240913868,0.0004228769685141742,,,
266,,0.0004425048828125,1.16461181640625,45019,0.04371380805969238,0.015482021495699883,0.0005442157853394747,,,
266,,0.0004425048828125,1.5198822021484375,45029,0.01868152618408203,0.01389301661401987,0.00034276259248144925,,,
266,,0.0004425048828125,1.5354461669921875,45039,0.037900686264038086,0.017735976725816727,0.0006195216556079686,,,
266,,0.0004425048828125,1.3819580078125,45049,0.06101536750793457,0.017448026686906815,0.0006887519848532975,,,
266,,0.0004425048828125,1.2766571044921875,45059,0.04160761833190918,0.016984477639198303,0.0005759302875958383,,,
266,,0.0004425048828125,1.338226318359375,45069,0.03624606132507324,0.016903476789593697,0.0005164436297491193,,,
266,,0.0004425048828125,1.31146240234375,45079,0.03823518753051758,0.01677609235048294,0.0005605695187114179,,,
266,,0.0004425048828125,1.4622802734375,45089,0.04282188415527344,0.01561415009200573,0.000507545773871243,,,
266,,0.0004425048828125,1.280853271484375,45099,0.03439593315124512,0.014127629809081554,0.0004227636964060366,,,
266,,0.0004425048828125,1.3392791748046875,45109,0.00996851921081543,0.01593281701207161,0.0004234976368024945,,,
266,,0.0004425048828125,1.4550018310546875,45119,0.03356051445007324,0.015813011676073074,0.0004646300512831658,,,
266,,,,45122,,,,0.028970807790756226,0.02420511096715927,0.0010943476809188724
,0.00025,,,45123,,,,,,
267,,0.0004425048828125,1.385040283203125,45129,0.01574110984802246,0.01542496494948864,0.00039741379441693425,,,
267,,0.0004425048828125,1.53570556640625,45139,0.03540754318237305,0.01738489419221878,0.0005652524414472282,,,
267,,0.0004425048828125,1.3920440673828125,45149,0.035361289978027344,0.015820402652025223,0.0004730811924673617,,,
267,,0.0004425048828125,1.247283935546875,45159,0.03368377685546875,0.014959237538278103,0.00043761718552559614,,,
267,,0.0004425048828125,1.350250244140625,45169,0.0380403995513916,0.014602544717490673,0.0004674229130614549,,,
267,,0.0004425048828125,1.0401611328125,45179,0.026672840118408203,0.015375238843262196,0.00042430541361682117,,,
267,,0.0004425048828125,1.6316680908203125,45189,0.010392427444458008,0.014754285104572773,0.0003336482332088053,,,
267,,0.0004425048828125,1.5941619873046875,45199,0.07729887962341309,0.0168948695063591,0.000775993918068707,,,
267,,0.0004425048828125,1.783660888671875,45209,0.024507522583007812,0.013921745121479034,0.00033446401357650757,,,
267,,0.0004425048828125,1.2379150390625,45219,0.05314064025878906,0.015149019658565521,0.0005172010278329253,,,
267,,0.0004425048828125,1.34991455078125,45229,0.038994550704956055,0.015411974862217903,0.00047222236753441393,,,
267,,0.0004425048828125,1.2457427978515625,45239,0.00873875617980957,0.015764504671096802,0.00039436714723706245,,,
267,,0.0004425048828125,1.2058868408203125,45249,0.04452776908874512,0.016321735456585884,0.0005693862913176417,,,
267,,0.0004425048828125,1.3563079833984375,45259,0.12365007400512695,0.014891471713781357,0.001273463130928576,,,
267,,0.0004425048828125,1.2109222412109375,45269,0.09881114959716797,0.01793922670185566,0.0013377193827182055,,,
267,,0.0004425048828125,1.5434722900390625,45279,0.08272147178649902,0.017637403681874275,0.000869050738401711,,,
267,,0.0004425048828125,1.37493896484375,45289,0.037657737731933594,0.017359333112835884,0.0005839818622916937,,,
267,,,,45291,,,,0.04202774167060852,0.025634076446294785,0.0013042226200923324
,0.00025,,,45292,,,,,,
268,,0.0004425048828125,1.42962646484375,45299,0.057779550552368164,0.018777482211589813,0.0008040758548304439,,,
268,,0.0004425048828125,1.144805908203125,45309,0.051056861877441406,0.016538910567760468,0.0006062604370526969,,,
268,,0.0004425048828125,1.2818450927734375,45319,0.040596961975097656,0.017328718677163124,0.0005707063246518373,,,
268,,0.0004425048828125,1.28607177734375,45329,0.11867284774780273,0.018563903868198395,0.0014665841590613127,,,
268,,0.0004425048828125,1.1478118896484375,45339,0.13899683952331543,0.02061598189175129,0.0017452045576646924,,,
268,,0.0004425048828125,1.528961181640625,45349,0.13221192359924316,0.022246547043323517,0.001868614461272955,,,
268,,0.0004425048828125,1.1076202392578125,45359,0.21778297424316406,0.02490152232348919,0.004197162110358477,,,
268,,0.0004425048828125,1.48052978515625,45369,0.08199453353881836,0.021931063383817673,0.0013081468641757965,,,
268,,0.0004425048828125,1.560150146484375,45379,0.22694754600524902,0.020216695964336395,0.0036520184949040413,,,
268,,0.0004425048828125,1.6132965087890625,45389,0.19370317459106445,0.024216994643211365,0.003190405201166868,,,
268,,0.0004425048828125,1.58673095703125,45399,0.22248029708862305,0.023338958621025085,0.0038751899264752865,,,
268,,0.0004425048828125,1.124755859375,45409,0.3220212459564209,0.03170850872993469,0.0077156247571110725,,,
268,,0.0004425048828125,1.2581939697265625,45419,0.15210270881652832,0.026770519092679024,0.0025110102724283934,,,
268,,0.0004425048828125,1.712982177734375,45429,0.1981945037841797,0.027876323089003563,0.003302348777651787,,,
268,,0.0004425048828125,1.70001220703125,45439,0.2927408218383789,0.024745319038629532,0.006214089225977659,,,
268,,0.0004425048828125,1.3293609619140625,45449,0.2955961227416992,0.02878197468817234,0.006300838198512793,,,
268,,0.0004425048828125,1.3780059814453125,45459,0.05977916717529297,0.03388319909572601,0.0021428861655294895,,,
268,,,,45460,,,,0.24854375422000885,0.03826593607664108,0.006380355916917324
,0.00025,,,45461,,,,,,
269,,0.0004425048828125,1.2936859130859375,45469,0.19011664390563965,0.03775444254279137,0.004585824906826019,,,
269,,0.0004425048828125,1.4254608154296875,45479,0.07426929473876953,0.02599342353641987,0.0014846250414848328,,,
269,,0.0004425048828125,1.5572662353515625,45489,0.06639266014099121,0.023438632488250732,0.0011188986245542765,,,
269,,0.0004425048828125,1.170928955078125,45499,0.2309882640838623,0.02209947258234024,0.004163823090493679,,,
269,,0.0004425048828125,1.680755615234375,45509,0.11287093162536621,0.021876676008105278,0.0017818424385040998,,,
269,,0.0004425048828125,1.614013671875,45519,0.25047779083251953,0.0246014092117548,0.004280990455299616,,,
269,,0.0004425048828125,1.1399383544921875,45529,0.08057641983032227,0.02577606588602066,0.0014974023215472698,,,
269,,0.0004425048828125,1.1868133544921875,45539,0.048758506774902344,0.020614134147763252,0.000795643893070519,,,
269,,0.0004425048828125,1.2306671142578125,45549,0.026900053024291992,0.0204987321048975,0.0007482679793611169,,,
269,,0.0004425048828125,1.2723846435546875,45559,0.021538734436035156,0.01842951588332653,0.0006032636156305671,,,
269,,0.0004425048828125,1.42340087890625,45569,0.026172637939453125,0.018131908029317856,0.0005963526200503111,,,
269,,0.0004425048828125,1.1360321044921875,45579,0.04345965385437012,0.016087230294942856,0.0005306191742420197,,,
269,,0.0004425048828125,1.1809234619140625,45589,0.06055712699890137,0.016927547752857208,0.0007519528735429049,,,
269,,0.0004425048828125,1.247772216796875,45599,0.02928328514099121,0.015401776880025864,0.00043379017733968794,,,
269,,0.0004425048828125,1.173675537109375,45609,0.017387866973876953,0.017141204327344894,0.0004935358883813024,,,
269,,0.0004425048828125,1.5440826416015625,45619,0.007042884826660156,0.013829216361045837,0.0003075643035117537,,,
269,,0.0004425048828125,1.6534423828125,45629,0.0342966727912426,0.016135793179273605,0.0004760200681630522,,,
269,,,,45629,,,,0.045120660215616226,0.024557627737522125,0.0012162069324404001
,0.00025,,,45630,,,,,,
270,,0.0004425048828125,1.5854339599609375,45639,0.17580652236938477,0.018704978749155998,0.0023643625900149345,,,
270,,0.0004425048828125,1.2484588623046875,45649,0.04987049102783203,0.018022194504737854,0.0007041217759251595,,,
270,,0.0004425048828125,1.2314605712890625,45659,0.026686668395996094,0.01789054274559021,0.000571582408156246,,,
270,,0.0004425048828125,1.2866668701171875,45669,0.04225516319274902,0.01609799824655056,0.0005024062702432275,,,
270,,0.0004425048828125,1.0491790771484375,45679,0.03713035583496094,0.015223012305796146,0.00043394920066930354,,,
270,,0.0004425048828125,1.293914794921875,45689,0.05446028709411621,0.016148312017321587,0.0005964408628642559,,,
270,,0.0004425048828125,1.143035888671875,45699,0.02340865135192871,0.015755411237478256,0.000444584438810125,,,
270,,0.0004425048828125,1.5109710693359375,45709,0.024732112884521484,0.015405750833451748,0.00042853737249970436,,,
270,,0.0004425048828125,1.5255584716796875,45719,0.04390358924865723,0.015376308932900429,0.000489929923787713,,,
270,,0.0004425048828125,1.276214599609375,45729,0.04651308059692383,0.015295573510229588,0.0004953662282787263,,,
270,,0.0004425048828125,1.1257781982421875,45739,0.01311635971069336,0.016202274709939957,0.00041064165998250246,,,
270,,0.0004425048828125,1.336273193359375,45749,0.09917259216308594,0.019673556089401245,0.0011677354341372848,,,
270,,0.0004425048828125,1.2982330322265625,45759,0.03534841537475586,0.017712797969579697,0.0006365785375237465,,,
270,,0.0004425048828125,1.1656951904296875,45769,0.01674509048461914,0.019309747964143753,0.0006147184176370502,,,
270,,0.0004425048828125,1.1521148681640625,45779,0.3337974548339844,0.019201967865228653,0.006165537051856518,,,
270,,0.0004425048828125,1.1581268310546875,45789,0.17774057388305664,0.022660810500383377,0.0024957878049463034,,,
270,,,,45798,,,,0.11767891049385071,0.0284921545535326,0.002177016343921423
,0.00025,,,45799,,,,,,
271,,0.0004425048828125,1.3541412353515625,45799,0.18615317344665527,0.021312661468982697,0.002688548993319273,,,
271,,0.0004425048828125,1.105255126953125,45809,0.1185765266418457,0.024845508858561516,0.001693969825282693,,,
271,,0.0004425048828125,1.0419921875,45819,0.14191484451293945,0.0329153947532177,0.002849731594324112,,,
271,,0.0004425048828125,1.1048431396484375,45829,0.08342552185058594,0.025824343785643578,0.0014845727710053325,,,
271,,0.0004425048828125,1.4854888916015625,45839,0.29399561882019043,0.027592698112130165,0.00555810984224081,,,
271,,0.0004425048828125,1.281707763671875,45849,0.054706573486328125,0.024056451395154,0.0011267244117334485,,,
271,,0.0004425048828125,1.135101318359375,45859,0.15415000915527344,0.02420354261994362,0.002312176162377,,,
271,,0.0004425048828125,1.3603363037109375,45869,0.12506508827209473,0.02165173925459385,0.0016064688097685575,,,
271,,0.0004425048828125,1.70733642578125,45879,0.09291625022888184,0.017632411792874336,0.0010150917805731297,,,
271,,0.0004425048828125,1.4660797119140625,45889,0.07984447479248047,0.024284495040774345,0.0012936318526044488,,,
271,,0.0004425048828125,1.18743896484375,45899,0.05457425117492676,0.021974850445985794,0.0009443752933293581,,,
271,,0.0004425048828125,1.6457672119140625,45909,0.07866024971008301,0.017651434987783432,0.0008443976985290647,,,
271,,0.0004425048828125,1.0023345947265625,45919,0.22246527671813965,0.017477059736847878,0.003103460418060422,,,
271,,0.0004425048828125,1.593658447265625,45929,0.27601027488708496,0.020498177036643028,0.004768724087625742,,,
271,,0.0004425048828125,1.5937957763671875,45939,0.05526447296142578,0.022894827648997307,0.0010379835730418563,,,
271,,0.0004425048828125,1.12359619140625,45949,0.04581642150878906,0.01655716449022293,0.0006361274281516671,,,
271,,0.0004425048828125,1.1260986328125,45959,0.12129855155944824,0.02021467685699463,0.001522168517112732,,,
271,,,,45967,,,,0.40355604887008667,0.030054999515414238,0.011243059299886227
,0.00025,,,45968,,,,,,
272,,0.0004425048828125,1.2760009765625,45969,0.39867591857910156,0.02426905743777752,0.010495718568563461,,,
272,,0.0004425048828125,1.3242645263671875,45979,0.05402255058288574,0.026436826214194298,0.0012865462340414524,,,
272,,0.0004425048828125,1.3692779541015625,45989,0.08704566955566406,0.026162389665842056,0.0016397306462749839,,,
272,,0.0004425048828125,1.395111083984375,45999,0.06913566589355469,0.022767411544919014,0.0011306514497846365,,,
272,,0.0004425048828125,1.130584716796875,46009,0.09021925926208496,0.019611159339547157,0.0011261418694630265,,,
272,,0.0004425048828125,1.3052520751953125,46019,0.11699819564819336,0.019397735595703125,0.0014254888519644737,,,
272,,0.0004425048828125,1.2961883544921875,46029,0.04445672035217285,0.01863376423716545,0.0006380831473506987,,,
272,,0.0004425048828125,1.17138671875,46039,0.11606144905090332,0.018424060195684433,0.0012480460572987795,,,
272,,0.0004425048828125,1.2856292724609375,46049,0.07640743255615234,0.02010791376233101,0.0010835587745532393,,,
272,,0.0004425048828125,1.088104248046875,46059,0.10274267196655273,0.021596381440758705,0.0013202216941863298,,,
272,,0.0004425048828125,1.24945068359375,46069,0.09066891670227051,0.019037673249840736,0.0011035352945327759,,,
272,,0.0004425048828125,1.720703125,46079,0.04773378372192383,0.016629165038466454,0.0005900333635509014,,,
272,,0.0004425048828125,1.841522216796875,46089,0.012974739074707031,0.017330165952444077,0.00048519799020141363,,,
272,,0.0004425048828125,1.6870269775390625,46099,0.018434762954711914,0.017491411417722702,0.0005233946139924228,,,
272,,0.0004425048828125,1.2949371337890625,46109,0.024713993072509766,0.01573345623910427,0.0004152613109908998,,,
272,,0.0004425048828125,1.319549560546875,46119,0.0920107364654541,0.0166753102093935,0.0009103527991101146,,,
272,,0.0004425048828125,1.208465576171875,46129,0.07645177841186523,0.014996771700680256,0.0007036634488031268,,,
272,,,,46136,,,,0.12582387030124664,0.025044718757271767,0.0021584867499768734
,0.00025,,,46137,,,,,,
273,,0.0004425048828125,1.4091033935546875,46139,0.027546167373657227,0.01631670817732811,0.0004762942553497851,,,
273,,0.0004425048828125,1.212066650390625,46149,0.034935712814331055,0.016672572121024132,0.0005144593305885792,,,
273,,0.0004425048828125,1.637664794921875,46159,0.0759270191192627,0.01660248078405857,0.001000291551463306,,,
273,,0.0004425048828125,1.2619171142578125,46169,0.018854379653930664,0.0168552678078413,0.00046199088683351874,,,
273,,0.0004425048828125,1.196380615234375,46179,0.021106958389282227,0.01640954054892063,0.0004668941255658865,,,
273,,0.0004425048828125,1.29913330078125,46189,0.13756346702575684,0.022749630734324455,0.0020678548607975245,,,
273,,0.0004425048828125,1.1525726318359375,46199,0.08755230903625488,0.020610686391592026,0.001213695271871984,,,
273,,0.0004425048828125,1.4751129150390625,46209,0.07787537574768066,0.01807299070060253,0.0010844869539141655,,,
273,,0.0004425048828125,1.63507080078125,46219,0.05022096633911133,0.01879686862230301,0.0007447398384101689,,,
273,,0.0004425048828125,1.4835662841796875,46229,0.06695866584777832,0.01891988329589367,0.0008444297127425671,,,
273,,0.0004425048828125,1.0517120361328125,46239,0.06269264221191406,0.018444493412971497,0.0007471481803804636,,,
273,,0.0004425048828125,1.3046417236328125,46249,0.015709400177001953,0.01580551639199257,0.00041305803461000323,,,
273,,0.0004425048828125,1.227935791015625,46259,0.037032365798950195,0.015888389199972153,0.0005119022098369896,,,
273,,0.0004425048828125,1.53790283203125,46269,0.009994268417358398,0.015348291955888271,0.0003845263854600489,,,
273,,0.0004425048828125,1.37078857421875,46279,0.03270864486694336,0.016048084944486618,0.00047351972898468375,,,
273,,0.0004425048828125,1.5050048828125,46289,0.029283523559570312,0.015260690823197365,0.0004177945083938539,,,
273,,0.0004425048828125,1.32244873046875,46299,0.012775897979736328,0.014750304631888866,0.0003555922594387084,,,
273,,,,46305,,,,0.03885182738304138,0.02405420131981373,0.0011456445790827274
,0.00025,,,46306,,,,,,
274,,0.0004425048828125,1.4024810791015625,46309,0.019317150115966797,0.0139795346185565,0.00034087972017005086,,,
274,,0.0004425048828125,1.305450439453125,46319,0.010912656784057617,0.015271437354385853,0.00039194978307932615,,,
274,,0.0004425048828125,1.569244384765625,46329,0.01242208480834961,0.015166913159191608,0.000384114304324612,,,
274,,0.0004425048828125,1.411529541015625,46339,0.0418701171875,0.01433452870696783,0.0004448709078133106,,,
274,,0.0004425048828125,1.6299896240234375,46349,0.03249716758728027,0.014767286367714405,0.00045424955897033215,,,
274,,0.0004425048828125,1.5327911376953125,46359,0.08614230155944824,0.01529640518128872,0.0008299595210701227,,,
274,,0.0004425048828125,1.5902252197265625,46369,0.01954936981201172,0.013808718882501125,0.0003240330552216619,,,
274,,0.0004425048828125,1.41015625,46379,0.012021780014038086,0.01584167778491974,0.00042629189556464553,,,
274,,0.0004425048828125,1.4672698974609375,46389,0.09513139724731445,0.015492045320570469,0.000865757348947227,,,
274,,0.0004425048828125,1.177001953125,46399,0.11867570877075195,0.017316875979304314,0.0013000295730307698,,,
274,,0.0004425048828125,1.623748779296875,46409,0.03069782257080078,0.01687041111290455,0.0005033785128034651,,,
274,,0.0004425048828125,1.474853515625,46419,0.030615806579589844,0.01757226698100567,0.0005664225318469107,,,
274,,0.0004425048828125,0.9843292236328125,46429,0.019622802734375,0.016530238091945648,0.0004538351495284587,,,
274,,0.0004425048828125,1.2999114990234375,46439,0.038373708724975586,0.016039667651057243,0.0005520179984159768,,,
274,,0.0004425048828125,1.1731109619140625,46449,0.02117466926574707,0.015417587012052536,0.0003749453753698617,,,
274,,0.0004425048828125,1.26214599609375,46459,0.0530400276184082,0.015741340816020966,0.0006522794719785452,,,
274,,0.0004425048828125,1.247100830078125,46469,0.04744863510131836,0.013669978827238083,0.00041208910988643765,,,
274,,,,46474,,,,0.03947930783033371,0.02402658574283123,0.001158282975666225
,0.00025,,,46475,,,,,,
275,,0.0004425048828125,1.366668701171875,46479,0.04334855079650879,0.014659971930086613,0.00045963458251208067,,,
275,,0.0004425048828125,1.49102783203125,46489,0.01676344871520996,0.015373243018984795,0.0003865260223392397,,,
275,,0.0004425048828125,1.464080810546875,46499,0.03371453285217285,0.015248928219079971,0.0004572905309032649,,,
275,,0.0004425048828125,1.4808197021484375,46509,0.03889894485473633,0.015110019594430923,0.0004402832710184157,,,
275,,0.0004425048828125,1.499725341796875,46519,0.005944013595581055,0.015082493424415588,0.00036576835555024445,,,
275,,0.0004425048828125,1.1995697021484375,46529,0.0076444149017333984,0.015127565711736679,0.00036463126889429986,,,
275,,0.0004425048828125,1.0611572265625,46539,0.035543203353881836,0.01481003686785698,0.0004058504127897322,,,
275,,0.0004425048828125,1.2530975341796875,46549,0.13110637664794922,0.016373490914702415,0.0014066860312595963,,,
275,,0.0004425048828125,1.1424713134765625,46559,0.03817558288574219,0.016506820917129517,0.0005261223413981497,,,
275,,0.0004425048828125,1.527313232421875,46569,0.031304121017456055,0.01825958862900734,0.0005886243307031691,,,
275,,0.0004425048828125,1.09600830078125,46579,0.04119539260864258,0.018928635865449905,0.0006541946204379201,,,
275,,0.0004425048828125,1.3138427734375,46589,0.027527809143066406,0.016972478479146957,0.0005195896956138313,,,
275,,0.0004425048828125,1.2875823974609375,46599,0.10792851448059082,0.017834799364209175,0.0012202479410916567,,,
275,,0.0004425048828125,1.260772705078125,46609,0.05898737907409668,0.016917815431952477,0.0007175287464633584,,,
275,,0.0004425048828125,1.1788787841796875,46619,0.027131319046020508,0.0185365192592144,0.0005825830739922822,,,
275,,0.0004425048828125,1.661407470703125,46629,0.029615163803100586,0.018656698986887932,0.0006471684901043773,,,
275,,0.0004425048828125,1.242645263671875,46639,0.04131770133972168,0.016580725088715553,0.0005242378101684153,,,
275,,,,46643,,,,0.09175272285938263,0.024700967594981194,0.0016564920078963041
,0.00025,,,46644,,,,,,
276,,0.0004425048828125,1.0855560302734375,46649,0.030796051025390625,0.01546170562505722,0.0004266656469553709,,,
276,,0.0004425048828125,1.1896820068359375,46659,0.026278972625732422,0.014038041234016418,0.00038439693162217736,,,
276,,0.0004425048828125,1.3473358154296875,46669,0.09857463836669922,0.015712013468146324,0.0009754508500918746,,,
276,,0.0004425048828125,1.586395263671875,46679,0.09816694259643555,0.019489731639623642,0.001066794153302908,,,
276,,0.0004425048828125,1.343902587890625,46689,0.09280014038085938,0.018766900524497032,0.001041084062308073,,,
276,,0.0004425048828125,1.2974395751953125,46699,0.07980632781982422,0.020382901653647423,0.001086045172996819,,,
276,,0.0004425048828125,1.782440185546875,46709,0.15770673751831055,0.01912475749850273,0.0020414197351783514,,,
276,,0.0004425048828125,1.2586212158203125,46719,0.08505010604858398,0.019981779158115387,0.0010347050847485662,,,
276,,0.0004425048828125,1.222381591796875,46729,0.048913002014160156,0.01949186623096466,0.0008217543363571167,,,
276,,0.0004425048828125,1.248779296875,46739,0.03507828712463379,0.020886870101094246,0.0008150771609507501,,,
276,,0.0004425048828125,1.4140625,46749,0.0564877986907959,0.021189698949456215,0.000910651870071888,,,
276,,0.0004425048828125,1.279693603515625,46759,0.024303197860717773,0.01961904764175415,0.0006679077632725239,,,
276,,0.0004425048828125,1.2445068359375,46769,0.02200937271118164,0.01704281195998192,0.0004940908984281123,,,
276,,0.0004425048828125,1.172210693359375,46779,0.054317474365234375,0.015604067593812943,0.0006658872007392347,,,
276,,0.0004425048828125,1.280181884765625,46789,0.03046560287475586,0.014802525751292706,0.00041587703162804246,,,
276,,0.0004425048828125,1.230194091796875,46799,0.07233524322509766,0.016003387048840523,0.0006997745949774981,,,
276,,0.0004425048828125,1.5129852294921875,46809,0.023337602615356445,0.016569145023822784,0.0004917116020806134,,,
276,,,,46812,,,,0.024336738511919975,0.024056874215602875,0.0010789482621476054
,0.00025,,,46813,,,,,,
277,,0.0004425048828125,0.875579833984375,46819,0.0937047004699707,0.014729480259120464,0.0007942534284666181,,,
277,,0.0004425048828125,1.0007171630859375,46829,0.11887311935424805,0.01673584245145321,0.0013804684858769178,,,
277,,0.0004425048828125,1.2811279296875,46839,0.10082411766052246,0.01666225865483284,0.0009685221593827009,,,
277,,0.0004425048828125,1.3438873291015625,46849,0.044019222259521484,0.017911162227392197,0.0005990247591398656,,,
277,,0.0004425048828125,1.34173583984375,46859,0.09791803359985352,0.016308613121509552,0.0009828306501731277,,,
277,,0.0004425048828125,1.40643310546875,46869,0.35071563720703125,0.02480147033929825,0.007434203755110502,,,
277,,0.0004425048828125,1.228790283203125,46879,0.3582923412322998,0.025672337040305138,0.00804836954921484,,,
277,,0.0004425048828125,1.231353759765625,46889,0.14534926414489746,0.029440244659781456,0.00257444242015481,,,
277,,0.0004425048828125,1.52764892578125,46899,0.06438541412353516,0.026223402470350266,0.0013303686864674091,,,
277,,0.0004425048828125,1.195343017578125,46909,0.2904353141784668,0.02631828747689724,0.00665696058422327,,,
277,,0.0004425048828125,1.6836090087890625,46919,0.1010732650756836,0.023103896528482437,0.001547721098177135,,,
277,,0.0004425048828125,1.197662353515625,46929,0.06291556358337402,0.020309582352638245,0.0010177812073379755,,,
277,,0.0004425048828125,1.1609344482421875,46939,0.18163371086120605,0.02096661925315857,0.0029333769343793392,,,
277,,0.0004425048828125,1.7069244384765625,46949,0.09825801849365234,0.02383056841790676,0.002654370618984103,,,
277,,0.0004425048828125,1.2992095947265625,46959,0.0769960880279541,0.029046690091490746,0.0017275374848395586,,,
277,,0.0004425048828125,1.3588104248046875,46969,0.026706695556640625,0.027497267350554466,0.0013618887169286609,,,
277,,0.0004425048828125,1.315704345703125,46979,0.045590877532958984,0.021810414269566536,0.0008976061944849789,,,
277,,,,46981,,,,0.05747228115797043,0.028127800673246384,0.001657865708693862
,0.00025,,,46982,,,,,,
278,,0.0004425048828125,1.2659759521484375,46989,0.043000221252441406,0.019519124180078506,0.0007011868874542415,,,
278,,0.0004425048828125,1.09600830078125,46999,0.03572344779968262,0.0184647049754858,0.0006579379551112652,,,
278,,0.0004425048828125,1.153289794921875,47009,0.031594038009643555,0.020147154107689857,0.0007041392964310944,,,
278,,0.0004425048828125,1.1668243408203125,47019,0.02185821533203125,0.016744066029787064,0.000509408419020474,,,
278,,0.0004425048828125,1.125,47029,0.024994850158691406,0.017324117943644524,0.0005430977907963097,,,
278,,0.0004425048828125,1.2196502685546875,47039,0.011635780334472656,0.017934218049049377,0.0005517129902727902,,,
278,,0.0004425048828125,1.68328857421875,47049,0.11308026313781738,0.020007511600852013,0.0013562068343162537,,,
278,,0.0004425048828125,1.2783203125,47059,0.0423741340637207,0.01925809122622013,0.0007246132008731365,,,
278,,0.0004425048828125,1.271759033203125,47069,0.03467249870300293,0.01648818515241146,0.0005028886953368783,,,
278,,0.0004425048828125,1.13372802734375,47079,0.07274460792541504,0.016408270224928856,0.0007279290584847331,,,
278,,0.0004425048828125,1.2817840576171875,47089,0.07211112976074219,0.014984603971242905,0.0006827630568295717,,,
278,,0.0004425048828125,1.2192840576171875,47099,0.04436159133911133,0.018171295523643494,0.0006802615243941545,,,
278,,0.0004425048828125,1.0177001953125,47109,0.08253002166748047,0.01959105394780636,0.0010797925060614944,,,
278,,0.0004425048828125,1.639190673828125,47119,0.05719947814941406,0.017833445221185684,0.0008056500228121877,,,
278,,0.0004425048828125,1.3698883056640625,47129,0.21212410926818848,0.022545622661709785,0.004404270090162754,,,
278,,0.0004425048828125,1.392120361328125,47139,0.10819888114929199,0.021976325660943985,0.0015046114567667246,,,
278,,0.0004425048828125,1.2585296630859375,47149,0.08080458641052246,0.020292237401008606,0.0010130376322194934,,,
278,,,,47150,,,,0.025999272242188454,0.026836607605218887,0.001312537002377212
,0.00025,,,47151,,,,,,
279,,0.0004425048828125,1.377349853515625,47159,0.02769756317138672,0.017915483564138412,0.000570634612813592,,,
279,,0.0004425048828125,1.448486328125,47169,0.030166149139404297,0.014969352632761002,0.0004262067668605596,,,
279,,0.0004425048828125,1.5565338134765625,47179,0.03209066390991211,0.01645956002175808,0.00048822726239450276,,,
279,,0.0004425048828125,1.281158447265625,47189,0.055850982666015625,0.016455408185720444,0.0006565820658579469,,,
279,,0.0004425048828125,1.829742431640625,47199,0.07882428169250488,0.015963692218065262,0.0008298478787764907,,,
279,,0.0004425048828125,1.38433837890625,47209,0.030113697052001953,0.016697756946086884,0.0005184684414416552,,,
279,,0.0004425048828125,1.1697845458984375,47219,0.19298958778381348,0.024400489404797554,0.0029169891495257616,,,
279,,0.0004425048828125,1.627716064453125,47229,0.08408331871032715,0.02197677455842495,0.0011635039700195193,,,
279,,0.0004425048828125,1.075897216796875,47239,0.08800005912780762,0.02091105282306671,0.0012096753343939781,,,
279,,0.0004425048828125,1.116546630859375,47249,0.012416601181030273,0.018309149891138077,0.0005663810879923403,,,
279,,0.0004425048828125,1.675750732421875,47259,0.02281785011291504,0.01897745206952095,0.0006431723013520241,,,
279,,0.0004425048828125,1.537689208984375,47269,0.038414716720581055,0.016468605026602745,0.0005042226403020322,,,
279,,0.0004425048828125,1.3591461181640625,47279,0.04210853576660156,0.01683405414223671,0.0005777853075414896,,,
279,,0.0004425048828125,0.81146240234375,47289,0.05351686477661133,0.015787702053785324,0.0005938952090218663,,,
279,,0.0004425048828125,1.3088836669921875,47299,0.021902084350585938,0.017782097682356834,0.0005229817470535636,,,
279,,0.0004425048828125,1.3017425537109375,47309,0.040798187255859375,0.016179995611310005,0.0005076983943581581,,,
279,,0.0004425048828125,1.157073974609375,47319,0.016523361206054688,0.017362944781780243,0.0004907980328425765,,,
279,,,,47319,,,,0.03568378463387489,0.025669878348708153,0.001276627415791154
,0.00025,,,47320,,,,,,
280,,0.0004425048828125,1.34075927734375,47329,0.019514083862304688,0.014808951877057552,0.0003730722819454968,,,
280,,0.0004425048828125,1.1483154296875,47339,0.027379512786865234,0.015291200019419193,0.0004282552981749177,,,
280,,0.0004425048828125,1.244842529296875,47349,0.033217668533325195,0.014799196273088455,0.00047817823360674083,,,
280,,0.0004425048828125,1.5666961669921875,47359,0.0047991275787353516,0.01600443758070469,0.000416833529016003,,,
280,,0.0004425048828125,1.1371002197265625,47369,0.038268089294433594,0.016120390966534615,0.0004988670698367059,,,
280,,0.0004425048828125,1.5625457763671875,47379,0.029491186141967773,0.015305083245038986,0.0004122050595469773,,,
280,,0.0004425048828125,1.37176513671875,47389,0.05642056465148926,0.01629767380654812,0.0006024985341355205,,,
280,,0.0004425048828125,1.601104736328125,47399,0.07197260856628418,0.014935515820980072,0.0006527187069877982,,,
280,,0.0004425048828125,1.1537933349609375,47409,0.017094850540161133,0.016397619619965553,0.00045701401541009545,,,
280,,0.0004425048828125,1.349700927734375,47419,0.02785038948059082,0.014747032895684242,0.00039905557059682906,,,
280,,0.0004425048828125,1.413604736328125,47429,0.03438520431518555,0.015452141873538494,0.00046752611524425447,,,
280,,0.0004425048828125,1.1989288330078125,47439,0.026091575622558594,0.015142767690122128,0.00042439994285814464,,,
280,,0.0004425048828125,1.2265167236328125,47449,0.020346403121948242,0.015407531522214413,0.000437944516306743,,,
280,,0.0004425048828125,1.1593017578125,47459,0.012805700302124023,0.016701532527804375,0.0004649158217944205,,,
280,,0.0004425048828125,1.5858917236328125,47469,0.035002708435058594,0.013491478748619556,0.0003538808086887002,,,
280,,0.0004425048828125,1.24224853515625,47479,0.016674518585205078,0.014652357436716557,0.00035071143065579236,,,
280,,,,47488,,,,0.03498530015349388,0.023717671632766724,0.0011200748849660158
,0.00025,,,47489,,,,,,
281,,0.0004425048828125,0.983154296875,47489,0.015206098556518555,0.014634868130087852,0.00035000621573999524,,,
281,,0.0004425048828125,1.591461181640625,47499,0.022721052169799805,0.014396718703210354,0.0003559109754860401,,,
281,,0.0004425048828125,1.4274444580078125,47509,0.1450786590576172,0.016645368188619614,0.0017092387424781919,,,
281,,0.0004425048828125,1.0588531494140625,47519,0.07290863990783691,0.01627255417406559,0.0007644540164619684,,,
281,,0.0004425048828125,1.4971771240234375,47529,0.017749547958374023,0.0164930522441864,0.0004472344007808715,,,
281,,0.0004425048828125,1.2204742431640625,47539,0.02283620834350586,0.014818594790995121,0.0003920143353752792,,,
281,,0.0004425048828125,1.0710906982421875,47549,0.009183645248413086,0.01611834019422531,0.00043645399273373187,,,
281,,0.0004425048828125,1.330169677734375,47559,0.06711339950561523,0.015826456248760223,0.0006303460104390979,,,
281,,0.0004425048828125,1.168121337890625,47569,0.08761906623840332,0.01593458466231823,0.000915622222237289,,,
281,,0.0004425048828125,1.1722869873046875,47579,0.01898646354675293,0.01631276309490204,0.000428785162512213,,,
281,,0.0004425048828125,1.20989990234375,47589,0.07079267501831055,0.015764977782964706,0.000740648596547544,,,
281,,0.0004425048828125,1.1976470947265625,47599,0.16915321350097656,0.014323313720524311,0.0017500605899840593,,,
281,,0.0004425048828125,1.4631500244140625,47609,0.0845487117767334,0.01809532567858696,0.0010032057762145996,,,
281,,0.0004425048828125,1.4650421142578125,47619,0.12150120735168457,0.016935834661126137,0.0012128122616559267,,,
281,,0.0004425048828125,1.10626220703125,47629,0.0676870346069336,0.017036160454154015,0.0007634570356458426,,,
281,,0.0004425048828125,1.441070556640625,47639,0.10033941268920898,0.01953897625207901,0.0011498304083943367,,,
281,,0.0004425048828125,1.262054443359375,47649,0.06919574737548828,0.01843743585050106,0.0008496939553879201,,,
281,,,,47657,,,,0.035843975841999054,0.025520652532577515,0.001243388862349093
,0.00025,,,47658,,,,,,
282,,0.0004425048828125,1.2242889404296875,47659,0.03894853591918945,0.017950506880879402,0.0006912168464623392,,,
282,,0.0004425048828125,1.25830078125,47669,0.044677019119262695,0.017642399296164513,0.0006325105205178261,,,
282,,0.0004425048828125,1.3516845703125,47679,0.09943032264709473,0.017085038125514984,0.001017891801893711,,,
282,,0.0004425048828125,1.732818603515625,47689,0.05349898338317871,0.01699494570493698,0.0006435004179365933,,,
282,,0.0004425048828125,1.4721832275390625,47699,0.13194513320922852,0.02056763879954815,0.0018912970554083586,,,
282,,0.0004425048828125,1.121185302734375,47709,0.033905982971191406,0.022106453776359558,0.0008368441485799849,,,
282,,0.0004425048828125,1.550750732421875,47719,0.14320111274719238,0.03205899894237518,0.002900154795497656,,,
282,,0.0004425048828125,1.13458251953125,47729,0.07740235328674316,0.029157115146517754,0.001933622290380299,,,
282,,0.0004425048828125,1.4275360107421875,47739,0.11901116371154785,0.022109897807240486,0.0016962115187197924,,,
282,,0.0004425048828125,1.2404327392578125,47749,0.33077144622802734,0.024556443095207214,0.007389136590063572,,,
282,,0.0004425048828125,1.6147308349609375,47759,0.4050624370574951,0.03217801824212074,0.010036282241344452,,,
282,,0.0004425048828125,1.5997772216796875,47769,0.30697011947631836,0.03350542113184929,0.0074170976877212524,,,
282,,0.0004425048828125,1.2490234375,47779,0.3162245750427246,0.03286335617303848,0.006782207638025284,,,
282,,0.0004425048828125,1.29901123046875,47789,0.11655020713806152,0.030607007443904877,0.0023609292693436146,,,
282,,0.0004425048828125,1.42254638671875,47799,0.09871268272399902,0.02827448397874832,0.0022911089472472668,,,
282,,0.0004425048828125,1.5648040771484375,47809,0.1498713493347168,0.024469958618283272,0.002393291564658284,,,
282,,0.0004425048828125,1.5042572021484375,47819,0.051561832427978516,0.02729078382253647,0.0014458700316026807,,,
282,,,,47826,,,,0.19171380996704102,0.028668342158198357,0.0039030301850289106
,0.00025,,,47827,,,,,,
283,,0.0004425048828125,1.23675537109375,47829,0.16216397285461426,0.023347361013293266,0.002584199421107769,,,
283,,0.0004425048828125,1.43035888671875,47839,0.31778502464294434,0.023147158324718475,0.006172115448862314,,,
283,,0.0004425048828125,1.497711181640625,47849,0.14189958572387695,0.024796241894364357,0.0021555370185524225,,,
283,,0.0004425048828125,1.40069580078125,47859,0.05964374542236328,0.020340386778116226,0.0008774924790486693,,,
283,,0.0004425048828125,1.1573028564453125,47869,0.14281129837036133,0.02032778412103653,0.0020296378061175346,,,
283,,0.0004425048828125,1.1553497314453125,47879,0.18052458763122559,0.01980086974799633,0.002457965165376663,,,
283,,0.0004425048828125,1.290496826171875,47889,0.22058606147766113,0.02095676399767399,0.0034782784059643745,,,
283,,0.0004425048828125,1.226531982421875,47899,0.22541403770446777,0.02545645274221897,0.003807983361184597,,,
283,,0.0004425048828125,1.341888427734375,47909,0.05269122123718262,0.02261948399245739,0.0010336225386708975,,,
283,,0.0004425048828125,1.1770782470703125,47919,0.03313159942626953,0.02463665045797825,0.0011458455119282007,,,
283,,0.0004425048828125,1.3658294677734375,47929,0.13025975227355957,0.02074967883527279,0.0020215578842908144,,,
283,,0.0004425048828125,1.4007415771484375,47939,0.044100046157836914,0.017540203407406807,0.0006036807899363339,,,
283,,0.0004425048828125,1.29193115234375,47949,0.04819774627685547,0.016975047066807747,0.0005848307046107948,,,
283,,0.0004425048828125,1.2538604736328125,47959,0.05937933921813965,0.017492419108748436,0.0008053528144955635,,,
283,,0.0004425048828125,1.2623443603515625,47969,0.03810477256774902,0.017817609012126923,0.0006537106237374246,,,
283,,0.0004425048828125,1.4679718017578125,47979,0.03762221336364746,0.01706596277654171,0.0005528002511709929,,,
283,,0.0004425048828125,1.23504638671875,47989,0.009474754333496094,0.01514562126249075,0.000360212754458189,,,
283,,,,47995,,,,0.08248244971036911,0.024399444460868835,0.001523436512798071
,0.00025,,,47996,,,,,,
284,,0.0004425048828125,1.3384552001953125,47999,0.05365490913391113,0.01593928597867489,0.0005947915487922728,,,
284,,0.0004425048828125,1.11370849609375,48009,0.09103775024414062,0.01505523081868887,0.0008213622495532036,,,
284,,0.0004425048828125,1.202484130859375,48019,0.08005237579345703,0.01905052922666073,0.0010335847036913037,,,
284,,0.0004425048828125,1.1907806396484375,48029,0.04153299331665039,0.01943352445960045,0.000706221500877291,,,
284,,0.0004425048828125,1.1408843994140625,48039,0.02641606330871582,0.016636734828352928,0.0004705148749053478,,,
284,,0.0004425048828125,1.1733245849609375,48049,0.06792354583740234,0.017603637650609016,0.0008084687869995832,,,
284,,0.0004425048828125,1.421295166015625,48059,0.02264547348022461,0.01502982433885336,0.0003901699383277446,,,
284,,0.0004425048828125,1.580810546875,48069,0.05095982551574707,0.017587700858712196,0.0007496133912354708,,,
284,,0.0004425048828125,1.2443695068359375,48079,0.08787059783935547,0.018094122409820557,0.0009309224551543593,,,
284,,0.0004425048828125,1.1894378662109375,48089,0.007848739624023438,0.01448639016598463,0.0003382537397556007,,,
284,,0.0004425048828125,1.2244720458984375,48099,0.058214664459228516,0.014498035423457623,0.0005012826295569539,,,
284,,0.0004425048828125,1.2959136962890625,48109,0.039122581481933594,0.01590539701282978,0.0005188789218664169,,,
284,,0.0004425048828125,1.2473602294921875,48119,0.03728747367858887,0.01629684306681156,0.0005167122581042349,,,
284,,0.0004425048828125,1.244842529296875,48129,0.021083593368530273,0.017251865938305855,0.000541097775567323,,,
284,,0.0004425048828125,1.2448577880859375,48139,0.01929759979248047,0.014532544650137424,0.0003582145436666906,,,
284,,0.0004425048828125,1.2008819580078125,48149,0.07252144813537598,0.01405043713748455,0.0005837809876538813,,,
284,,0.0004425048828125,1.476287841796875,48159,0.023268699645996094,0.015517659485340118,0.0004181680269539356,,,
284,,,,48164,,,,0.031206971034407616,0.024285705760121346,0.00111709616612643
,0.00025,,,48165,,,,,,
285,,0.0004425048828125,1.390472412109375,48169,0.02451348304748535,0.016055870801210403,0.00045529723865911365,,,
285,,0.0004425048828125,1.2309722900390625,48179,0.03640389442443848,0.01512532401829958,0.00048114388482645154,,,
285,,0.0004425048828125,1.44635009765625,48189,0.04466533660888672,0.015182026661932468,0.0004906385438516736,,,
285,,0.0004425048828125,1.53729248046875,48199,0.018219470977783203,0.015744952484965324,0.0004156063951086253,,,
285,,0.0004425048828125,1.29022216796875,48209,0.026540040969848633,0.015748193487524986,0.00042871019104495645,,,
285,,0.0004425048828125,1.2028045654296875,48219,0.020374536514282227,0.014521081000566483,0.00036260485649108887,,,
285,,0.0004425048828125,1.1960296630859375,48229,0.07413840293884277,0.01573493704199791,0.0007212549680843949,,,
285,,0.0004425048828125,1.5466461181640625,48239,0.06025981903076172,0.016930611804127693,0.0006494334666058421,,,
285,,0.0004425048828125,1.4916534423828125,48249,0.08757805824279785,0.01683647744357586,0.0009576832526363432,,,
285,,0.0004425048828125,1.234588623046875,48259,0.09038186073303223,0.016220934689044952,0.000828295131213963,,,
285,,0.0004425048828125,1.144561767578125,48269,0.040679216384887695,0.015887649729847908,0.0005126819596625865,,,
285,,0.0004425048828125,1.3028411865234375,48279,0.01514434814453125,0.014329690486192703,0.0003310719330329448,,,
285,,0.0004425048828125,1.3459320068359375,48289,0.010122060775756836,0.013772804290056229,0.0003086319484282285,,,
285,,0.0004425048828125,1.1176605224609375,48299,0.02137899398803711,0.01314440555870533,0.00034633665927685797,,,
285,,0.0004425048828125,1.3186187744140625,48309,0.04088902473449707,0.014855108223855495,0.0004569009179249406,,,
285,,0.0004425048828125,1.250030517578125,48319,0.016726970672607422,0.013845323584973812,0.0003290851309429854,,,
285,,0.0004425048828125,1.19390869140625,48329,0.011441707611083984,0.01438260730355978,0.0003264790284447372,,,
285,,,,48333,,,,0.03238310664892197,0.02370477095246315,0.0010785191552713513
,0.00025,,,48334,,,,,,
286,,0.0004425048828125,1.3470458984375,48339,0.012069463729858398,0.01410092506557703,0.00032107281731441617,,,
286,,0.0004425048828125,1.2988433837890625,48349,0.03476738929748535,0.01340528018772602,0.0003477417631074786,,,
286,,0.0004425048828125,0.9951629638671875,48359,0.03275251388549805,0.013720069080591202,0.0003805343294516206,,,
286,,0.0004425048828125,1.3767547607421875,48369,0.06841278076171875,0.014027045108377934,0.0005786385154351592,,,
286,,0.0004425048828125,1.1728515625,48379,0.061934471130371094,0.01530403271317482,0.0005705360090360045,,,
286,,0.0004425048828125,1.5998382568359375,48389,0.006981849670410156,0.014020875096321106,0.0003058477595914155,,,
286,,0.0004425048828125,1.21832275390625,48399,0.011133432388305664,0.014008285477757454,0.0003188449773006141,,,
286,,0.0004425048828125,1.68096923828125,48409,0.01644301414489746,0.01440197043120861,0.000358501827577129,,,
286,,0.0004425048828125,1.171356201171875,48419,0.025004148483276367,0.015551828779280186,0.0004081865190528333,,,
286,,0.0004425048828125,1.1308746337890625,48429,0.040558815002441406,0.013797649182379246,0.00039142800960689783,,,
286,,0.0004425048828125,1.498138427734375,48439,0.07228541374206543,0.01591072604060173,0.0006843064911663532,,,
286,,0.0004425048828125,1.325714111328125,48449,0.0967860221862793,0.017603514716029167,0.0010021014604717493,,,
286,,0.0004425048828125,1.1739959716796875,48459,0.28820013999938965,0.030450845137238503,0.005626203026622534,,,
286,,0.0004425048828125,1.2262115478515625,48469,0.3522951602935791,0.02852569706737995,0.0076682306826114655,,,
286,,0.0004425048828125,1.3614959716796875,48479,0.04274272918701172,0.027784772217273712,0.0017013007309287786,,,
286,,0.0004425048828125,1.462677001953125,48489,0.09532356262207031,0.026291824877262115,0.0019596023485064507,,,
286,,0.0004425048828125,1.2869110107421875,48499,0.06050443649291992,0.02887938730418682,0.0016264080768451095,,,
286,,,,48502,,,,0.26748135685920715,0.03430207073688507,0.006096076685935259
,0.00025,,,48503,,,,,,
287,,0.0004425048828125,1.0519561767578125,48509,0.37268638610839844,0.034111138433218,0.00996230635792017,,,
287,,0.0004425048828125,1.5560760498046875,48519,0.06739401817321777,0.03839366137981415,0.002566786017268896,,,
287,,0.0004425048828125,1.367919921875,48529,0.41879725456237793,0.03627585247159004,0.013147585093975067,,,
287,,0.0004425048828125,1.4296112060546875,48539,0.17237019538879395,0.03787897154688835,0.003967626020312309,,,
287,,0.0004425048828125,1.3755645751953125,48549,0.1906747817993164,0.03657407686114311,0.0041217561811208725,,,
287,,0.0004425048828125,1.7250518798828125,48559,0.09770441055297852,0.033921051770448685,0.0025870678946375847,,,
287,,0.0004425048828125,1.247772216796875,48569,0.0490264892578125,0.020918872207403183,0.0008431743481196463,,,
287,,0.0004425048828125,1.4057769775390625,48579,0.12841272354125977,0.019773567095398903,0.0017181489383801818,,,
287,,0.0004425048828125,0.91070556640625,48589,0.0831756591796875,0.02116020955145359,0.0011401852825656533,,,
287,,0.0004425048828125,1.16705322265625,48599,0.08321762084960938,0.020299391821026802,0.0011820800136774778,,,
287,,0.0004425048828125,1.2631988525390625,48609,0.0258481502532959,0.01875150576233864,0.000576846010517329,,,
287,,0.0004425048828125,1.30926513671875,48619,0.05167722702026367,0.01585259847342968,0.000562006258405745,,,
287,,0.0004425048828125,1.43743896484375,48629,0.06045126914978027,0.016771618276834488,0.0006553760613314807,,,
287,,0.0004425048828125,1.48614501953125,48639,0.022705078125,0.016627734526991844,0.0004909234121441841,,,
287,,0.0004425048828125,1.282073974609375,48649,0.023757457733154297,0.013867497444152832,0.00035978216328658164,,,
287,,0.0004425048828125,1.1933746337890625,48659,0.040947675704956055,0.016252435743808746,0.0005208499496802688,,,
287,,0.0004425048828125,0.981903076171875,48669,0.01983499526977539,0.014961781911551952,0.0003731772012542933,,,
287,,,,48671,,,,0.04084208235144615,0.02446827106177807,0.0011888802982866764
,0.00025,,,48672,,,,,,
288,,0.0004425048828125,1.395050048828125,48679,0.03554868698120117,0.01487118098884821,0.00042530728387646377,,,
288,,0.0004425048828125,1.6086273193359375,48689,0.016124725341796875,0.013468977063894272,0.0002988596970681101,,,
288,,0.0004425048828125,1.55291748046875,48699,0.04190993309020996,0.014732166193425655,0.00048468296881765127,,,
288,,0.0004425048828125,1.55291748046875,48709,0.012462377548217773,0.01561698503792286,0.000395240233046934,,,
288,,0.0004425048828125,1.55291748046875,48719,0.045508623123168945,0.014097068458795547,0.00046285626012831926,,,
288,,0.0004425048828125,1.36553955078125,48729,0.01880478858947754,0.014950724318623543,0.00037530690315179527,,,
288,,0.0004425048828125,1.84490966796875,48739,0.02044200897216797,0.014067237265408039,0.00034992440487258136,,,
288,,0.0004425048828125,1.2383270263671875,48749,0.0469052791595459,0.015313981100916862,0.000495844753459096,,,
288,,0.0004425048828125,1.48309326171875,48759,0.01474618911743164,0.013473786413669586,0.0003112654376309365,,,
288,,0.0004425048828125,1.2243804931640625,48769,0.014179706573486328,0.014660739339888096,0.00034479107125662267,,,
288,,0.0004425048828125,1.1182098388671875,48779,0.05165505409240723,0.015548613853752613,0.0005983461742289364,,,
288,,0.0004425048828125,1.3892974853515625,48789,0.06076931953430176,0.015045802108943462,0.0006055723060853779,,,
288,,0.0004425048828125,1.3236541748046875,48799,0.043955326080322266,0.016109110787510872,0.0005077507230453193,,,
288,,0.0004425048828125,1.2009124755859375,48809,0.03980231285095215,0.015119233168661594,0.0004947752458974719,,,
288,,0.0004425048828125,1.4992523193359375,48819,0.0665740966796875,0.014980549924075603,0.000574433826841414,,,
288,,0.0004425048828125,1.138641357421875,48829,0.0705418586730957,0.017103545367717743,0.0007099624490365386,,,
288,,0.0004425048828125,1.163818359375,48839,0.05686545372009277,0.015590912662446499,0.0008358018822036684,,,
288,,,,48840,,,,0.053579989820718765,0.024296889081597328,0.0012568073580041528
,0.00025,,,48841,,,,,,
289,,0.0004425048828125,0.960418701171875,48849,0.07921695709228516,0.016523145139217377,0.0008566713659092784,,,
289,,0.0004425048828125,1.29644775390625,48859,0.04842352867126465,0.016572054475545883,0.0005797517951577902,,,
289,,0.0004425048828125,1.51953125,48869,0.03580188751220703,0.014991692267358303,0.00043303336133249104,,,
289,,0.0004425048828125,1.510284423828125,48879,0.05619001388549805,0.01473969966173172,0.0005178173305466771,,,
289,,0.0004425048828125,1.555419921875,48889,0.11791682243347168,0.016628582030534744,0.001397772808559239,,,
289,,0.0004425048828125,1.4102325439453125,48899,0.010115861892700195,0.015285322442650795,0.00039600528543815017,,,
289,,0.0004425048828125,1.4080047607421875,48909,0.07442760467529297,0.01613730750977993,0.0006902869790792465,,,
289,,0.0004425048828125,1.0683135986328125,48919,0.014505386352539062,0.015839751809835434,0.00040232203900814056,,,
289,,0.0004425048828125,1.5009765625,48929,0.04749298095703125,0.01575164869427681,0.0005399601650424302,,,
289,,0.0004425048828125,1.0715179443359375,48939,0.015731334686279297,0.01574421487748623,0.0004074453026987612,,,
289,,0.0004425048828125,1.409210205078125,48949,0.028168439865112305,0.014099818654358387,0.00037335537490434945,,,
289,,0.0004425048828125,1.364349365234375,48959,0.01814436912536621,0.015331530012190342,0.0004014360310975462,,,
289,,0.0004425048828125,1.4250335693359375,48969,0.05240201950073242,0.01614196226000786,0.0006093144766055048,,,
289,,0.0004425048828125,1.5266571044921875,48979,0.0682520866394043,0.013734993524849415,0.0005779540515504777,,,
289,,0.0004425048828125,1.4542999267578125,48989,0.15208697319030762,0.01646319404244423,0.0016454823780804873,,,
289,,0.0004425048828125,1.4912109375,48999,0.07621097564697266,0.01577259786427021,0.0006933343247510493,,,
289,,0.0004425048828125,1.0899200439453125,49009,0.10757001489400864,0.0178227499127388,0.0011790350545197725,,,
289,,,,49009,,,,0.05960332229733467,0.025265632197260857,0.0014222234021872282
,0.00025,,,49010,,,,,,
290,,0.0004425048828125,1.2613983154296875,49019,0.08207511901855469,0.0168314129114151,0.0008260773029178381,,,
290,,0.0004425048828125,1.6110687255859375,49029,0.053050994873046875,0.015835443511605263,0.0005525863380171359,,,
290,,0.0004425048828125,1.3265380859375,49039,0.09413719177246094,0.01586000993847847,0.0009736586362123489,,,
290,,0.0004425048828125,1.6437530517578125,49049,0.02421879768371582,0.01612437330186367,0.0004757035640068352,,,
290,,0.0004425048828125,1.09344482421875,49059,0.1900477409362793,0.015117875300347805,0.0027304033283144236,,,
290,,0.0004425048828125,1.1531982421875,49069,0.15143585205078125,0.01624327525496483,0.001938984147273004,,,
290,,0.0004425048828125,1.3594970703125,49079,0.23075175285339355,0.02053266391158104,0.0037413020618259907,,,
290,,0.0004425048828125,1.1147613525390625,49089,0.08274602890014648,0.01945832185447216,0.0009932005777955055,,,
290,,0.0004425048828125,1.3162689208984375,49099,0.0846705436706543,0.017811637371778488,0.001039154827594757,,,
290,,0.0004425048828125,1.2497100830078125,49109,0.029944896697998047,0.017817014828324318,0.0005604582256637514,,,
290,,0.0004425048828125,1.5131988525390625,49119,0.13679027557373047,0.01892826147377491,0.0016051707789301872,,,
290,,0.0004425048828125,1.191925048828125,49129,0.2581954002380371,0.01957954280078411,0.004410885740071535,,,
290,,0.0004425048828125,1.2018585205078125,49139,0.04477834701538086,0.025498947128653526,0.0011856311466544867,,,
290,,0.0004425048828125,1.3836669921875,49149,0.060593605041503906,0.022296516224741936,0.0010965700494125485,,,
290,,0.0004425048828125,1.004669189453125,49159,0.05131196975708008,0.020782144740223885,0.000983476173132658,,,
290,,0.0004425048828125,1.0917205810546875,49169,0.11655950546264648,0.01664004661142826,0.0013283907901495695,,,
290,,,,49178,,,,0.08471154421567917,0.026876766234636307,0.0017177279805764556
,0.00025,,,49179,,,,,,
291,,0.0004425048828125,1.0612640380859375,49179,0.055623531341552734,0.019278768450021744,0.0008008817676454782,,,
291,,0.0004425048828125,1.232269287109375,49189,0.19486474990844727,0.019837558269500732,0.003187470370903611,,,
291,,0.0004425048828125,1.1358642578125,49199,0.29349398612976074,0.021834248676896095,0.00584919610992074,,,
291,,0.0004425048828125,1.2274627685546875,49209,0.3365964889526367,0.028871113434433937,0.007369120139628649,,,
291,,0.0004425048828125,1.6250152587890625,49219,0.4599781036376953,0.03374629095196724,0.013611597940325737,,,
291,,0.0004425048828125,1.5871734619140625,49229,0.19417214393615723,0.03514335677027702,0.004672148264944553,,,
291,,0.0004425048828125,1.5712738037109375,49239,0.031972408294677734,0.03897779434919357,0.0029508392326533794,,,
291,,0.0004425048828125,1.27398681640625,49249,0.2609846591949463,0.03982364386320114,0.006266996264457703,,,
291,,0.0004425048828125,1.406585693359375,49259,0.3254737854003906,0.03344174474477768,0.008997978642582893,,,
291,,0.0004425048828125,1.2004241943359375,49269,0.46677160263061523,0.038727544248104095,0.016126347705721855,,,
291,,0.0004425048828125,1.4791717529296875,49279,0.09516310691833496,0.03076202981173992,0.002133547095581889,,,
291,,0.0004425048828125,1.3588714599609375,49289,0.04068136215209961,0.025890255346894264,0.0011924036080017686,,,
291,,0.0004425048828125,1.4430389404296875,49299,0.08175373077392578,0.02314683236181736,0.0012790604960173368,,,
291,,0.0004425048828125,1.063507080078125,49309,0.08694696426391602,0.01945500262081623,0.001095122192054987,,,
291,,0.0004425048828125,1.5772705078125,49319,0.07429027557373047,0.021436985582113266,0.001013642642647028,,,
291,,0.0004425048828125,1.249267578125,49329,0.0860903263092041,0.018346164375543594,0.0009504676563665271,,,
291,,0.0004425048828125,1.2273101806640625,49339,0.01736617088317871,0.018514253199100494,0.0005697516025975347,,,
291,,,,49347,,,,0.06552782654762268,0.026498062536120415,0.0015465887263417244
,0.00025,,,49348,,,,,,
292,,0.0004425048828125,1.332855224609375,49349,0.06991887092590332,0.01972285844385624,0.0009320068638771772,,,
292,,0.0004425048828125,1.26275634765625,49359,0.05926346778869629,0.019221631810069084,0.0008085980080068111,,,
292,,0.0004425048828125,1.5814361572265625,49369,0.03754401206970215,0.017817145213484764,0.0006262526731006801,,,
292,,0.0004425048828125,1.623504638671875,49379,0.054282188415527344,0.01653684861958027,0.0006466154009103775,,,
292,,0.0004425048828125,1.5089111328125,49389,0.02411031723022461,0.015879269689321518,0.0004569038865156472,,,
292,,0.0004425048828125,1.1765289306640625,49399,0.032344818115234375,0.01474190503358841,0.0004421656485646963,,,
292,,0.0004425048828125,1.219451904296875,49409,0.08290910720825195,0.017109720036387444,0.0009783809073269367,,,
292,,0.0004425048828125,1.1816253662109375,49419,0.05850028991699219,0.0189333688467741,0.0007462085341103375,,,
292,,0.0004425048828125,1.5089111328125,49429,0.06857991218566895,0.015954967588186264,0.0007211971678771079,,,
292,,0.0004425048828125,1.6504364013671875,49439,0.015535354614257812,0.01569359377026558,0.00040498797898180783,,,
292,,0.0004425048828125,1.491119384765625,49449,0.04930448532104492,0.018127316609025,0.0006935001001693308,,,
292,,0.0004425048828125,1.4902191162109375,49459,0.0496823787689209,0.016468672081828117,0.0006453259848058224,,,
292,,0.0004425048828125,1.1278228759765625,49469,0.018095970153808594,0.01476812083274126,0.0003871179069392383,,,
292,,0.0004425048828125,1.3687744140625,49479,0.06639242172241211,0.015904761850833893,0.000702772056683898,,,
292,,0.0004425048828125,1.221771240234375,49489,0.030597448348999023,0.015736130997538567,0.0004579477827064693,,,
292,,0.0004425048828125,1.2764739990234375,49499,0.031239032745361328,0.01722654700279236,0.000548827403690666,,,
292,,0.0004425048828125,1.245513916015625,49509,0.03455018997192383,0.013599117286503315,0.00036054750671610236,,,
292,,,,49516,,,,0.04219799116253853,0.02380102314054966,0.0011200873414054513
,0.00025,,,49517,,,,,,
293,,0.0004425048828125,1.46746826171875,49519,0.07329082489013672,0.01604604348540306,0.0007043268415145576,,,
293,,0.0004425048828125,1.798675537109375,49529,0.04054975509643555,0.01421211939305067,0.0003957922453992069,,,
293,,0.0004425048828125,1.320220947265625,49539,0.06478047370910645,0.015114275738596916,0.0005953294457867742,,,
293,,0.0004425048828125,1.375579833984375,49549,0.055249691009521484,0.014834254048764706,0.000521544658113271,,,
293,,0.0004425048828125,1.2842254638671875,49559,0.035024166107177734,0.015509041026234627,0.0004552693571895361,,,
293,,0.0004425048828125,1.127655029296875,49569,0.03827047348022461,0.013861256651580334,0.00038161934935487807,,,
293,,0.0004425048828125,1.663909912109375,49579,0.015085220336914062,0.013282506726682186,0.00029672449454665184,,,
293,,0.0004425048828125,1.36590576171875,49589,0.13382935523986816,0.015814004465937614,0.001552334288135171,,,
293,,0.0004425048828125,1.20416259765625,49599,0.013966560363769531,0.017586546018719673,0.0005317479954101145,,,
293,,0.0004425048828125,1.2431793212890625,49609,0.04817080497741699,0.01635107770562172,0.0005795562174171209,,,
293,,0.0004425048828125,1.2044525146484375,49619,0.017709016799926758,0.01619674079120159,0.00044173779315315187,,,
293,,0.0004425048828125,1.241424560546875,49629,0.021267175674438477,0.014977768994867802,0.0003914530680049211,,,
293,,0.0004425048828125,1.3106536865234375,49639,0.03214883804321289,0.013691828586161137,0.00037594602326862514,,,
293,,0.0004425048828125,1.240753173828125,49649,0.028813838958740234,0.01496229600161314,0.00041425027302466333,,,
293,,0.0004425048828125,1.387176513671875,49659,0.039560794830322266,0.014918440021574497,0.0004418525204528123,,,
293,,0.0004425048828125,1.310577392578125,49669,0.005305767059326172,0.014785460196435452,0.000340834551025182,,,
293,,0.0004425048828125,1.4903564453125,49679,0.07622814178466797,0.014891736209392548,0.0007102653617039323,,,
293,,,,49685,,,,0.06739185005426407,0.024016253650188446,0.0013939511263743043
,0.00025,,,49686,,,,,,
294,,0.0004425048828125,1.064239501953125,49689,0.09711885452270508,0.013994786888360977,0.0008651890093460679,,,
294,,0.0004425048828125,1.1096038818359375,49699,0.13499116897583008,0.01577865704894066,0.0015012454241514206,,,
294,,0.0004425048828125,1.12274169921875,49709,0.07020235061645508,0.01769201084971428,0.0007476433529518545,,,
294,,0.0004425048828125,1.6557464599609375,49719,0.030895233154296875,0.012766854837536812,0.0003392157086636871,,,
294,,0.0004425048828125,1.1974029541015625,49729,0.040975093841552734,0.013535702601075172,0.0004136690404266119,,,
294,,0.0004425048828125,1.224517822265625,49739,0.10680627822875977,0.015896834433078766,0.001059566275216639,,,
294,,0.0004425048828125,1.2791900634765625,49749,0.018505573272705078,0.015179232694208622,0.0003944742202293128,,,
294,,0.0004425048828125,1.1774139404296875,49759,0.020843029022216797,0.014859970659017563,0.0003935926069971174,,,
294,,0.0004425048828125,1.28179931640625,49769,0.04116249084472656,0.014194603078067303,0.0004521244845818728,,,
294,,0.0004425048828125,1.36639404296875,49779,0.01767253875732422,0.014165003784000874,0.000357356620952487,,,
294,,0.0004425048828125,1.3351898193359375,49789,0.0323481559753418,0.013835788704454899,0.0003579244948923588,,,
294,,0.0004425048828125,1.1525115966796875,49799,0.0165402889251709,0.013954498805105686,0.0003307307488285005,,,
294,,0.0004425048828125,1.12054443359375,49809,0.02211594581604004,0.013824871741235256,0.000333544536260888,,,
294,,0.0004425048828125,1.13995361328125,49819,0.0210263729095459,0.014501918107271194,0.0003690964949782938,,,
294,,0.0004425048828125,1.360321044921875,49829,0.022769689559936523,0.013467997312545776,0.00032094461494125426,,,
294,,0.0004425048828125,1.2562713623046875,49839,0.04515385627746582,0.01423797756433487,0.0004348464426584542,,,
294,,0.0004425048828125,1.2843170166015625,49849,0.014556646347045898,0.013581116683781147,0.00029924153932370245,,,
294,,,,49854,,,,0.02663601003587246,0.02375706657767296,0.0010620348621159792
,0.00025,,,49855,,,,,,
295,,0.0004425048828125,1.3842620849609375,49859,0.0403132438659668,0.01291488204151392,0.000430755055276677,,,
295,,0.0004425048828125,1.2173309326171875,49869,0.11763429641723633,0.014814898371696472,0.001280084135942161,,,
295,,0.0004425048828125,1.2101287841796875,49879,0.012543201446533203,0.016026949509978294,0.0004197490634396672,,,
295,,0.0004425048828125,1.4676666259765625,49889,0.05078577995300293,0.016873858869075775,0.0006138277240097523,,,
295,,0.0004425048828125,1.3975982666015625,49899,0.03333473205566406,0.015707142651081085,0.00046273646876215935,,,
295,,0.0004425048828125,1.411834716796875,49909,0.07602453231811523,0.013906163163483143,0.0006890391232445836,,,
295,,0.0004425048828125,1.184295654296875,49919,0.06684231758117676,0.018139004707336426,0.0007921064971014857,,,
295,,0.0004425048828125,1.7773895263671875,49929,0.05300450325012207,0.01845487579703331,0.0007094896864145994,,,
295,,0.0004425048828125,1.31878662109375,49939,0.04917550086975098,0.01750463992357254,0.0006567095406353474,,,
295,,0.0004425048828125,1.348175048828125,49949,0.018512964248657227,0.016672711819410324,0.00045245292130857706,,,
295,,0.0004425048828125,1.230377197265625,49959,0.010222434997558594,0.014835656620562077,0.00034977943869307637,,,
295,,0.0004425048828125,1.1758880615234375,49969,0.01392984390258789,0.013311252929270267,0.0002892491174861789,,,
295,,0.0004425048828125,1.22119140625,49979,0.016381263732910156,0.014213361777365208,0.0003345427685417235,,,
295,,0.0004425048828125,1.7439727783203125,49989,0.050391435623168945,0.014575059525668621,0.0004556726198643446,,,
295,,0.0004425048828125,1.365203857421875,49999,0.042755126953125,0.014880388043820858,0.000468648097012192,,,
295,,0.0004425048828125,1.2902374267578125,50009,0.04671025276184082,0.01576218195259571,0.0005354539025574923,,,
295,,0.0004425048828125,1.28515625,50019,0.03681349754333496,0.015218262560665607,0.00047061912482604384,,,
295,,,,50023,,,,0.07677207887172699,0.023893967270851135,0.001415857346728444
,0.00025,,,50024,,,,,,
296,,0.0004425048828125,1.26751708984375,50029,0.04245805740356445,0.013499612919986248,0.0003921955358237028,,,
296,,0.0004425048828125,1.20257568359375,50039,0.01929497718811035,0.015293213538825512,0.0004036196623928845,,,
296,,0.0004425048828125,1.518768310546875,50049,0.027175426483154297,0.014796115458011627,0.0004226928576827049,,,
296,,0.0004425048828125,1.29742431640625,50059,0.014027595520019531,0.013891045935451984,0.0003407911863178015,,,
296,,0.0004425048828125,1.45404052734375,50069,0.02971649169921875,0.01350108627229929,0.00034272941411472857,,,
296,,0.0004425048828125,1.26715087890625,50079,0.02234482765197754,0.013194187544286251,0.00032135561923496425,,,
296,,0.0004425048828125,1.3425140380859375,50089,0.015272140502929688,0.015107897110283375,0.0003770172770600766,,,
296,,0.0004425048828125,1.298126220703125,50099,0.025321006774902344,0.012747421860694885,0.0003161895729135722,,,
296,,0.0004425048828125,1.2419586181640625,50109,0.021746158599853516,0.015541482716798782,0.0004113527247682214,,,
296,,0.0004425048828125,1.6592559814453125,50119,0.03835415840148926,0.01496900711208582,0.0004409454995766282,,,
296,,0.0004425048828125,1.213958740234375,50129,0.036340951919555664,0.01526478212326765,0.00046049628872424364,,,
296,,0.0004425048828125,1.2246856689453125,50139,0.03196597099304199,0.014585698023438454,0.0004175859212409705,,,
296,,0.0004425048828125,1.620697021484375,50149,0.04109644889831543,0.014018340967595577,0.0004121109377592802,,,
296,,0.0004425048828125,1.149658203125,50159,0.029087543487548828,0.014109252952039242,0.00036423656274564564,,,
296,,0.0004425048828125,1.4449462890625,50169,0.008209466934204102,0.014533157460391521,0.00034974157460965216,,,
296,,0.0004425048828125,1.299407958984375,50179,0.09610462188720703,0.01457330770790577,0.0008783394005149603,,,
296,,0.0004425048828125,1.196990966796875,50189,0.04077291488647461,0.016255874186754227,0.000545714923646301,,,
296,,,,50192,,,,0.04046335816383362,0.025025852024555206,0.001230259775184095
,0.00025,,,50193,,,,,,
297,,0.0004425048828125,1.460205078125,50199,0.04318499565124512,0.01602116972208023,0.0005133303930051625,,,
297,,0.0004425048828125,1.207977294921875,50209,0.035468339920043945,0.015905482694506645,0.00047520396765321493,,,
297,,0.0004425048828125,1.6321258544921875,50219,0.19138526916503906,0.01653900370001793,0.002588812727481127,,,
297,,0.0004425048828125,1.23480224609375,50229,0.11431598663330078,0.014895887114107609,0.0010223712306469679,,,
297,,0.0004425048828125,1.285675048828125,50239,0.06601381301879883,0.018610181286931038,0.0008139548590406775,,,
297,,0.0004425048828125,1.20220947265625,50249,0.08467578887939453,0.016607115045189857,0.0008384589455090463,,,
297,,0.0004425048828125,1.5274658203125,50259,0.03497052192687988,0.016773253679275513,0.0005935985245741904,,,
297,,0.0004425048828125,1.5454254150390625,50269,0.07303690910339355,0.015766214579343796,0.0007553441682830453,,,
297,,0.0004425048828125,1.321380615234375,50279,0.11308503150939941,0.017427774146199226,0.001338292728178203,,,
297,,0.0004425048828125,1.4708404541015625,50289,0.0379486083984375,0.015158400870859623,0.00044845184311270714,,,
297,,0.0004425048828125,1.491241455078125,50299,0.031537532806396484,0.015414876863360405,0.0004479073395486921,,,
297,,0.0004425048828125,1.23089599609375,50309,0.013705968856811523,0.013983028009533882,0.0003313687921036035,,,
297,,0.0004425048828125,1.2487030029296875,50319,0.039469242095947266,0.013125615194439888,0.0003738535742741078,,,
297,,0.0004425048828125,1.8849029541015625,50329,0.0381007194519043,0.015810469165444374,0.000490842096041888,,,
297,,0.0004425048828125,1.2228240966796875,50339,0.024440526962280273,0.014390453696250916,0.00038455394678749144,,,
297,,0.0004425048828125,0.9152069091796875,50349,0.04741621017456055,0.016872569918632507,0.0005674579879269004,,,
297,,0.0004425048828125,1.4569854736328125,50359,0.11595559120178223,0.01586945727467537,0.001123875379562378,,,
297,,,,50361,,,,0.08870551735162735,0.025622114539146423,0.0016161921666935086
,0.00025,,,50362,,,,,,
298,,0.0004425048828125,1.019622802734375,50369,0.04410862922668457,0.016554562374949455,0.0005705368239432573,,,
298,,0.0004425048828125,1.332427978515625,50379,0.041379451751708984,0.01712288148701191,0.0005918658571317792,,,
298,,0.0004425048828125,1.68634033203125,50389,0.05496478080749512,0.01584606245160103,0.0005866695428267121,,,
298,,0.0004425048828125,1.32794189453125,50399,0.022325754165649414,0.013989083468914032,0.0003525557985994965,,,
298,,0.0004425048828125,1.223358154296875,50409,0.02127218246459961,0.014453153125941753,0.0003540808102115989,,,
298,,0.0004425048828125,1.161468505859375,50419,0.00972437858581543,0.014177685603499413,0.00032817167812027037,,,
298,,0.0004425048828125,1.1555633544921875,50429,0.034574031829833984,0.013361118733882904,0.0003551906847860664,,,
298,,0.0004425048828125,1.1273040771484375,50439,0.014364242553710938,0.01418981235474348,0.00031875379499979317,,,
298,,0.0004425048828125,1.154632568359375,50449,0.09641385078430176,0.014759397134184837,0.0009172734571620822,,,
298,,0.0004425048828125,1.5435333251953125,50459,0.007988929748535156,0.013833501376211643,0.00031096191378310323,,,
298,,0.0004425048828125,1.52410888671875,50469,0.06511878967285156,0.015623625367879868,0.0006565566873177886,,,
298,,0.0004425048828125,1.498748779296875,50479,0.04732465744018555,0.017595263198018074,0.0006589603726752102,,,
298,,0.0004425048828125,1.3563232421875,50489,0.051198720932006836,0.0151199446991086,0.0005661729373969138,,,
298,,0.0004425048828125,1.3044586181640625,50499,0.05900835990905762,0.014760967344045639,0.0006116902804933488,,,
298,,0.0004425048828125,1.168670654296875,50509,0.02254319190979004,0.0156176146119833,0.0004097714554518461,,,
298,,0.0004425048828125,1.2088165283203125,50519,0.0323333740234375,0.01502717100083828,0.000417187693528831,,,
298,,0.0004425048828125,1.556610107421875,50529,0.03443646430969238,0.014896383509039879,0.0004369922389741987,,,
298,,,,50530,,,,0.038064729422330856,0.02424197643995285,0.0011534416116774082
,0.00025,,,50531,,,,,,
299,,0.0004425048828125,1.154541015625,50539,0.04013395309448242,0.012959960848093033,0.00036332683521322906,,,
299,,0.0004425048828125,1.174835205078125,50549,0.04370880126953125,0.015407168306410313,0.0005227333167567849,,,
299,,0.0004425048828125,1.3606414794921875,50559,0.14876294136047363,0.015746425837278366,0.001678328844718635,,,
299,,0.0004425048828125,1.1296844482421875,50569,0.10041999816894531,0.01892665959894657,0.001091616926714778,,,
299,,0.0004425048828125,1.15484619140625,50579,0.32625722885131836,0.042003531008958817,0.0081302709877491,,,
299,,0.0004425048828125,1.318603515625,50589,0.27941370010375977,0.03319566696882248,0.006018411368131638,,,
299,,0.0004425048828125,1.0818634033203125,50599,0.32761478424072266,0.03542830049991608,0.007542792707681656,,,
299,,0.0004425048828125,1.494964599609375,50609,0.08456230163574219,0.02773561328649521,0.001745010376907885,,,
299,,0.0004425048828125,1.3912506103515625,50619,0.08375024795532227,0.024485161527991295,0.0014051813632249832,,,
299,,0.0004425048828125,1.2578887939453125,50629,0.14030098915100098,0.023593125864863396,0.0018788680899888277,,,
299,,0.0004425048828125,1.39178466796875,50639,0.06659960746765137,0.017829839140176773,0.000728030689060688,,,
299,,0.0004425048828125,1.33953857421875,50649,0.01920795440673828,0.01804298162460327,0.0005246111541055143,,,
299,,0.0004425048828125,1.4795379638671875,50659,0.027530431747436523,0.0176352821290493,0.0005618687719106674,,,
299,,0.0004425048828125,1.4481964111328125,50669,0.025540590286254883,0.016111677512526512,0.00046259185182861984,,,
299,,0.0004425048828125,1.1841888427734375,50679,0.029053926467895508,0.016113264486193657,0.0004800556635018438,,,
299,,0.0004425048828125,1.0907440185546875,50689,0.04889392852783203,0.01618349179625511,0.0005719211185351014,,,
299,,0.0004425048828125,1.5899200439453125,50699,0.009425799362361431,0.01592123694717884,0.00041596643859520555,,,
299,,,,50699,,,,0.04096757248044014,0.024117007851600647,0.0011588676134124398
