== start Wed 23 Sep 2026 18:44:07 BST  name=rot250mono_painn epochs=300
/Users/cafierom/python_mac/schnet/.venv/lib/python3.12/site-packages/torch/jit/_script.py:1491: FutureWarning: `torch.jit.script` is deprecated. Please switch to `torch.compile` or `torch.export`.
  warnings.warn(
225 frames -> GFN2 labels with 4 workers
wrote /Users/cafierom/python_mac/schnet/data/rot250_rod_gfn2_train.xyz  E range: -5107.729 .. -5105.598 eV
25 frames -> GFN2 labels with 4 workers
wrote /Users/cafierom/python_mac/schnet/data/rot250_rod_gfn2_valid.xyz  E range: -5107.246 .. -5106.049 eV
225 frames -> GFN2 labels with 4 workers
wrote /Users/cafierom/python_mac/schnet/data/rot250_wheel_gfn2_train.xyz  E range: -2258.440 .. -2256.735 eV
25 frames -> GFN2 labels with 4 workers
wrote /Users/cafierom/python_mac/schnet/data/rot250_wheel_gfn2_valid.xyz  E range: -2258.403 .. -2257.068 eV
== labels done Wed 23 Sep 2026 18:45:26 BST
/Users/cafierom/python_mac/schnet/.venv/lib/python3.12/site-packages/torch/jit/_script.py:1491: FutureWarning: `torch.jit.script` is deprecated. Please switch to `torch.compile` or `torch.export`.
  warnings.warn(
Seed set to 123
/Users/cafierom/python_mac/schnet/.venv/lib/python3.12/site-packages/pytorch_lightning/utilities/parsing.py:213: Attribute 'model' is an instance of `nn.Module` and is already saved during checkpointing. It is recommended to ignore them using `self.save_hyperparameters(ignore=['model'])`.
GPU available: True (mps), used: False
TPU available: False, using: 0 TPU cores
/Users/cafierom/python_mac/schnet/.venv/lib/python3.12/site-packages/pytorch_lightning/trainer/setup.py:175: GPU available but not used. You can set it by doing `Trainer(accelerator='gpu')`.
💡 Tip: For seamless cloud logging and experiment tracking, try installing [litlogger](https://pypi.org/project/litlogger/) to enable LitLogger, which logs metrics and artifacts automatically to the Lightning Experiments platform.
┏━━━┳━━━━━━━━━┳━━━━━━━━━━━━━━━━━━━━━━━━┳━━━━━━━━┳━━━━━━━┳━━━━━━━┓
┃   ┃ Name    ┃ Type                   ┃ Params ┃ Mode  ┃ FLOPs ┃
┡━━━╇━━━━━━━━━╇━━━━━━━━━━━━━━━━━━━━━━━━╇━━━━━━━━╇━━━━━━━╇━━━━━━━┩
│ 0 │ model   │ NeuralNetworkPotential │  589 K │ train │     0 │
│ 1 │ outputs │ ModuleList             │      0 │ train │     0 │
└───┴─────────┴────────────────────────┴────────┴───────┴───────┘
Trainable params: 589 K                                                         
Non-trainable params: 0                                                         
Total params: 589 K                                                             
Total estimated model params size (MB): 2.356                                   
Modules in train mode: 74                                                       
Modules in eval mode: 0                                                         
Total FLOPs: 0                                                                  
/Users/cafierom/python_mac/schnet/.venv/lib/python3.12/site-packages/pytorch_lightning/core/saving.py:398: Skipping 'outputs' parameter because it is not possible to safely dump to YAML.
/Users/cafierom/python_mac/schnet/.venv/lib/python3.12/site-packages/pytorch_lightning/utilities/_pytree.py:21: `isinstance(treespec, LeafSpec)` is deprecated, use `isinstance(treespec, TreeSpec) and treespec.is_leaf()` instead.
/Users/cafierom/python_mac/schnet/.venv/lib/python3.12/site-packages/pytorch_lightning/trainer/connectors/data_connector.py:434: The 'val_dataloader' does not have many workers which may be a bottleneck. Consider increasing the value of the `num_workers` argument` to `num_workers=5` in the `DataLoader` to improve performance.
/Users/cafierom/python_mac/schnet/.venv/lib/python3.12/site-packages/pytorch_lightning/trainer/connectors/data_connector.py:434: The 'train_dataloader' does not have many workers which may be a bottleneck. Consider increasing the value of the `num_workers` argument` to `num_workers=5` in the `DataLoader` to improve performance.
step      1  rss  1.08 GB  mps  0.00 GB
step     11  rss  1.08 GB  mps  0.00 GB
step     21  rss  1.39 GB  mps  0.00 GB
step     31  rss  1.36 GB  mps  0.00 GB
step     41  rss  1.50 GB  mps  0.00 GB
step     51  rss  1.45 GB  mps  0.00 GB
step     61  rss  1.27 GB  mps  0.00 GB
step     71  rss  1.40 GB  mps  0.00 GB
step     81  rss  1.57 GB  mps  0.00 GB
step     91  rss  1.50 GB  mps  0.00 GB
step    101  rss  1.56 GB  mps  0.00 GB
step    111  rss  1.38 GB  mps  0.00 GB
step    121  rss  1.35 GB  mps  0.00 GB
step    131  rss  1.56 GB  mps  0.00 GB
step    141  rss  1.48 GB  mps  0.00 GB
step    151  rss  1.52 GB  mps  0.00 GB
step    161  rss  1.40 GB  mps  0.00 GB
epoch 0 train time 48.9 s
step    170  rss  1.35 GB  mps  0.00 GB
step    180  rss  1.43 GB  mps  0.00 GB
step    190  rss  1.52 GB  mps  0.00 GB
step    200  rss  1.36 GB  mps  0.00 GB
step    210  rss  1.60 GB  mps  0.00 GB
step    220  rss  1.65 GB  mps  0.00 GB
step    230  rss  1.22 GB  mps  0.00 GB
step    240  rss  1.46 GB  mps  0.00 GB
step    250  rss  1.47 GB  mps  0.00 GB
step    260  rss  1.46 GB  mps  0.00 GB
step    270  rss  1.66 GB  mps  0.00 GB
step    280  rss  1.24 GB  mps  0.00 GB
step    290  rss  1.27 GB  mps  0.00 GB
step    300  rss  1.32 GB  mps  0.00 GB
step    310  rss  1.31 GB  mps  0.00 GB
step    320  rss  1.68 GB  mps  0.00 GB
step    330  rss  1.52 GB  mps  0.00 GB
epoch 1 train time 47.7 s
step    339  rss  1.43 GB  mps  0.00 GB
step    349  rss  1.10 GB  mps  0.00 GB
step    359  rss  1.35 GB  mps  0.00 GB
step    369  rss  1.37 GB  mps  0.00 GB
step    379  rss  1.54 GB  mps  0.00 GB
step    389  rss  1.11 GB  mps  0.00 GB
step    399  rss  1.64 GB  mps  0.00 GB
step    409  rss  1.72 GB  mps  0.00 GB
step    419  rss  1.30 GB  mps  0.00 GB
step    429  rss  1.26 GB  mps  0.00 GB
step    439  rss  1.17 GB  mps  0.00 GB
step    449  rss  1.42 GB  mps  0.00 GB
step    459  rss  1.43 GB  mps  0.00 GB
step    469  rss  1.29 GB  mps  0.00 GB
step    479  rss  1.72 GB  mps  0.00 GB
step    489  rss  1.47 GB  mps  0.00 GB
step    499  rss  1.20 GB  mps  0.00 GB
epoch 2 train time 49.3 s
step    508  rss  1.08 GB  mps  0.00 GB
step    518  rss  1.43 GB  mps  0.00 GB
step    528  rss  1.39 GB  mps  0.00 GB
step    538  rss  1.35 GB  mps  0.00 GB
step    548  rss  1.37 GB  mps  0.00 GB
step    558  rss  1.64 GB  mps  0.00 GB
step    568  rss  1.60 GB  mps  0.00 GB
step    578  rss  1.37 GB  mps  0.00 GB
step    588  rss  1.44 GB  mps  0.00 GB
step    598  rss  1.15 GB  mps  0.00 GB
step    608  rss  1.43 GB  mps  0.00 GB
step    618  rss  1.30 GB  mps  0.00 GB
step    628  rss  1.33 GB  mps  0.00 GB
step    638  rss  1.36 GB  mps  0.00 GB
step    648  rss  1.32 GB  mps  0.00 GB
step    658  rss  1.35 GB  mps  0.00 GB
step    668  rss  1.36 GB  mps  0.00 GB
epoch 3 train time 47.7 s
step    677  rss  1.54 GB  mps  0.00 GB
step    687  rss  1.31 GB  mps  0.00 GB
step    697  rss  1.54 GB  mps  0.00 GB
step    707  rss  1.33 GB  mps  0.00 GB
step    717  rss  1.32 GB  mps  0.00 GB
step    727  rss  1.33 GB  mps  0.00 GB
step    737  rss  1.30 GB  mps  0.00 GB
step    747  rss  1.59 GB  mps  0.00 GB
step    757  rss  1.28 GB  mps  0.00 GB
step    767  rss  1.41 GB  mps  0.00 GB
step    777  rss  1.02 GB  mps  0.00 GB
step    787  rss  1.41 GB  mps  0.00 GB
step    797  rss  1.47 GB  mps  0.00 GB
step    807  rss  1.47 GB  mps  0.00 GB
step    817  rss  1.43 GB  mps  0.00 GB
step    827  rss  1.42 GB  mps  0.00 GB
step    837  rss  1.49 GB  mps  0.00 GB
epoch 4 train time 47.1 s
step    846  rss  1.29 GB  mps  0.00 GB
step    856  rss  1.46 GB  mps  0.00 GB
step    866  rss  1.61 GB  mps  0.00 GB
step    876  rss  1.38 GB  mps  0.00 GB
step    886  rss  1.59 GB  mps  0.00 GB
step    896  rss  1.38 GB  mps  0.00 GB
step    906  rss  1.63 GB  mps  0.00 GB
step    916  rss  1.36 GB  mps  0.00 GB
step    926  rss  1.14 GB  mps  0.00 GB
step    936  rss  1.28 GB  mps  0.00 GB
step    946  rss  1.18 GB  mps  0.00 GB
step    956  rss  1.41 GB  mps  0.00 GB
step    966  rss  1.48 GB  mps  0.00 GB
step    976  rss  1.45 GB  mps  0.00 GB
step    986  rss  1.31 GB  mps  0.00 GB
step    996  rss  1.37 GB  mps  0.00 GB
step   1006  rss  1.30 GB  mps  0.00 GB
epoch 5 train time 46.5 s
step   1015  rss  1.48 GB  mps  0.00 GB
step   1025  rss  1.35 GB  mps  0.00 GB
step   1035  rss  1.32 GB  mps  0.00 GB
step   1045  rss  1.33 GB  mps  0.00 GB
step   1055  rss  1.61 GB  mps  0.00 GB
step   1065  rss  1.37 GB  mps  0.00 GB
step   1075  rss  1.54 GB  mps  0.00 GB
step   1085  rss  1.58 GB  mps  0.00 GB
step   1095  rss  1.27 GB  mps  0.00 GB
step   1105  rss  1.45 GB  mps  0.00 GB
step   1115  rss  1.28 GB  mps  0.00 GB
step   1125  rss  1.20 GB  mps  0.00 GB
step   1135  rss  1.26 GB  mps  0.00 GB
step   1145  rss  1.31 GB  mps  0.00 GB
step   1155  rss  1.27 GB  mps  0.00 GB
step   1165  rss  1.62 GB  mps  0.00 GB
step   1175  rss  1.21 GB  mps  0.00 GB
epoch 6 train time 48.2 s
step   1184  rss  1.41 GB  mps  0.00 GB
step   1194  rss  1.35 GB  mps  0.00 GB
step   1204  rss  1.36 GB  mps  0.00 GB
step   1214  rss  1.39 GB  mps  0.00 GB
step   1224  rss  1.43 GB  mps  0.00 GB
step   1234  rss  1.56 GB  mps  0.00 GB
step   1244  rss  1.06 GB  mps  0.00 GB
step   1254  rss  1.50 GB  mps  0.00 GB
step   1264  rss  1.49 GB  mps  0.00 GB
step   1274  rss  1.56 GB  mps  0.00 GB
step   1284  rss  1.13 GB  mps  0.00 GB
step   1294  rss  1.25 GB  mps  0.00 GB
step   1304  rss  1.18 GB  mps  0.00 GB
step   1314  rss  1.38 GB  mps  0.00 GB
step   1324  rss  1.25 GB  mps  0.00 GB
step   1334  rss  1.36 GB  mps  0.00 GB
step   1344  rss  1.33 GB  mps  0.00 GB
epoch 7 train time 46.9 s
step   1353  rss  1.32 GB  mps  0.00 GB
step   1363  rss  1.37 GB  mps  0.00 GB
step   1373  rss  1.53 GB  mps  0.00 GB
step   1383  rss  1.68 GB  mps  0.00 GB
step   1393  rss  1.37 GB  mps  0.00 GB
step   1403  rss  1.26 GB  mps  0.00 GB
step   1413  rss  1.53 GB  mps  0.00 GB
step   1423  rss  1.18 GB  mps  0.00 GB
step   1433  rss  1.42 GB  mps  0.00 GB
step   1443  rss  1.22 GB  mps  0.00 GB
step   1453  rss  1.39 GB  mps  0.00 GB
step   1463  rss  1.49 GB  mps  0.00 GB
step   1473  rss  1.88 GB  mps  0.00 GB
step   1483  rss  1.55 GB  mps  0.00 GB
step   1493  rss  1.55 GB  mps  0.00 GB
step   1503  rss  1.56 GB  mps  0.00 GB
step   1513  rss  1.40 GB  mps  0.00 GB
epoch 8 train time 47.3 s
step   1522  rss  1.45 GB  mps  0.00 GB
step   1532  rss  1.70 GB  mps  0.00 GB
step   1542  rss  1.29 GB  mps  0.00 GB
step   1552  rss  1.74 GB  mps  0.00 GB
step   1562  rss  1.80 GB  mps  0.00 GB
step   1572  rss  1.54 GB  mps  0.00 GB
step   1582  rss  1.53 GB  mps  0.00 GB
step   1592  rss  1.37 GB  mps  0.00 GB
step   1602  rss  1.82 GB  mps  0.00 GB
step   1612  rss  1.60 GB  mps  0.00 GB
step   1622  rss  1.42 GB  mps  0.00 GB
step   1632  rss  1.48 GB  mps  0.00 GB
step   1642  rss  1.50 GB  mps  0.00 GB
step   1652  rss  1.77 GB  mps  0.00 GB
step   1662  rss  1.75 GB  mps  0.00 GB
step   1672  rss  1.38 GB  mps  0.00 GB
step   1682  rss  1.55 GB  mps  0.00 GB
epoch 9 train time 47.3 s
step   1691  rss  1.59 GB  mps  0.00 GB
step   1701  rss  1.78 GB  mps  0.00 GB
step   1711  rss  1.51 GB  mps  0.00 GB
step   1721  rss  1.67 GB  mps  0.00 GB
step   1731  rss  1.38 GB  mps  0.00 GB
step   1741  rss  1.72 GB  mps  0.00 GB
step   1751  rss  1.39 GB  mps  0.00 GB
step   1761  rss  1.42 GB  mps  0.00 GB
step   1771  rss  1.24 GB  mps  0.00 GB
step   1781  rss  1.66 GB  mps  0.00 GB
step   1791  rss  1.30 GB  mps  0.00 GB
step   1801  rss  1.18 GB  mps  0.00 GB
step   1811  rss  1.05 GB  mps  0.00 GB
step   1821  rss  1.00 GB  mps  0.00 GB
step   1831  rss  1.35 GB  mps  0.00 GB
step   1841  rss  1.57 GB  mps  0.00 GB
step   1851  rss  1.55 GB  mps  0.00 GB
epoch 10 train time 49.1 s
step   1860  rss  1.38 GB  mps  0.00 GB
step   1870  rss  1.26 GB  mps  0.00 GB
step   1880  rss  1.38 GB  mps  0.00 GB
step   1890  rss  1.15 GB  mps  0.00 GB
step   1900  rss  1.48 GB  mps  0.00 GB
step   1910  rss  1.45 GB  mps  0.00 GB
step   1920  rss  1.46 GB  mps  0.00 GB
step   1930  rss  1.31 GB  mps  0.00 GB
step   1940  rss  1.69 GB  mps  0.00 GB
step   1950  rss  1.44 GB  mps  0.00 GB
step   1960  rss  1.25 GB  mps  0.00 GB
step   1970  rss  1.38 GB  mps  0.00 GB
step   1980  rss  1.36 GB  mps  0.00 GB
step   1990  rss  1.03 GB  mps  0.00 GB
step   2000  rss  1.41 GB  mps  0.00 GB
step   2010  rss  1.39 GB  mps  0.00 GB
step   2020  rss  1.43 GB  mps  0.00 GB
epoch 11 train time 46.1 s
step   2029  rss  1.30 GB  mps  0.00 GB
step   2039  rss  1.27 GB  mps  0.00 GB
step   2049  rss  1.44 GB  mps  0.00 GB
step   2059  rss  0.92 GB  mps  0.00 GB
step   2069  rss  1.42 GB  mps  0.00 GB
step   2079  rss  1.31 GB  mps  0.00 GB
step   2089  rss  0.87 GB  mps  0.00 GB
step   2099  rss  1.55 GB  mps  0.00 GB
step   2109  rss  1.41 GB  mps  0.00 GB
step   2119  rss  1.25 GB  mps  0.00 GB
step   2129  rss  1.41 GB  mps  0.00 GB
step   2139  rss  1.31 GB  mps  0.00 GB
step   2149  rss  1.55 GB  mps  0.00 GB
step   2159  rss  1.13 GB  mps  0.00 GB
step   2169  rss  1.59 GB  mps  0.00 GB
step   2179  rss  1.65 GB  mps  0.00 GB
step   2189  rss  1.18 GB  mps  0.00 GB
epoch 12 train time 46.0 s
step   2198  rss  1.44 GB  mps  0.00 GB
step   2208  rss  1.36 GB  mps  0.00 GB
step   2218  rss  1.15 GB  mps  0.00 GB
step   2228  rss  1.54 GB  mps  0.00 GB
step   2238  rss  1.19 GB  mps  0.00 GB
step   2248  rss  1.05 GB  mps  0.00 GB
step   2258  rss  1.27 GB  mps  0.00 GB
step   2268  rss  1.36 GB  mps  0.00 GB
step   2278  rss  1.34 GB  mps  0.00 GB
step   2288  rss  1.37 GB  mps  0.00 GB
step   2298  rss  1.29 GB  mps  0.00 GB
step   2308  rss  1.65 GB  mps  0.00 GB
step   2318  rss  1.55 GB  mps  0.00 GB
step   2328  rss  1.49 GB  mps  0.00 GB
step   2338  rss  1.06 GB  mps  0.00 GB
step   2348  rss  1.02 GB  mps  0.00 GB
step   2358  rss  1.34 GB  mps  0.00 GB
epoch 13 train time 46.4 s
step   2367  rss  1.40 GB  mps  0.00 GB
step   2377  rss  1.62 GB  mps  0.00 GB
step   2387  rss  1.19 GB  mps  0.00 GB
step   2397  rss  0.94 GB  mps  0.00 GB
step   2407  rss  1.38 GB  mps  0.00 GB
step   2417  rss  1.18 GB  mps  0.00 GB
step   2427  rss  1.22 GB  mps  0.00 GB
step   2437  rss  1.20 GB  mps  0.00 GB
step   2447  rss  1.20 GB  mps  0.00 GB
step   2457  rss  1.19 GB  mps  0.00 GB
step   2467  rss  1.16 GB  mps  0.00 GB
step   2477  rss  1.26 GB  mps  0.00 GB
step   2487  rss  1.38 GB  mps  0.00 GB
step   2497  rss  1.16 GB  mps  0.00 GB
step   2507  rss  1.36 GB  mps  0.00 GB
step   2517  rss  1.47 GB  mps  0.00 GB
step   2527  rss  1.39 GB  mps  0.00 GB
epoch 14 train time 46.4 s
step   2536  rss  1.31 GB  mps  0.00 GB
step   2546  rss  1.19 GB  mps  0.00 GB
step   2556  rss  1.65 GB  mps  0.00 GB
step   2566  rss  1.29 GB  mps  0.00 GB
step   2576  rss  1.57 GB  mps  0.00 GB
step   2586  rss  1.34 GB  mps  0.00 GB
step   2596  rss  1.11 GB  mps  0.00 GB
step   2606  rss  1.19 GB  mps  0.00 GB
step   2616  rss  1.33 GB  mps  0.00 GB
step   2626  rss  1.21 GB  mps  0.00 GB
step   2636  rss  1.21 GB  mps  0.00 GB
step   2646  rss  1.66 GB  mps  0.00 GB
step   2656  rss  1.17 GB  mps  0.00 GB
step   2666  rss  1.32 GB  mps  0.00 GB
step   2676  rss  1.26 GB  mps  0.00 GB
step   2686  rss  1.34 GB  mps  0.00 GB
step   2696  rss  1.10 GB  mps  0.00 GB
epoch 15 train time 47.2 s
step   2705  rss  1.40 GB  mps  0.00 GB
step   2715  rss  1.25 GB  mps  0.00 GB
step   2725  rss  1.53 GB  mps  0.00 GB
step   2735  rss  1.18 GB  mps  0.00 GB
step   2745  rss  1.44 GB  mps  0.00 GB
step   2755  rss  1.18 GB  mps  0.00 GB
step   2765  rss  1.31 GB  mps  0.00 GB
step   2775  rss  1.37 GB  mps  0.00 GB
step   2785  rss  1.34 GB  mps  0.00 GB
step   2795  rss  1.34 GB  mps  0.00 GB
step   2805  rss  1.32 GB  mps  0.00 GB
step   2815  rss  1.42 GB  mps  0.00 GB
step   2825  rss  1.35 GB  mps  0.00 GB
step   2835  rss  0.79 GB  mps  0.00 GB
step   2845  rss  1.24 GB  mps  0.00 GB
step   2855  rss  1.53 GB  mps  0.00 GB
step   2865  rss  1.41 GB  mps  0.00 GB
epoch 16 train time 46.4 s
step   2874  rss  1.40 GB  mps  0.00 GB
step   2884  rss  1.21 GB  mps  0.00 GB
step   2894  rss  1.31 GB  mps  0.00 GB
step   2904  rss  1.40 GB  mps  0.00 GB
step   2914  rss  1.15 GB  mps  0.00 GB
step   2924  rss  1.09 GB  mps  0.00 GB
step   2934  rss  1.38 GB  mps  0.00 GB
step   2944  rss  1.23 GB  mps  0.00 GB
step   2954  rss  1.31 GB  mps  0.00 GB
step   2964  rss  1.23 GB  mps  0.00 GB
step   2974  rss  1.56 GB  mps  0.00 GB
step   2984  rss  1.22 GB  mps  0.00 GB
step   2994  rss  1.60 GB  mps  0.00 GB
step   3004  rss  1.08 GB  mps  0.00 GB
step   3014  rss  1.18 GB  mps  0.00 GB
step   3024  rss  1.59 GB  mps  0.00 GB
step   3034  rss  1.54 GB  mps  0.00 GB
epoch 17 train time 46.5 s
step   3043  rss  1.28 GB  mps  0.00 GB
step   3053  rss  1.38 GB  mps  0.00 GB
step   3063  rss  1.24 GB  mps  0.00 GB
step   3073  rss  1.32 GB  mps  0.00 GB
step   3083  rss  1.18 GB  mps  0.00 GB
step   3093  rss  1.51 GB  mps  0.00 GB
step   3103  rss  1.31 GB  mps  0.00 GB
step   3113  rss  1.46 GB  mps  0.00 GB
step   3123  rss  1.10 GB  mps  0.00 GB
step   3133  rss  1.19 GB  mps  0.00 GB
step   3143  rss  1.03 GB  mps  0.00 GB
step   3153  rss  1.69 GB  mps  0.00 GB
step   3163  rss  1.64 GB  mps  0.00 GB
step   3173  rss  1.10 GB  mps  0.00 GB
step   3183  rss  1.39 GB  mps  0.00 GB
step   3193  rss  1.39 GB  mps  0.00 GB
step   3203  rss  1.53 GB  mps  0.00 GB
epoch 18 train time 46.4 s
step   3212  rss  1.13 GB  mps  0.00 GB
step   3222  rss  1.51 GB  mps  0.00 GB
step   3232  rss  1.29 GB  mps  0.00 GB
step   3242  rss  1.24 GB  mps  0.00 GB
step   3252  rss  1.19 GB  mps  0.00 GB
step   3262  rss  1.59 GB  mps  0.00 GB
step   3272  rss  1.26 GB  mps  0.00 GB
step   3282  rss  1.19 GB  mps  0.00 GB
step   3292  rss  1.76 GB  mps  0.00 GB
step   3302  rss  1.33 GB  mps  0.00 GB
step   3312  rss  1.48 GB  mps  0.00 GB
step   3322  rss  1.23 GB  mps  0.00 GB
step   3332  rss  1.48 GB  mps  0.00 GB
step   3342  rss  1.28 GB  mps  0.00 GB
step   3352  rss  1.21 GB  mps  0.00 GB
step   3362  rss  1.12 GB  mps  0.00 GB
step   3372  rss  1.12 GB  mps  0.00 GB
epoch 19 train time 46.2 s
step   3381  rss  1.35 GB  mps  0.00 GB
step   3391  rss  1.67 GB  mps  0.00 GB
step   3401  rss  1.11 GB  mps  0.00 GB
step   3411  rss  1.25 GB  mps  0.00 GB
step   3421  rss  1.00 GB  mps  0.00 GB
step   3431  rss  1.12 GB  mps  0.00 GB
step   3441  rss  1.45 GB  mps  0.00 GB
step   3451  rss  1.03 GB  mps  0.00 GB
step   3461  rss  1.30 GB  mps  0.00 GB
step   3471  rss  1.10 GB  mps  0.00 GB
step   3481  rss  1.30 GB  mps  0.00 GB
step   3491  rss  1.54 GB  mps  0.00 GB
step   3501  rss  1.33 GB  mps  0.00 GB
step   3511  rss  1.57 GB  mps  0.00 GB
step   3521  rss  1.51 GB  mps  0.00 GB
step   3531  rss  1.29 GB  mps  0.00 GB
step   3541  rss  1.45 GB  mps  0.00 GB
epoch 20 train time 47.0 s
step   3550  rss  1.11 GB  mps  0.00 GB
step   3560  rss  1.36 GB  mps  0.00 GB
step   3570  rss  1.34 GB  mps  0.00 GB
step   3580  rss  1.28 GB  mps  0.00 GB
step   3590  rss  1.44 GB  mps  0.00 GB
step   3600  rss  1.20 GB  mps  0.00 GB
step   3610  rss  1.45 GB  mps  0.00 GB
step   3620  rss  1.21 GB  mps  0.00 GB
step   3630  rss  1.37 GB  mps  0.00 GB
step   3640  rss  1.38 GB  mps  0.00 GB
step   3650  rss  1.60 GB  mps  0.00 GB
step   3660  rss  1.22 GB  mps  0.00 GB
step   3670  rss  1.66 GB  mps  0.00 GB
step   3680  rss  1.66 GB  mps  0.00 GB
step   3690  rss  1.35 GB  mps  0.00 GB
step   3700  rss  1.22 GB  mps  0.00 GB
step   3710  rss  0.98 GB  mps  0.00 GB
epoch 21 train time 47.4 s
step   3719  rss  1.51 GB  mps  0.00 GB
step   3729  rss  1.33 GB  mps  0.00 GB
step   3739  rss  1.18 GB  mps  0.00 GB
step   3749  rss  1.61 GB  mps  0.00 GB
step   3759  rss  1.19 GB  mps  0.00 GB
step   3769  rss  1.43 GB  mps  0.00 GB
step   3779  rss  1.04 GB  mps  0.00 GB
step   3789  rss  1.17 GB  mps  0.00 GB
step   3799  rss  1.60 GB  mps  0.00 GB
step   3809  rss  1.37 GB  mps  0.00 GB
step   3819  rss  1.37 GB  mps  0.00 GB
step   3829  rss  1.08 GB  mps  0.00 GB
step   3839  rss  1.48 GB  mps  0.00 GB
step   3849  rss  1.60 GB  mps  0.00 GB
step   3859  rss  1.44 GB  mps  0.00 GB
step   3869  rss  1.26 GB  mps  0.00 GB
step   3879  rss  1.24 GB  mps  0.00 GB
epoch 22 train time 47.7 s
step   3888  rss  1.34 GB  mps  0.00 GB
step   3898  rss  1.42 GB  mps  0.00 GB
step   3908  rss  1.55 GB  mps  0.00 GB
step   3918  rss  1.05 GB  mps  0.00 GB
step   3928  rss  1.13 GB  mps  0.00 GB
step   3938  rss  1.49 GB  mps  0.00 GB
step   3948  rss  1.35 GB  mps  0.00 GB
step   3958  rss  1.14 GB  mps  0.00 GB
step   3968  rss  0.94 GB  mps  0.00 GB
step   3978  rss  1.39 GB  mps  0.00 GB
step   3988  rss  1.39 GB  mps  0.00 GB
step   3998  rss  1.40 GB  mps  0.00 GB
step   4008  rss  1.59 GB  mps  0.00 GB
step   4018  rss  1.28 GB  mps  0.00 GB
step   4028  rss  1.51 GB  mps  0.00 GB
step   4038  rss  1.78 GB  mps  0.00 GB
step   4048  rss  1.72 GB  mps  0.00 GB
epoch 23 train time 47.6 s
step   4057  rss  0.97 GB  mps  0.00 GB
step   4067  rss  1.66 GB  mps  0.00 GB
step   4077  rss  1.16 GB  mps  0.00 GB
step   4087  rss  1.25 GB  mps  0.00 GB
step   4097  rss  1.52 GB  mps  0.00 GB
step   4107  rss  1.49 GB  mps  0.00 GB
step   4117  rss  1.21 GB  mps  0.00 GB
step   4127  rss  1.55 GB  mps  0.00 GB
step   4137  rss  1.43 GB  mps  0.00 GB
step   4147  rss  1.12 GB  mps  0.00 GB
step   4157  rss  1.01 GB  mps  0.00 GB
step   4167  rss  1.13 GB  mps  0.00 GB
step   4177  rss  1.34 GB  mps  0.00 GB
step   4187  rss  1.25 GB  mps  0.00 GB
step   4197  rss  1.25 GB  mps  0.00 GB
step   4207  rss  1.63 GB  mps  0.00 GB
step   4217  rss  1.01 GB  mps  0.00 GB
epoch 24 train time 47.8 s
step   4226  rss  1.42 GB  mps  0.00 GB
step   4236  rss  1.14 GB  mps  0.00 GB
step   4246  rss  1.27 GB  mps  0.00 GB
step   4256  rss  1.69 GB  mps  0.00 GB
step   4266  rss  1.19 GB  mps  0.00 GB
step   4276  rss  1.74 GB  mps  0.00 GB
step   4286  rss  1.55 GB  mps  0.00 GB
step   4296  rss  1.39 GB  mps  0.00 GB
step   4306  rss  1.43 GB  mps  0.00 GB
step   4316  rss  1.38 GB  mps  0.00 GB
step   4326  rss  1.36 GB  mps  0.00 GB
step   4336  rss  1.16 GB  mps  0.00 GB
step   4346  rss  1.28 GB  mps  0.00 GB
step   4356  rss  1.18 GB  mps  0.00 GB
step   4366  rss  1.29 GB  mps  0.00 GB
step   4376  rss  1.32 GB  mps  0.00 GB
step   4386  rss  1.29 GB  mps  0.00 GB
epoch 25 train time 46.5 s
step   4395  rss  0.97 GB  mps  0.00 GB
step   4405  rss  1.35 GB  mps  0.00 GB
step   4415  rss  1.40 GB  mps  0.00 GB
step   4425  rss  1.48 GB  mps  0.00 GB
step   4435  rss  1.55 GB  mps  0.00 GB
step   4445  rss  1.13 GB  mps  0.00 GB
step   4455  rss  1.21 GB  mps  0.00 GB
step   4465  rss  1.30 GB  mps  0.00 GB
step   4475  rss  1.27 GB  mps  0.00 GB
step   4485  rss  1.75 GB  mps  0.00 GB
step   4495  rss  1.25 GB  mps  0.00 GB
step   4505  rss  1.46 GB  mps  0.00 GB
step   4515  rss  1.17 GB  mps  0.00 GB
step   4525  rss  1.49 GB  mps  0.00 GB
step   4535  rss  1.36 GB  mps  0.00 GB
step   4545  rss  1.28 GB  mps  0.00 GB
step   4555  rss  1.82 GB  mps  0.00 GB
epoch 26 train time 46.4 s
step   4564  rss  1.32 GB  mps  0.00 GB
step   4574  rss  1.41 GB  mps  0.00 GB
step   4584  rss  1.25 GB  mps  0.00 GB
step   4594  rss  0.79 GB  mps  0.00 GB
step   4604  rss  1.31 GB  mps  0.00 GB
step   4614  rss  1.43 GB  mps  0.00 GB
step   4624  rss  1.42 GB  mps  0.00 GB
step   4634  rss  1.38 GB  mps  0.00 GB
step   4644  rss  1.22 GB  mps  0.00 GB
step   4654  rss  1.56 GB  mps  0.00 GB
step   4664  rss  1.21 GB  mps  0.00 GB
step   4674  rss  1.17 GB  mps  0.00 GB
step   4684  rss  1.63 GB  mps  0.00 GB
step   4694  rss  1.60 GB  mps  0.00 GB
step   4704  rss  1.74 GB  mps  0.00 GB
step   4714  rss  1.74 GB  mps  0.00 GB
step   4724  rss  1.25 GB  mps  0.00 GB
epoch 27 train time 47.4 s
step   4733  rss  1.12 GB  mps  0.00 GB
step   4743  rss  1.55 GB  mps  0.00 GB
step   4753  rss  1.37 GB  mps  0.00 GB
step   4763  rss  1.40 GB  mps  0.00 GB
step   4773  rss  1.39 GB  mps  0.00 GB
step   4783  rss  1.40 GB  mps  0.00 GB
step   4793  rss  1.38 GB  mps  0.00 GB
step   4803  rss  1.64 GB  mps  0.00 GB
step   4813  rss  1.72 GB  mps  0.00 GB
step   4823  rss  1.20 GB  mps  0.00 GB
step   4833  rss  1.39 GB  mps  0.00 GB
step   4843  rss  1.14 GB  mps  0.00 GB
step   4853  rss  1.32 GB  mps  0.00 GB
step   4863  rss  1.54 GB  mps  0.00 GB
step   4873  rss  1.11 GB  mps  0.00 GB
step   4883  rss  1.18 GB  mps  0.00 GB
step   4893  rss  1.14 GB  mps  0.00 GB
epoch 28 train time 47.7 s
step   4902  rss  0.92 GB  mps  0.00 GB
step   4912  rss  1.49 GB  mps  0.00 GB
step   4922  rss  1.49 GB  mps  0.00 GB
step   4932  rss  1.11 GB  mps  0.00 GB
step   4942  rss  1.48 GB  mps  0.00 GB
step   4952  rss  1.62 GB  mps  0.00 GB
step   4962  rss  1.10 GB  mps  0.00 GB
step   4972  rss  1.78 GB  mps  0.00 GB
step   4982  rss  1.24 GB  mps  0.00 GB
step   4992  rss  1.32 GB  mps  0.00 GB
step   5002  rss  1.14 GB  mps  0.00 GB
step   5012  rss  1.26 GB  mps  0.00 GB
step   5022  rss  1.18 GB  mps  0.00 GB
step   5032  rss  1.51 GB  mps  0.00 GB
step   5042  rss  1.18 GB  mps  0.00 GB
step   5052  rss  1.22 GB  mps  0.00 GB
step   5062  rss  1.22 GB  mps  0.00 GB
epoch 29 train time 46.3 s
step   5071  rss  1.17 GB  mps  0.00 GB
step   5081  rss  1.33 GB  mps  0.00 GB
step   5091  rss  1.30 GB  mps  0.00 GB
step   5101  rss  1.28 GB  mps  0.00 GB
step   5111  rss  1.28 GB  mps  0.00 GB
step   5121  rss  1.35 GB  mps  0.00 GB
step   5131  rss  1.27 GB  mps  0.00 GB
step   5141  rss  1.30 GB  mps  0.00 GB
step   5151  rss  1.27 GB  mps  0.00 GB
step   5161  rss  1.24 GB  mps  0.00 GB
step   5171  rss  1.15 GB  mps  0.00 GB
step   5181  rss  1.03 GB  mps  0.00 GB
step   5191  rss  1.55 GB  mps  0.00 GB
step   5201  rss  1.67 GB  mps  0.00 GB
step   5211  rss  1.21 GB  mps  0.00 GB
step   5221  rss  1.30 GB  mps  0.00 GB
step   5231  rss  1.24 GB  mps  0.00 GB
epoch 30 train time 47.2 s
step   5240  rss  1.34 GB  mps  0.00 GB
step   5250  rss  1.36 GB  mps  0.00 GB
step   5260  rss  1.27 GB  mps  0.00 GB
step   5270  rss  1.31 GB  mps  0.00 GB
step   5280  rss  1.19 GB  mps  0.00 GB
step   5290  rss  1.30 GB  mps  0.00 GB
step   5300  rss  1.26 GB  mps  0.00 GB
step   5310  rss  0.98 GB  mps  0.00 GB
step   5320  rss  1.51 GB  mps  0.00 GB
step   5330  rss  1.55 GB  mps  0.00 GB
step   5340  rss  1.43 GB  mps  0.00 GB
step   5350  rss  1.63 GB  mps  0.00 GB
step   5360  rss  1.68 GB  mps  0.00 GB
step   5370  rss  1.30 GB  mps  0.00 GB
step   5380  rss  1.61 GB  mps  0.00 GB
step   5390  rss  1.28 GB  mps  0.00 GB
step   5400  rss  1.43 GB  mps  0.00 GB
epoch 31 train time 46.6 s
step   5409  rss  1.38 GB  mps  0.00 GB
step   5419  rss  1.33 GB  mps  0.00 GB
step   5429  rss  1.38 GB  mps  0.00 GB
step   5439  rss  1.19 GB  mps  0.00 GB
step   5449  rss  1.14 GB  mps  0.00 GB
step   5459  rss  1.37 GB  mps  0.00 GB
step   5469  rss  1.12 GB  mps  0.00 GB
step   5479  rss  1.05 GB  mps  0.00 GB
step   5489  rss  1.38 GB  mps  0.00 GB
step   5499  rss  1.60 GB  mps  0.00 GB
step   5509  rss  1.22 GB  mps  0.00 GB
step   5519  rss  1.32 GB  mps  0.00 GB
step   5529  rss  1.24 GB  mps  0.00 GB
step   5539  rss  1.45 GB  mps  0.00 GB
step   5549  rss  1.32 GB  mps  0.00 GB
step   5559  rss  1.37 GB  mps  0.00 GB
step   5569  rss  1.23 GB  mps  0.00 GB
epoch 32 train time 47.0 s
step   5578  rss  1.35 GB  mps  0.00 GB
step   5588  rss  1.26 GB  mps  0.00 GB
step   5598  rss  1.13 GB  mps  0.00 GB
step   5608  rss  1.42 GB  mps  0.00 GB
step   5618  rss  1.47 GB  mps  0.00 GB
step   5628  rss  1.29 GB  mps  0.00 GB
step   5638  rss  1.26 GB  mps  0.00 GB
step   5648  rss  1.31 GB  mps  0.00 GB
step   5658  rss  1.55 GB  mps  0.00 GB
step   5668  rss  1.12 GB  mps  0.00 GB
step   5678  rss  1.38 GB  mps  0.00 GB
step   5688  rss  1.44 GB  mps  0.00 GB
step   5698  rss  1.38 GB  mps  0.00 GB
step   5708  rss  1.33 GB  mps  0.00 GB
step   5718  rss  1.31 GB  mps  0.00 GB
step   5728  rss  1.44 GB  mps  0.00 GB
step   5738  rss  1.24 GB  mps  0.00 GB
epoch 33 train time 46.3 s
step   5747  rss  1.39 GB  mps  0.00 GB
step   5757  rss  1.62 GB  mps  0.00 GB
step   5767  rss  1.54 GB  mps  0.00 GB
step   5777  rss  1.62 GB  mps  0.00 GB
step   5787  rss  1.23 GB  mps  0.00 GB
step   5797  rss  1.31 GB  mps  0.00 GB
step   5807  rss  1.27 GB  mps  0.00 GB
step   5817  rss  1.35 GB  mps  0.00 GB
step   5827  rss  1.50 GB  mps  0.00 GB
step   5837  rss  1.05 GB  mps  0.00 GB
step   5847  rss  1.13 GB  mps  0.00 GB
step   5857  rss  1.33 GB  mps  0.00 GB
step   5867  rss  1.45 GB  mps  0.00 GB
step   5877  rss  1.30 GB  mps  0.00 GB
step   5887  rss  1.27 GB  mps  0.00 GB
step   5897  rss  1.23 GB  mps  0.00 GB
step   5907  rss  1.32 GB  mps  0.00 GB
epoch 34 train time 47.1 s
step   5916  rss  1.28 GB  mps  0.00 GB
step   5926  rss  1.50 GB  mps  0.00 GB
step   5936  rss  1.26 GB  mps  0.00 GB
step   5946  rss  1.34 GB  mps  0.00 GB
step   5956  rss  1.50 GB  mps  0.00 GB
step   5966  rss  1.55 GB  mps  0.00 GB
step   5976  rss  1.54 GB  mps  0.00 GB
step   5986  rss  1.29 GB  mps  0.00 GB
step   5996  rss  1.15 GB  mps  0.00 GB
step   6006  rss  1.11 GB  mps  0.00 GB
step   6016  rss  1.08 GB  mps  0.00 GB
step   6026  rss  1.44 GB  mps  0.00 GB
step   6036  rss  1.35 GB  mps  0.00 GB
step   6046  rss  1.38 GB  mps  0.00 GB
step   6056  rss  1.31 GB  mps  0.00 GB
step   6066  rss  1.20 GB  mps  0.00 GB
step   6076  rss  1.17 GB  mps  0.00 GB
epoch 35 train time 47.0 s
step   6085  rss  1.40 GB  mps  0.00 GB
step   6095  rss  1.34 GB  mps  0.00 GB
step   6105  rss  1.26 GB  mps  0.00 GB
step   6115  rss  1.39 GB  mps  0.00 GB
step   6125  rss  1.52 GB  mps  0.00 GB
step   6135  rss  1.32 GB  mps  0.00 GB
step   6145  rss  1.52 GB  mps  0.00 GB
step   6155  rss  1.16 GB  mps  0.00 GB
step   6165  rss  1.64 GB  mps  0.00 GB
step   6175  rss  0.97 GB  mps  0.00 GB
step   6185  rss  1.53 GB  mps  0.00 GB
step   6195  rss  1.30 GB  mps  0.00 GB
step   6205  rss  1.10 GB  mps  0.00 GB
step   6215  rss  1.17 GB  mps  0.00 GB
step   6225  rss  1.24 GB  mps  0.00 GB
step   6235  rss  1.21 GB  mps  0.00 GB
step   6245  rss  1.28 GB  mps  0.00 GB
epoch 36 train time 46.1 s
step   6254  rss  1.15 GB  mps  0.00 GB
step   6264  rss  1.36 GB  mps  0.00 GB
step   6274  rss  1.19 GB  mps  0.00 GB
step   6284  rss  1.14 GB  mps  0.00 GB
step   6294  rss  1.10 GB  mps  0.00 GB
step   6304  rss  1.51 GB  mps  0.00 GB
step   6314  rss  1.09 GB  mps  0.00 GB
step   6324  rss  1.20 GB  mps  0.00 GB
step   6334  rss  1.24 GB  mps  0.00 GB
step   6344  rss  1.37 GB  mps  0.00 GB
step   6354  rss  1.27 GB  mps  0.00 GB
step   6364  rss  1.05 GB  mps  0.00 GB
step   6374  rss  1.30 GB  mps  0.00 GB
step   6384  rss  1.10 GB  mps  0.00 GB
step   6394  rss  1.52 GB  mps  0.00 GB
step   6404  rss  1.06 GB  mps  0.00 GB
step   6414  rss  1.68 GB  mps  0.00 GB
epoch 37 train time 47.1 s
step   6423  rss  1.35 GB  mps  0.00 GB
step   6433  rss  1.12 GB  mps  0.00 GB
step   6443  rss  1.47 GB  mps  0.00 GB
step   6453  rss  1.60 GB  mps  0.00 GB
step   6463  rss  1.21 GB  mps  0.00 GB
step   6473  rss  1.37 GB  mps  0.00 GB
step   6483  rss  1.28 GB  mps  0.00 GB
step   6493  rss  1.38 GB  mps  0.00 GB
step   6503  rss  1.25 GB  mps  0.00 GB
step   6513  rss  1.07 GB  mps  0.00 GB
step   6523  rss  1.34 GB  mps  0.00 GB
step   6533  rss  1.37 GB  mps  0.00 GB
step   6543  rss  1.35 GB  mps  0.00 GB
step   6553  rss  1.58 GB  mps  0.00 GB
step   6563  rss  1.29 GB  mps  0.00 GB
step   6573  rss  1.24 GB  mps  0.00 GB
step   6583  rss  1.27 GB  mps  0.00 GB
epoch 38 train time 46.3 s
step   6592  rss  1.19 GB  mps  0.00 GB
step   6602  rss  1.53 GB  mps  0.00 GB
step   6612  rss  1.73 GB  mps  0.00 GB
step   6622  rss  1.26 GB  mps  0.00 GB
step   6632  rss  1.23 GB  mps  0.00 GB
step   6642  rss  1.24 GB  mps  0.00 GB
step   6652  rss  1.25 GB  mps  0.00 GB
step   6662  rss  0.79 GB  mps  0.00 GB
step   6672  rss  1.18 GB  mps  0.00 GB
step   6682  rss  1.35 GB  mps  0.00 GB
step   6692  rss  1.22 GB  mps  0.00 GB
step   6702  rss  1.58 GB  mps  0.00 GB
step   6712  rss  1.28 GB  mps  0.00 GB
step   6722  rss  1.20 GB  mps  0.00 GB
step   6732  rss  1.36 GB  mps  0.00 GB
step   6742  rss  1.83 GB  mps  0.00 GB
step   6752  rss  1.35 GB  mps  0.00 GB
epoch 39 train time 46.2 s
step   6761  rss  1.45 GB  mps  0.00 GB
step   6771  rss  1.30 GB  mps  0.00 GB
step   6781  rss  1.24 GB  mps  0.00 GB
step   6791  rss  1.21 GB  mps  0.00 GB
step   6801  rss  1.19 GB  mps  0.00 GB
step   6811  rss  1.49 GB  mps  0.00 GB
step   6821  rss  1.34 GB  mps  0.00 GB
step   6831  rss  1.31 GB  mps  0.00 GB
step   6841  rss  1.21 GB  mps  0.00 GB
step   6851  rss  1.44 GB  mps  0.00 GB
step   6861  rss  1.53 GB  mps  0.00 GB
step   6871  rss  1.52 GB  mps  0.00 GB
step   6881  rss  1.70 GB  mps  0.00 GB
step   6891  rss  1.07 GB  mps  0.00 GB
step   6901  rss  1.16 GB  mps  0.00 GB
step   6911  rss  1.41 GB  mps  0.00 GB
step   6921  rss  1.27 GB  mps  0.00 GB
epoch 40 train time 46.2 s
step   6930  rss  1.28 GB  mps  0.00 GB
step   6940  rss  1.41 GB  mps  0.00 GB
step   6950  rss  1.12 GB  mps  0.00 GB
step   6960  rss  1.13 GB  mps  0.00 GB
step   6970  rss  1.32 GB  mps  0.00 GB
step   6980  rss  1.19 GB  mps  0.00 GB
step   6990  rss  1.65 GB  mps  0.00 GB
step   7000  rss  1.25 GB  mps  0.00 GB
step   7010  rss  1.24 GB  mps  0.00 GB
step   7020  rss  1.45 GB  mps  0.00 GB
step   7030  rss  1.21 GB  mps  0.00 GB
step   7040  rss  1.67 GB  mps  0.00 GB
step   7050  rss  1.16 GB  mps  0.00 GB
step   7060  rss  1.16 GB  mps  0.00 GB
step   7070  rss  1.26 GB  mps  0.00 GB
step   7080  rss  1.63 GB  mps  0.00 GB
step   7090  rss  1.51 GB  mps  0.00 GB
epoch 41 train time 49.0 s
step   7099  rss  1.43 GB  mps  0.00 GB
step   7109  rss  1.68 GB  mps  0.00 GB
step   7119  rss  1.25 GB  mps  0.00 GB
step   7129  rss  1.25 GB  mps  0.00 GB
step   7139  rss  1.28 GB  mps  0.00 GB
step   7149  rss  1.21 GB  mps  0.00 GB
step   7159  rss  1.46 GB  mps  0.00 GB
step   7169  rss  1.25 GB  mps  0.00 GB
step   7179  rss  1.24 GB  mps  0.00 GB
step   7189  rss  1.46 GB  mps  0.00 GB
step   7199  rss  1.61 GB  mps  0.00 GB
step   7209  rss  1.30 GB  mps  0.00 GB
step   7219  rss  1.42 GB  mps  0.00 GB
step   7229  rss  1.26 GB  mps  0.00 GB
step   7239  rss  1.17 GB  mps  0.00 GB
step   7249  rss  1.21 GB  mps  0.00 GB
step   7259  rss  1.45 GB  mps  0.00 GB
epoch 42 train time 47.4 s
step   7268  rss  1.30 GB  mps  0.00 GB
step   7278  rss  1.35 GB  mps  0.00 GB
step   7288  rss  1.35 GB  mps  0.00 GB
step   7298  rss  1.32 GB  mps  0.00 GB
step   7308  rss  1.22 GB  mps  0.00 GB
step   7318  rss  1.33 GB  mps  0.00 GB
step   7328  rss  1.24 GB  mps  0.00 GB
step   7338  rss  1.31 GB  mps  0.00 GB
step   7348  rss  1.15 GB  mps  0.00 GB
step   7358  rss  1.38 GB  mps  0.00 GB
step   7368  rss  1.24 GB  mps  0.00 GB
step   7378  rss  1.48 GB  mps  0.00 GB
step   7388  rss  1.37 GB  mps  0.00 GB
step   7398  rss  0.92 GB  mps  0.00 GB
step   7408  rss  1.29 GB  mps  0.00 GB
step   7418  rss  1.40 GB  mps  0.00 GB
step   7428  rss  1.24 GB  mps  0.00 GB
epoch 43 train time 47.2 s
step   7437  rss  1.40 GB  mps  0.00 GB
step   7447  rss  1.53 GB  mps  0.00 GB
step   7457  rss  1.26 GB  mps  0.00 GB
step   7467  rss  1.35 GB  mps  0.00 GB
step   7477  rss  1.18 GB  mps  0.00 GB
step   7487  rss  1.67 GB  mps  0.00 GB
step   7497  rss  1.23 GB  mps  0.00 GB
step   7507  rss  1.27 GB  mps  0.00 GB
step   7517  rss  1.17 GB  mps  0.00 GB
step   7527  rss  1.37 GB  mps  0.00 GB
step   7537  rss  1.12 GB  mps  0.00 GB
step   7547  rss  1.37 GB  mps  0.00 GB
step   7557  rss  1.40 GB  mps  0.00 GB
step   7567  rss  1.03 GB  mps  0.00 GB
step   7577  rss  1.37 GB  mps  0.00 GB
step   7587  rss  1.31 GB  mps  0.00 GB
step   7597  rss  1.45 GB  mps  0.00 GB
epoch 44 train time 47.3 s
step   7606  rss  1.04 GB  mps  0.00 GB
step   7616  rss  1.26 GB  mps  0.00 GB
step   7626  rss  1.31 GB  mps  0.00 GB
step   7636  rss  1.31 GB  mps  0.00 GB
step   7646  rss  1.36 GB  mps  0.00 GB
step   7656  rss  1.32 GB  mps  0.00 GB
step   7666  rss  1.07 GB  mps  0.00 GB
step   7676  rss  1.50 GB  mps  0.00 GB
step   7686  rss  1.07 GB  mps  0.00 GB
step   7696  rss  1.36 GB  mps  0.00 GB
step   7706  rss  0.85 GB  mps  0.00 GB
step   7716  rss  1.41 GB  mps  0.00 GB
step   7726  rss  1.33 GB  mps  0.00 GB
step   7736  rss  1.31 GB  mps  0.00 GB
step   7746  rss  1.30 GB  mps  0.00 GB
step   7756  rss  1.09 GB  mps  0.00 GB
step   7766  rss  1.19 GB  mps  0.00 GB
epoch 45 train time 49.0 s
step   7775  rss  1.05 GB  mps  0.00 GB
step   7785  rss  1.30 GB  mps  0.00 GB
step   7795  rss  1.53 GB  mps  0.00 GB
step   7805  rss  1.43 GB  mps  0.00 GB
step   7815  rss  1.41 GB  mps  0.00 GB
step   7825  rss  1.48 GB  mps  0.00 GB
step   7835  rss  1.42 GB  mps  0.00 GB
step   7845  rss  1.64 GB  mps  0.00 GB
step   7855  rss  1.57 GB  mps  0.00 GB
step   7865  rss  1.48 GB  mps  0.00 GB
step   7875  rss  1.30 GB  mps  0.00 GB
step   7885  rss  1.39 GB  mps  0.00 GB
step   7895  rss  1.39 GB  mps  0.00 GB
step   7905  rss  1.17 GB  mps  0.00 GB
step   7915  rss  1.13 GB  mps  0.00 GB
step   7925  rss  1.05 GB  mps  0.00 GB
step   7935  rss  1.07 GB  mps  0.00 GB
epoch 46 train time 48.7 s
step   7944  rss  1.21 GB  mps  0.00 GB
step   7954  rss  1.11 GB  mps  0.00 GB
step   7964  rss  1.53 GB  mps  0.00 GB
step   7974  rss  1.10 GB  mps  0.00 GB
step   7984  rss  1.12 GB  mps  0.00 GB
step   7994  rss  1.68 GB  mps  0.00 GB
step   8004  rss  1.62 GB  mps  0.00 GB
step   8014  rss  1.10 GB  mps  0.00 GB
step   8024  rss  1.20 GB  mps  0.00 GB
step   8034  rss  1.74 GB  mps  0.00 GB
step   8044  rss  1.58 GB  mps  0.00 GB
step   8054  rss  1.27 GB  mps  0.00 GB
step   8064  rss  1.10 GB  mps  0.00 GB
step   8074  rss  1.43 GB  mps  0.00 GB
step   8084  rss  1.43 GB  mps  0.00 GB
step   8094  rss  1.30 GB  mps  0.00 GB
step   8104  rss  1.45 GB  mps  0.00 GB
epoch 47 train time 47.3 s
step   8113  rss  1.26 GB  mps  0.00 GB
step   8123  rss  1.32 GB  mps  0.00 GB
step   8133  rss  1.20 GB  mps  0.00 GB
step   8143  rss  1.42 GB  mps  0.00 GB
step   8153  rss  1.24 GB  mps  0.00 GB
step   8163  rss  1.35 GB  mps  0.00 GB
step   8173  rss  1.53 GB  mps  0.00 GB
step   8183  rss  1.34 GB  mps  0.00 GB
step   8193  rss  1.50 GB  mps  0.00 GB
step   8203  rss  1.58 GB  mps  0.00 GB
step   8213  rss  1.33 GB  mps  0.00 GB
step   8223  rss  1.19 GB  mps  0.00 GB
step   8233  rss  1.06 GB  mps  0.00 GB
step   8243  rss  1.23 GB  mps  0.00 GB
step   8253  rss  1.15 GB  mps  0.00 GB
step   8263  rss  1.51 GB  mps  0.00 GB
step   8273  rss  1.23 GB  mps  0.00 GB
epoch 48 train time 47.2 s
step   8282  rss  1.33 GB  mps  0.00 GB
step   8292  rss  1.37 GB  mps  0.00 GB
step   8302  rss  1.68 GB  mps  0.00 GB
step   8312  rss  1.65 GB  mps  0.00 GB
step   8322  rss  1.30 GB  mps  0.00 GB
step   8332  rss  1.19 GB  mps  0.00 GB
step   8342  rss  1.18 GB  mps  0.00 GB
step   8352  rss  1.13 GB  mps  0.00 GB
step   8362  rss  0.88 GB  mps  0.00 GB
step   8372  rss  1.37 GB  mps  0.00 GB
step   8382  rss  1.35 GB  mps  0.00 GB
step   8392  rss  1.12 GB  mps  0.00 GB
step   8402  rss  1.15 GB  mps  0.00 GB
step   8412  rss  1.19 GB  mps  0.00 GB
step   8422  rss  1.20 GB  mps  0.00 GB
step   8432  rss  1.44 GB  mps  0.00 GB
step   8442  rss  1.37 GB  mps  0.00 GB
epoch 49 train time 47.2 s
step   8451  rss  1.40 GB  mps  0.00 GB
step   8461  rss  1.46 GB  mps  0.00 GB
step   8471  rss  1.37 GB  mps  0.00 GB
step   8481  rss  1.49 GB  mps  0.00 GB
step   8491  rss  1.33 GB  mps  0.00 GB
step   8501  rss  1.38 GB  mps  0.00 GB
step   8511  rss  1.62 GB  mps  0.00 GB
step   8521  rss  1.27 GB  mps  0.00 GB
step   8531  rss  1.20 GB  mps  0.00 GB
step   8541  rss  1.21 GB  mps  0.00 GB
step   8551  rss  1.23 GB  mps  0.00 GB
step   8561  rss  1.31 GB  mps  0.00 GB
step   8571  rss  1.16 GB  mps  0.00 GB
step   8581  rss  1.46 GB  mps  0.00 GB
step   8591  rss  1.48 GB  mps  0.00 GB
step   8601  rss  1.30 GB  mps  0.00 GB
step   8611  rss  1.68 GB  mps  0.00 GB
epoch 50 train time 47.1 s
step   8620  rss  1.42 GB  mps  0.00 GB
step   8630  rss  1.26 GB  mps  0.00 GB
step   8640  rss  1.35 GB  mps  0.00 GB
step   8650  rss  1.34 GB  mps  0.00 GB
step   8660  rss  1.16 GB  mps  0.00 GB
step   8670  rss  1.60 GB  mps  0.00 GB
step   8680  rss  1.35 GB  mps  0.00 GB
step   8690  rss  1.60 GB  mps  0.00 GB
step   8700  rss  1.33 GB  mps  0.00 GB
step   8710  rss  1.11 GB  mps  0.00 GB
step   8720  rss  1.42 GB  mps  0.00 GB
step   8730  rss  1.37 GB  mps  0.00 GB
step   8740  rss  1.22 GB  mps  0.00 GB
step   8750  rss  1.26 GB  mps  0.00 GB
step   8760  rss  1.22 GB  mps  0.00 GB
step   8770  rss  1.62 GB  mps  0.00 GB
step   8780  rss  1.28 GB  mps  0.00 GB
epoch 51 train time 46.1 s
step   8789  rss  1.33 GB  mps  0.00 GB
step   8799  rss  1.30 GB  mps  0.00 GB
step   8809  rss  1.62 GB  mps  0.00 GB
step   8819  rss  1.48 GB  mps  0.00 GB
step   8829  rss  1.35 GB  mps  0.00 GB
step   8839  rss  1.49 GB  mps  0.00 GB
step   8849  rss  1.15 GB  mps  0.00 GB
step   8859  rss  1.19 GB  mps  0.00 GB
step   8869  rss  1.44 GB  mps  0.00 GB
step   8879  rss  1.40 GB  mps  0.00 GB
step   8889  rss  1.25 GB  mps  0.00 GB
step   8899  rss  1.28 GB  mps  0.00 GB
step   8909  rss  1.32 GB  mps  0.00 GB
step   8919  rss  1.27 GB  mps  0.00 GB
step   8929  rss  1.29 GB  mps  0.00 GB
step   8939  rss  1.14 GB  mps  0.00 GB
step   8949  rss  1.21 GB  mps  0.00 GB
epoch 52 train time 46.9 s
step   8958  rss  1.28 GB  mps  0.00 GB
step   8968  rss  1.33 GB  mps  0.00 GB
step   8978  rss  1.27 GB  mps  0.00 GB
step   8988  rss  1.52 GB  mps  0.00 GB
step   8998  rss  1.45 GB  mps  0.00 GB
step   9008  rss  1.36 GB  mps  0.00 GB
step   9018  rss  1.36 GB  mps  0.00 GB
step   9028  rss  1.36 GB  mps  0.00 GB
step   9038  rss  1.47 GB  mps  0.00 GB
step   9048  rss  1.20 GB  mps  0.00 GB
step   9058  rss  1.31 GB  mps  0.00 GB
step   9068  rss  1.35 GB  mps  0.00 GB
step   9078  rss  0.92 GB  mps  0.00 GB
step   9088  rss  1.23 GB  mps  0.00 GB
step   9098  rss  1.33 GB  mps  0.00 GB
step   9108  rss  1.33 GB  mps  0.00 GB
step   9118  rss  1.49 GB  mps  0.00 GB
epoch 53 train time 46.3 s
step   9127  rss  1.43 GB  mps  0.00 GB
step   9137  rss  1.42 GB  mps  0.00 GB
step   9147  rss  1.11 GB  mps  0.00 GB
step   9157  rss  1.70 GB  mps  0.00 GB
step   9167  rss  1.57 GB  mps  0.00 GB
step   9177  rss  1.24 GB  mps  0.00 GB
step   9187  rss  1.43 GB  mps  0.00 GB
step   9197  rss  1.20 GB  mps  0.00 GB
step   9207  rss  1.33 GB  mps  0.00 GB
step   9217  rss  1.05 GB  mps  0.00 GB
step   9227  rss  1.17 GB  mps  0.00 GB
step   9237  rss  1.31 GB  mps  0.00 GB
step   9247  rss  1.36 GB  mps  0.00 GB
step   9257  rss  1.51 GB  mps  0.00 GB
step   9267  rss  1.31 GB  mps  0.00 GB
step   9277  rss  1.29 GB  mps  0.00 GB
step   9287  rss  1.54 GB  mps  0.00 GB
epoch 54 train time 46.3 s
step   9296  rss  1.46 GB  mps  0.00 GB
step   9306  rss  1.33 GB  mps  0.00 GB
step   9316  rss  1.10 GB  mps  0.00 GB
step   9326  rss  1.33 GB  mps  0.00 GB
step   9336  rss  1.54 GB  mps  0.00 GB
step   9346  rss  1.39 GB  mps  0.00 GB
step   9356  rss  1.12 GB  mps  0.00 GB
step   9366  rss  1.32 GB  mps  0.00 GB
step   9376  rss  1.07 GB  mps  0.00 GB
step   9386  rss  1.16 GB  mps  0.00 GB
step   9396  rss  1.15 GB  mps  0.00 GB
step   9406  rss  1.16 GB  mps  0.00 GB
step   9416  rss  1.25 GB  mps  0.00 GB
step   9426  rss  1.35 GB  mps  0.00 GB
step   9436  rss  1.22 GB  mps  0.00 GB
step   9446  rss  1.20 GB  mps  0.00 GB
step   9456  rss  1.15 GB  mps  0.00 GB
epoch 55 train time 47.2 s
step   9465  rss  1.35 GB  mps  0.00 GB
step   9475  rss  1.64 GB  mps  0.00 GB
step   9485  rss  1.20 GB  mps  0.00 GB
step   9495  rss  1.54 GB  mps  0.00 GB
step   9505  rss  1.53 GB  mps  0.00 GB
step   9515  rss  1.25 GB  mps  0.00 GB
step   9525  rss  1.30 GB  mps  0.00 GB
step   9535  rss  1.17 GB  mps  0.00 GB
step   9545  rss  1.28 GB  mps  0.00 GB
step   9555  rss  1.18 GB  mps  0.00 GB
step   9565  rss  1.46 GB  mps  0.00 GB
step   9575  rss  1.44 GB  mps  0.00 GB
step   9585  rss  1.46 GB  mps  0.00 GB
step   9595  rss  1.48 GB  mps  0.00 GB
step   9605  rss  1.32 GB  mps  0.00 GB
step   9615  rss  1.21 GB  mps  0.00 GB
step   9625  rss  1.57 GB  mps  0.00 GB
epoch 56 train time 46.3 s
step   9634  rss  1.40 GB  mps  0.00 GB
step   9644  rss  1.06 GB  mps  0.00 GB
step   9654  rss  1.45 GB  mps  0.00 GB
step   9664  rss  1.52 GB  mps  0.00 GB
step   9674  rss  1.58 GB  mps  0.00 GB
step   9684  rss  1.29 GB  mps  0.00 GB
step   9694  rss  1.19 GB  mps  0.00 GB
step   9704  rss  1.47 GB  mps  0.00 GB
step   9714  rss  1.65 GB  mps  0.00 GB
step   9724  rss  1.08 GB  mps  0.00 GB
step   9734  rss  1.38 GB  mps  0.00 GB
step   9744  rss  1.49 GB  mps  0.00 GB
step   9754  rss  1.69 GB  mps  0.00 GB
step   9764  rss  1.16 GB  mps  0.00 GB
step   9774  rss  1.14 GB  mps  0.00 GB
step   9784  rss  1.53 GB  mps  0.00 GB
step   9794  rss  1.44 GB  mps  0.00 GB
epoch 57 train time 46.8 s
step   9803  rss  1.45 GB  mps  0.00 GB
step   9813  rss  1.28 GB  mps  0.00 GB
step   9823  rss  1.52 GB  mps  0.00 GB
step   9833  rss  1.43 GB  mps  0.00 GB
step   9843  rss  1.15 GB  mps  0.00 GB
step   9853  rss  1.12 GB  mps  0.00 GB
step   9863  rss  1.21 GB  mps  0.00 GB
step   9873  rss  1.37 GB  mps  0.00 GB
step   9883  rss  1.24 GB  mps  0.00 GB
step   9893  rss  1.29 GB  mps  0.00 GB
step   9903  rss  1.32 GB  mps  0.00 GB
step   9913  rss  1.02 GB  mps  0.00 GB
step   9923  rss  1.46 GB  mps  0.00 GB
step   9933  rss  1.36 GB  mps  0.00 GB
step   9943  rss  1.56 GB  mps  0.00 GB
step   9953  rss  1.62 GB  mps  0.00 GB
step   9963  rss  1.34 GB  mps  0.00 GB
epoch 58 train time 495.2 s
step   9972  rss  1.36 GB  mps  0.00 GB
step   9982  rss  1.46 GB  mps  0.00 GB
step   9992  rss  1.63 GB  mps  0.00 GB
step  10002  rss  1.11 GB  mps  0.00 GB
step  10012  rss  1.55 GB  mps  0.00 GB
step  10022  rss  1.32 GB  mps  0.00 GB
step  10032  rss  1.00 GB  mps  0.00 GB
step  10042  rss  1.29 GB  mps  0.00 GB
step  10052  rss  1.31 GB  mps  0.00 GB
step  10062  rss  1.31 GB  mps  0.00 GB
step  10072  rss  1.38 GB  mps  0.00 GB
step  10082  rss  1.20 GB  mps  0.00 GB
step  10092  rss  1.52 GB  mps  0.00 GB
step  10102  rss  1.51 GB  mps  0.00 GB
step  10112  rss  1.33 GB  mps  0.00 GB
step  10122  rss  1.18 GB  mps  0.00 GB
step  10132  rss  1.19 GB  mps  0.00 GB
epoch 59 train time 47.7 s
step  10141  rss  1.18 GB  mps  0.00 GB
step  10151  rss  0.90 GB  mps  0.00 GB
step  10161  rss  1.52 GB  mps  0.00 GB
step  10171  rss  1.18 GB  mps  0.00 GB
step  10181  rss  1.21 GB  mps  0.00 GB
step  10191  rss  1.11 GB  mps  0.00 GB
step  10201  rss  1.35 GB  mps  0.00 GB
step  10211  rss  1.27 GB  mps  0.00 GB
step  10221  rss  0.91 GB  mps  0.00 GB
step  10231  rss  1.34 GB  mps  0.00 GB
step  10241  rss  1.10 GB  mps  0.00 GB
step  10251  rss  1.24 GB  mps  0.00 GB
step  10261  rss  1.09 GB  mps  0.00 GB
step  10271  rss  1.11 GB  mps  0.00 GB
step  10281  rss  1.67 GB  mps  0.00 GB
step  10291  rss  1.48 GB  mps  0.00 GB
step  10301  rss  1.08 GB  mps  0.00 GB
epoch 60 train time 48.5 s
step  10310  rss  1.31 GB  mps  0.00 GB
step  10320  rss  1.25 GB  mps  0.00 GB
step  10330  rss  1.67 GB  mps  0.00 GB
step  10340  rss  1.61 GB  mps  0.00 GB
step  10350  rss  1.19 GB  mps  0.00 GB
step  10360  rss  1.12 GB  mps  0.00 GB
step  10370  rss  1.36 GB  mps  0.00 GB
step  10380  rss  1.11 GB  mps  0.00 GB
step  10390  rss  1.02 GB  mps  0.00 GB
step  10400  rss  1.73 GB  mps  0.00 GB
step  10410  rss  1.62 GB  mps  0.00 GB
step  10420  rss  1.32 GB  mps  0.00 GB
step  10430  rss  1.34 GB  mps  0.00 GB
step  10440  rss  1.24 GB  mps  0.00 GB
step  10450  rss  1.33 GB  mps  0.00 GB
step  10460  rss  1.44 GB  mps  0.00 GB
step  10470  rss  1.48 GB  mps  0.00 GB
epoch 61 train time 46.9 s
step  10479  rss  1.37 GB  mps  0.00 GB
step  10489  rss  1.54 GB  mps  0.00 GB
step  10499  rss  1.54 GB  mps  0.00 GB
step  10509  rss  1.28 GB  mps  0.00 GB
step  10519  rss  1.05 GB  mps  0.00 GB
step  10529  rss  1.30 GB  mps  0.00 GB
step  10539  rss  1.40 GB  mps  0.00 GB
step  10549  rss  1.16 GB  mps  0.00 GB
step  10559  rss  1.47 GB  mps  0.00 GB
step  10569  rss  1.44 GB  mps  0.00 GB
step  10579  rss  1.41 GB  mps  0.00 GB
step  10589  rss  1.43 GB  mps  0.00 GB
step  10599  rss  1.43 GB  mps  0.00 GB
step  10609  rss  1.47 GB  mps  0.00 GB
step  10619  rss  1.30 GB  mps  0.00 GB
step  10629  rss  1.25 GB  mps  0.00 GB
step  10639  rss  1.25 GB  mps  0.00 GB
epoch 62 train time 46.7 s
step  10648  rss  1.39 GB  mps  0.00 GB
step  10658  rss  1.33 GB  mps  0.00 GB
step  10668  rss  1.31 GB  mps  0.00 GB
step  10678  rss  1.34 GB  mps  0.00 GB
step  10688  rss  1.38 GB  mps  0.00 GB
step  10698  rss  1.42 GB  mps  0.00 GB
step  10708  rss  1.50 GB  mps  0.00 GB
step  10718  rss  1.61 GB  mps  0.00 GB
step  10728  rss  1.37 GB  mps  0.00 GB
step  10738  rss  1.27 GB  mps  0.00 GB
step  10748  rss  1.43 GB  mps  0.00 GB
step  10758  rss  1.45 GB  mps  0.00 GB
step  10768  rss  1.41 GB  mps  0.00 GB
step  10778  rss  1.41 GB  mps  0.00 GB
step  10788  rss  1.33 GB  mps  0.00 GB
step  10798  rss  1.21 GB  mps  0.00 GB
step  10808  rss  1.33 GB  mps  0.00 GB
epoch 63 train time 47.1 s
step  10817  rss  1.19 GB  mps  0.00 GB
step  10827  rss  1.16 GB  mps  0.00 GB
step  10837  rss  1.69 GB  mps  0.00 GB
step  10847  rss  1.41 GB  mps  0.00 GB
step  10857  rss  1.34 GB  mps  0.00 GB
step  10867  rss  1.63 GB  mps  0.00 GB
step  10877  rss  1.38 GB  mps  0.00 GB
step  10887  rss  1.20 GB  mps  0.00 GB
step  10897  rss  1.31 GB  mps  0.00 GB
step  10907  rss  1.12 GB  mps  0.00 GB
step  10917  rss  1.11 GB  mps  0.00 GB
step  10927  rss  1.27 GB  mps  0.00 GB
step  10937  rss  1.27 GB  mps  0.00 GB
step  10947  rss  1.44 GB  mps  0.00 GB
step  10957  rss  1.37 GB  mps  0.00 GB
step  10967  rss  1.52 GB  mps  0.00 GB
step  10977  rss  1.14 GB  mps  0.00 GB
epoch 64 train time 48.0 s
step  10986  rss  1.06 GB  mps  0.00 GB
step  10996  rss  1.43 GB  mps  0.00 GB
step  11006  rss  1.49 GB  mps  0.00 GB
step  11016  rss  1.39 GB  mps  0.00 GB
step  11026  rss  1.50 GB  mps  0.00 GB
step  11036  rss  1.33 GB  mps  0.00 GB
step  11046  rss  1.42 GB  mps  0.00 GB
step  11056  rss  1.53 GB  mps  0.00 GB
step  11066  rss  1.46 GB  mps  0.00 GB
step  11076  rss  1.31 GB  mps  0.00 GB
step  11086  rss  1.12 GB  mps  0.00 GB
step  11096  rss  1.20 GB  mps  0.00 GB
step  11106  rss  1.32 GB  mps  0.00 GB
step  11116  rss  1.43 GB  mps  0.00 GB
step  11126  rss  1.27 GB  mps  0.00 GB
step  11136  rss  1.17 GB  mps  0.00 GB
step  11146  rss  1.66 GB  mps  0.00 GB
epoch 65 train time 47.1 s
step  11155  rss  1.37 GB  mps  0.00 GB
step  11165  rss  1.67 GB  mps  0.00 GB
step  11175  rss  1.33 GB  mps  0.00 GB
step  11185  rss  1.33 GB  mps  0.00 GB
step  11195  rss  1.29 GB  mps  0.00 GB
step  11205  rss  1.26 GB  mps  0.00 GB
step  11215  rss  1.30 GB  mps  0.00 GB
step  11225  rss  1.41 GB  mps  0.00 GB
step  11235  rss  1.48 GB  mps  0.00 GB
step  11245  rss  1.76 GB  mps  0.00 GB
step  11255  rss  1.15 GB  mps  0.00 GB
step  11265  rss  1.58 GB  mps  0.00 GB
step  11275  rss  1.32 GB  mps  0.00 GB
step  11285  rss  1.65 GB  mps  0.00 GB
step  11295  rss  1.00 GB  mps  0.00 GB
step  11305  rss  1.68 GB  mps  0.00 GB
step  11315  rss  1.32 GB  mps  0.00 GB
epoch 66 train time 47.3 s
step  11324  rss  1.22 GB  mps  0.00 GB
step  11334  rss  1.61 GB  mps  0.00 GB
step  11344  rss  1.42 GB  mps  0.00 GB
step  11354  rss  1.35 GB  mps  0.00 GB
step  11364  rss  1.23 GB  mps  0.00 GB
step  11374  rss  1.53 GB  mps  0.00 GB
step  11384  rss  1.55 GB  mps  0.00 GB
step  11394  rss  1.19 GB  mps  0.00 GB
step  11404  rss  1.16 GB  mps  0.00 GB
step  11414  rss  1.13 GB  mps  0.00 GB
step  11424  rss  1.53 GB  mps  0.00 GB
step  11434  rss  1.20 GB  mps  0.00 GB
step  11444  rss  1.16 GB  mps  0.00 GB
step  11454  rss  1.20 GB  mps  0.00 GB
step  11464  rss  1.28 GB  mps  0.00 GB
step  11474  rss  1.24 GB  mps  0.00 GB
step  11484  rss  1.23 GB  mps  0.00 GB
epoch 67 train time 45.9 s
step  11493  rss  1.41 GB  mps  0.00 GB
step  11503  rss  1.42 GB  mps  0.00 GB
step  11513  rss  1.28 GB  mps  0.00 GB
step  11523  rss  1.08 GB  mps  0.00 GB
step  11533  rss  1.39 GB  mps  0.00 GB
step  11543  rss  1.25 GB  mps  0.00 GB
step  11553  rss  1.56 GB  mps  0.00 GB
step  11563  rss  1.26 GB  mps  0.00 GB
step  11573  rss  1.30 GB  mps  0.00 GB
step  11583  rss  1.61 GB  mps  0.00 GB
step  11593  rss  1.40 GB  mps  0.00 GB
step  11603  rss  1.39 GB  mps  0.00 GB
step  11613  rss  1.15 GB  mps  0.00 GB
step  11623  rss  1.31 GB  mps  0.00 GB
step  11633  rss  1.02 GB  mps  0.00 GB
step  11643  rss  1.49 GB  mps  0.00 GB
step  11653  rss  1.15 GB  mps  0.00 GB
epoch 68 train time 47.3 s
step  11662  rss  1.27 GB  mps  0.00 GB
step  11672  rss  1.13 GB  mps  0.00 GB
step  11682  rss  1.42 GB  mps  0.00 GB
step  11692  rss  1.35 GB  mps  0.00 GB
step  11702  rss  1.35 GB  mps  0.00 GB
step  11712  rss  1.46 GB  mps  0.00 GB
step  11722  rss  1.28 GB  mps  0.00 GB
step  11732  rss  1.31 GB  mps  0.00 GB
step  11742  rss  1.23 GB  mps  0.00 GB
step  11752  rss  1.21 GB  mps  0.00 GB
step  11762  rss  1.08 GB  mps  0.00 GB
step  11772  rss  1.40 GB  mps  0.00 GB
step  11782  rss  1.13 GB  mps  0.00 GB
step  11792  rss  1.40 GB  mps  0.00 GB
step  11802  rss  1.40 GB  mps  0.00 GB
step  11812  rss  1.08 GB  mps  0.00 GB
step  11822  rss  1.19 GB  mps  0.00 GB
epoch 69 train time 47.0 s
step  11831  rss  1.25 GB  mps  0.00 GB
step  11841  rss  1.21 GB  mps  0.00 GB
step  11851  rss  1.20 GB  mps  0.00 GB
step  11861  rss  1.14 GB  mps  0.00 GB
step  11871  rss  1.12 GB  mps  0.00 GB
step  11881  rss  1.44 GB  mps  0.00 GB
step  11891  rss  1.15 GB  mps  0.00 GB
step  11901  rss  1.29 GB  mps  0.00 GB
step  11911  rss  1.27 GB  mps  0.00 GB
step  11921  rss  1.49 GB  mps  0.00 GB
step  11931  rss  1.69 GB  mps  0.00 GB
step  11941  rss  1.17 GB  mps  0.00 GB
step  11951  rss  1.45 GB  mps  0.00 GB
step  11961  rss  1.32 GB  mps  0.00 GB
step  11971  rss  1.41 GB  mps  0.00 GB
step  11981  rss  1.08 GB  mps  0.00 GB
step  11991  rss  1.21 GB  mps  0.00 GB
epoch 70 train time 46.4 s
step  12000  rss  1.42 GB  mps  0.00 GB
step  12010  rss  1.25 GB  mps  0.00 GB
step  12020  rss  1.55 GB  mps  0.00 GB
step  12030  rss  1.63 GB  mps  0.00 GB
step  12040  rss  1.16 GB  mps  0.00 GB
step  12050  rss  1.65 GB  mps  0.00 GB
step  12060  rss  1.13 GB  mps  0.00 GB
step  12070  rss  1.77 GB  mps  0.00 GB
step  12080  rss  1.21 GB  mps  0.00 GB
step  12090  rss  1.21 GB  mps  0.00 GB
step  12100  rss  1.26 GB  mps  0.00 GB
step  12110  rss  1.19 GB  mps  0.00 GB
step  12120  rss  1.19 GB  mps  0.00 GB
step  12130  rss  1.23 GB  mps  0.00 GB
step  12140  rss  1.46 GB  mps  0.00 GB
step  12150  rss  1.23 GB  mps  0.00 GB
step  12160  rss  1.28 GB  mps  0.00 GB
epoch 71 train time 47.0 s
step  12169  rss  1.25 GB  mps  0.00 GB
step  12179  rss  1.58 GB  mps  0.00 GB
step  12189  rss  1.54 GB  mps  0.00 GB
step  12199  rss  1.18 GB  mps  0.00 GB
step  12209  rss  1.41 GB  mps  0.00 GB
step  12219  rss  1.67 GB  mps  0.00 GB
step  12229  rss  1.23 GB  mps  0.00 GB
step  12239  rss  1.22 GB  mps  0.00 GB
step  12249  rss  1.32 GB  mps  0.00 GB
step  12259  rss  1.57 GB  mps  0.00 GB
step  12269  rss  1.07 GB  mps  0.00 GB
step  12279  rss  1.16 GB  mps  0.00 GB
step  12289  rss  1.09 GB  mps  0.00 GB
step  12299  rss  1.48 GB  mps  0.00 GB
step  12309  rss  1.22 GB  mps  0.00 GB
step  12319  rss  1.16 GB  mps  0.00 GB
step  12329  rss  1.24 GB  mps  0.00 GB
epoch 72 train time 47.4 s
step  12338  rss  1.08 GB  mps  0.00 GB
step  12348  rss  1.26 GB  mps  0.00 GB
step  12358  rss  1.28 GB  mps  0.00 GB
step  12368  rss  1.26 GB  mps  0.00 GB
step  12378  rss  1.27 GB  mps  0.00 GB
step  12388  rss  1.42 GB  mps  0.00 GB
step  12398  rss  1.36 GB  mps  0.00 GB
step  12408  rss  1.32 GB  mps  0.00 GB
step  12418  rss  1.25 GB  mps  0.00 GB
step  12428  rss  1.70 GB  mps  0.00 GB
step  12438  rss  1.30 GB  mps  0.00 GB
step  12448  rss  1.16 GB  mps  0.00 GB
step  12458  rss  1.16 GB  mps  0.00 GB
step  12468  rss  1.36 GB  mps  0.00 GB
step  12478  rss  1.28 GB  mps  0.00 GB
step  12488  rss  1.16 GB  mps  0.00 GB
step  12498  rss  1.21 GB  mps  0.00 GB
epoch 73 train time 46.9 s
step  12507  rss  1.40 GB  mps  0.00 GB
step  12517  rss  1.32 GB  mps  0.00 GB
step  12527  rss  1.32 GB  mps  0.00 GB
step  12537  rss  1.25 GB  mps  0.00 GB
step  12547  rss  1.19 GB  mps  0.00 GB
step  12557  rss  0.90 GB  mps  0.00 GB
step  12567  rss  1.18 GB  mps  0.00 GB
step  12577  rss  1.09 GB  mps  0.00 GB
step  12587  rss  1.28 GB  mps  0.00 GB
step  12597  rss  1.55 GB  mps  0.00 GB
step  12607  rss  1.34 GB  mps  0.00 GB
step  12617  rss  1.67 GB  mps  0.00 GB
step  12627  rss  1.38 GB  mps  0.00 GB
step  12637  rss  1.30 GB  mps  0.00 GB
step  12647  rss  1.40 GB  mps  0.00 GB
step  12657  rss  1.31 GB  mps  0.00 GB
step  12667  rss  1.31 GB  mps  0.00 GB
epoch 74 train time 46.9 s
step  12676  rss  1.42 GB  mps  0.00 GB
step  12686  rss  1.42 GB  mps  0.00 GB
step  12696  rss  1.39 GB  mps  0.00 GB
step  12706  rss  1.52 GB  mps  0.00 GB
step  12716  rss  1.43 GB  mps  0.00 GB
step  12726  rss  1.33 GB  mps  0.00 GB
step  12736  rss  1.20 GB  mps  0.00 GB
step  12746  rss  1.29 GB  mps  0.00 GB
step  12756  rss  1.27 GB  mps  0.00 GB
step  12766  rss  1.19 GB  mps  0.00 GB
step  12776  rss  1.42 GB  mps  0.00 GB
step  12786  rss  1.20 GB  mps  0.00 GB
step  12796  rss  1.31 GB  mps  0.00 GB
step  12806  rss  1.18 GB  mps  0.00 GB
step  12816  rss  1.09 GB  mps  0.00 GB
step  12826  rss  1.54 GB  mps  0.00 GB
step  12836  rss  1.54 GB  mps  0.00 GB
epoch 75 train time 46.2 s
step  12845  rss  1.36 GB  mps  0.00 GB
step  12855  rss  1.32 GB  mps  0.00 GB
step  12865  rss  1.21 GB  mps  0.00 GB
step  12875  rss  1.18 GB  mps  0.00 GB
step  12885  rss  1.34 GB  mps  0.00 GB
step  12895  rss  1.73 GB  mps  0.00 GB
step  12905  rss  1.17 GB  mps  0.00 GB
step  12915  rss  1.13 GB  mps  0.00 GB
step  12925  rss  1.10 GB  mps  0.00 GB
step  12935  rss  1.55 GB  mps  0.00 GB
step  12945  rss  1.29 GB  mps  0.00 GB
step  12955  rss  1.20 GB  mps  0.00 GB
step  12965  rss  1.28 GB  mps  0.00 GB
step  12975  rss  1.49 GB  mps  0.00 GB
step  12985  rss  1.21 GB  mps  0.00 GB
step  12995  rss  1.23 GB  mps  0.00 GB
step  13005  rss  1.20 GB  mps  0.00 GB
epoch 76 train time 47.1 s
step  13014  rss  1.12 GB  mps  0.00 GB
step  13024  rss  1.45 GB  mps  0.00 GB
step  13034  rss  1.15 GB  mps  0.00 GB
step  13044  rss  1.41 GB  mps  0.00 GB
step  13054  rss  1.13 GB  mps  0.00 GB
step  13064  rss  1.17 GB  mps  0.00 GB
step  13074  rss  1.30 GB  mps  0.00 GB
step  13084  rss  1.48 GB  mps  0.00 GB
step  13094  rss  1.48 GB  mps  0.00 GB
step  13104  rss  1.45 GB  mps  0.00 GB
step  13114  rss  1.28 GB  mps  0.00 GB
step  13124  rss  1.16 GB  mps  0.00 GB
step  13134  rss  1.38 GB  mps  0.00 GB
step  13144  rss  1.16 GB  mps  0.00 GB
step  13154  rss  1.09 GB  mps  0.00 GB
step  13164  rss  1.66 GB  mps  0.00 GB
step  13174  rss  1.53 GB  mps  0.00 GB
epoch 77 train time 46.3 s
step  13183  rss  1.47 GB  mps  0.00 GB
step  13193  rss  1.18 GB  mps  0.00 GB
step  13203  rss  1.37 GB  mps  0.00 GB
step  13213  rss  1.62 GB  mps  0.00 GB
step  13223  rss  1.68 GB  mps  0.00 GB
step  13233  rss  1.33 GB  mps  0.00 GB
step  13243  rss  1.42 GB  mps  0.00 GB
step  13253  rss  1.60 GB  mps  0.00 GB
step  13263  rss  1.35 GB  mps  0.00 GB
step  13273  rss  1.09 GB  mps  0.00 GB
step  13283  rss  1.46 GB  mps  0.00 GB
step  13293  rss  1.29 GB  mps  0.00 GB
step  13303  rss  1.17 GB  mps  0.00 GB
step  13313  rss  1.19 GB  mps  0.00 GB
step  13323  rss  1.64 GB  mps  0.00 GB
step  13333  rss  1.53 GB  mps  0.00 GB
step  13343  rss  1.36 GB  mps  0.00 GB
epoch 78 train time 46.5 s
step  13352  rss  1.49 GB  mps  0.00 GB
step  13362  rss  1.57 GB  mps  0.00 GB
step  13372  rss  1.33 GB  mps  0.00 GB
step  13382  rss  1.22 GB  mps  0.00 GB
step  13392  rss  1.24 GB  mps  0.00 GB
step  13402  rss  1.48 GB  mps  0.00 GB
step  13412  rss  1.79 GB  mps  0.00 GB
step  13422  rss  1.15 GB  mps  0.00 GB
step  13432  rss  1.62 GB  mps  0.00 GB
step  13442  rss  1.18 GB  mps  0.00 GB
step  13452  rss  1.10 GB  mps  0.00 GB
step  13462  rss  1.58 GB  mps  0.00 GB
step  13472  rss  1.58 GB  mps  0.00 GB
step  13482  rss  1.19 GB  mps  0.00 GB
step  13492  rss  1.62 GB  mps  0.00 GB
step  13502  rss  1.05 GB  mps  0.00 GB
step  13512  rss  1.28 GB  mps  0.00 GB
epoch 79 train time 47.9 s
step  13521  rss  1.36 GB  mps  0.00 GB
step  13531  rss  1.62 GB  mps  0.00 GB
step  13541  rss  1.38 GB  mps  0.00 GB
step  13551  rss  1.31 GB  mps  0.00 GB
step  13561  rss  1.29 GB  mps  0.00 GB
step  13571  rss  1.24 GB  mps  0.00 GB
step  13581  rss  1.37 GB  mps  0.00 GB
step  13591  rss  1.25 GB  mps  0.00 GB
step  13601  rss  1.44 GB  mps  0.00 GB
step  13611  rss  1.67 GB  mps  0.00 GB
step  13621  rss  1.24 GB  mps  0.00 GB
step  13631  rss  1.32 GB  mps  0.00 GB
step  13641  rss  1.49 GB  mps  0.00 GB
step  13651  rss  1.27 GB  mps  0.00 GB
step  13661  rss  1.60 GB  mps  0.00 GB
step  13671  rss  1.30 GB  mps  0.00 GB
step  13681  rss  1.23 GB  mps  0.00 GB
epoch 80 train time 47.0 s
step  13690  rss  1.36 GB  mps  0.00 GB
step  13700  rss  1.23 GB  mps  0.00 GB
step  13710  rss  1.69 GB  mps  0.00 GB
step  13720  rss  1.58 GB  mps  0.00 GB
step  13730  rss  1.58 GB  mps  0.00 GB
step  13740  rss  1.20 GB  mps  0.00 GB
step  13750  rss  1.03 GB  mps  0.00 GB
step  13760  rss  1.24 GB  mps  0.00 GB
step  13770  rss  1.38 GB  mps  0.00 GB
step  13780  rss  1.47 GB  mps  0.00 GB
step  13790  rss  1.33 GB  mps  0.00 GB
step  13800  rss  1.37 GB  mps  0.00 GB
step  13810  rss  1.57 GB  mps  0.00 GB
step  13820  rss  1.28 GB  mps  0.00 GB
step  13830  rss  1.44 GB  mps  0.00 GB
step  13840  rss  1.58 GB  mps  0.00 GB
step  13850  rss  0.87 GB  mps  0.00 GB
epoch 81 train time 47.2 s
step  13859  rss  1.23 GB  mps  0.00 GB
step  13869  rss  1.48 GB  mps  0.00 GB
step  13879  rss  1.36 GB  mps  0.00 GB
step  13889  rss  1.41 GB  mps  0.00 GB
step  13899  rss  1.15 GB  mps  0.00 GB
step  13909  rss  1.51 GB  mps  0.00 GB
step  13919  rss  1.45 GB  mps  0.00 GB
step  13929  rss  1.39 GB  mps  0.00 GB
step  13939  rss  1.54 GB  mps  0.00 GB
step  13949  rss  1.62 GB  mps  0.00 GB
step  13959  rss  1.27 GB  mps  0.00 GB
step  13969  rss  0.89 GB  mps  0.00 GB
step  13979  rss  1.02 GB  mps  0.00 GB
step  13989  rss  1.54 GB  mps  0.00 GB
step  13999  rss  1.11 GB  mps  0.00 GB
step  14009  rss  1.13 GB  mps  0.00 GB
step  14019  rss  1.09 GB  mps  0.00 GB
epoch 82 train time 46.6 s
step  14028  rss  1.00 GB  mps  0.00 GB
step  14038  rss  1.31 GB  mps  0.00 GB
step  14048  rss  1.54 GB  mps  0.00 GB
step  14058  rss  1.54 GB  mps  0.00 GB
step  14068  rss  1.10 GB  mps  0.00 GB
step  14078  rss  1.47 GB  mps  0.00 GB
step  14088  rss  1.80 GB  mps  0.00 GB
step  14098  rss  1.10 GB  mps  0.00 GB
step  14108  rss  1.58 GB  mps  0.00 GB
step  14118  rss  1.49 GB  mps  0.00 GB
step  14128  rss  1.48 GB  mps  0.00 GB
step  14138  rss  1.52 GB  mps  0.00 GB
step  14148  rss  1.07 GB  mps  0.00 GB
step  14158  rss  1.33 GB  mps  0.00 GB
step  14168  rss  1.18 GB  mps  0.00 GB
step  14178  rss  1.18 GB  mps  0.00 GB
step  14188  rss  1.74 GB  mps  0.00 GB
epoch 83 train time 47.3 s
step  14197  rss  1.25 GB  mps  0.00 GB
step  14207  rss  1.39 GB  mps  0.00 GB
step  14217  rss  1.25 GB  mps  0.00 GB
step  14227  rss  1.23 GB  mps  0.00 GB
step  14237  rss  1.37 GB  mps  0.00 GB
step  14247  rss  1.41 GB  mps  0.00 GB
step  14257  rss  1.25 GB  mps  0.00 GB
step  14267  rss  1.34 GB  mps  0.00 GB
step  14277  rss  1.26 GB  mps  0.00 GB
step  14287  rss  1.34 GB  mps  0.00 GB
step  14297  rss  1.24 GB  mps  0.00 GB
step  14307  rss  1.23 GB  mps  0.00 GB
step  14317  rss  1.25 GB  mps  0.00 GB
step  14327  rss  1.21 GB  mps  0.00 GB
step  14337  rss  1.07 GB  mps  0.00 GB
step  14347  rss  1.71 GB  mps  0.00 GB
step  14357  rss  1.47 GB  mps  0.00 GB
epoch 84 train time 47.6 s
step  14366  rss  1.20 GB  mps  0.00 GB
step  14376  rss  1.59 GB  mps  0.00 GB
step  14386  rss  1.26 GB  mps  0.00 GB
step  14396  rss  1.15 GB  mps  0.00 GB
step  14406  rss  1.10 GB  mps  0.00 GB
step  14416  rss  1.72 GB  mps  0.00 GB
step  14426  rss  1.41 GB  mps  0.00 GB
step  14436  rss  1.41 GB  mps  0.00 GB
step  14446  rss  1.20 GB  mps  0.00 GB
step  14456  rss  1.23 GB  mps  0.00 GB
step  14466  rss  1.31 GB  mps  0.00 GB
step  14476  rss  1.32 GB  mps  0.00 GB
step  14486  rss  1.44 GB  mps  0.00 GB
step  14496  rss  1.04 GB  mps  0.00 GB
step  14506  rss  1.45 GB  mps  0.00 GB
step  14516  rss  1.30 GB  mps  0.00 GB
step  14526  rss  1.26 GB  mps  0.00 GB
epoch 85 train time 47.5 s
step  14535  rss  1.21 GB  mps  0.00 GB
step  14545  rss  0.89 GB  mps  0.00 GB
step  14555  rss  1.24 GB  mps  0.00 GB
step  14565  rss  1.22 GB  mps  0.00 GB
step  14575  rss  1.28 GB  mps  0.00 GB
step  14585  rss  1.41 GB  mps  0.00 GB
step  14595  rss  1.11 GB  mps  0.00 GB
step  14605  rss  1.31 GB  mps  0.00 GB
step  14615  rss  1.24 GB  mps  0.00 GB
step  14625  rss  1.10 GB  mps  0.00 GB
step  14635  rss  1.36 GB  mps  0.00 GB
step  14645  rss  1.18 GB  mps  0.00 GB
step  14655  rss  1.35 GB  mps  0.00 GB
step  14665  rss  1.33 GB  mps  0.00 GB
step  14675  rss  1.15 GB  mps  0.00 GB
step  14685  rss  1.23 GB  mps  0.00 GB
step  14695  rss  1.34 GB  mps  0.00 GB
epoch 86 train time 48.9 s
step  14704  rss  1.36 GB  mps  0.00 GB
step  14714  rss  1.28 GB  mps  0.00 GB
step  14724  rss  1.18 GB  mps  0.00 GB
step  14734  rss  1.41 GB  mps  0.00 GB
step  14744  rss  1.46 GB  mps  0.00 GB
step  14754  rss  1.12 GB  mps  0.00 GB
step  14764  rss  1.35 GB  mps  0.00 GB
step  14774  rss  1.41 GB  mps  0.00 GB
step  14784  rss  1.25 GB  mps  0.00 GB
step  14794  rss  1.34 GB  mps  0.00 GB
step  14804  rss  1.19 GB  mps  0.00 GB
step  14814  rss  1.52 GB  mps  0.00 GB
step  14824  rss  1.47 GB  mps  0.00 GB
step  14834  rss  1.33 GB  mps  0.00 GB
step  14844  rss  1.27 GB  mps  0.00 GB
step  14854  rss  1.13 GB  mps  0.00 GB
step  14864  rss  1.18 GB  mps  0.00 GB
epoch 87 train time 47.0 s
step  14873  rss  1.15 GB  mps  0.00 GB
step  14883  rss  1.47 GB  mps  0.00 GB
step  14893  rss  1.63 GB  mps  0.00 GB
step  14903  rss  1.37 GB  mps  0.00 GB
step  14913  rss  1.53 GB  mps  0.00 GB
step  14923  rss  1.34 GB  mps  0.00 GB
step  14933  rss  1.28 GB  mps  0.00 GB
step  14943  rss  1.30 GB  mps  0.00 GB
step  14953  rss  1.33 GB  mps  0.00 GB
step  14963  rss  1.50 GB  mps  0.00 GB
step  14973  rss  1.62 GB  mps  0.00 GB
step  14983  rss  1.29 GB  mps  0.00 GB
step  14993  rss  1.27 GB  mps  0.00 GB
step  15003  rss  1.27 GB  mps  0.00 GB
step  15013  rss  1.26 GB  mps  0.00 GB
step  15023  rss  1.33 GB  mps  0.00 GB
step  15033  rss  1.38 GB  mps  0.00 GB
epoch 88 train time 46.6 s
step  15042  rss  1.23 GB  mps  0.00 GB
step  15052  rss  1.30 GB  mps  0.00 GB
step  15062  rss  1.71 GB  mps  0.00 GB
step  15072  rss  1.46 GB  mps  0.00 GB
step  15082  rss  1.33 GB  mps  0.00 GB
step  15092  rss  1.37 GB  mps  0.00 GB
step  15102  rss  1.39 GB  mps  0.00 GB
step  15112  rss  1.29 GB  mps  0.00 GB
step  15122  rss  1.56 GB  mps  0.00 GB
step  15132  rss  1.24 GB  mps  0.00 GB
step  15142  rss  1.34 GB  mps  0.00 GB
step  15152  rss  1.22 GB  mps  0.00 GB
step  15162  rss  1.56 GB  mps  0.00 GB
step  15172  rss  1.27 GB  mps  0.00 GB
step  15182  rss  1.32 GB  mps  0.00 GB
step  15192  rss  1.22 GB  mps  0.00 GB
step  15202  rss  1.24 GB  mps  0.00 GB
epoch 89 train time 47.3 s
step  15211  rss  1.23 GB  mps  0.00 GB
step  15221  rss  1.60 GB  mps  0.00 GB
step  15231  rss  1.24 GB  mps  0.00 GB
step  15241  rss  1.29 GB  mps  0.00 GB
step  15251  rss  1.28 GB  mps  0.00 GB
step  15261  rss  1.46 GB  mps  0.00 GB
step  15271  rss  1.18 GB  mps  0.00 GB
step  15281  rss  1.39 GB  mps  0.00 GB
step  15291  rss  1.22 GB  mps  0.00 GB
step  15301  rss  1.25 GB  mps  0.00 GB
step  15311  rss  1.22 GB  mps  0.00 GB
step  15321  rss  1.20 GB  mps  0.00 GB
step  15331  rss  1.19 GB  mps  0.00 GB
step  15341  rss  1.15 GB  mps  0.00 GB
step  15351  rss  0.97 GB  mps  0.00 GB
step  15361  rss  1.25 GB  mps  0.00 GB
step  15371  rss  1.64 GB  mps  0.00 GB
epoch 90 train time 46.0 s
step  15380  rss  1.37 GB  mps  0.00 GB
step  15390  rss  1.25 GB  mps  0.00 GB
step  15400  rss  1.29 GB  mps  0.00 GB
step  15410  rss  1.25 GB  mps  0.00 GB
step  15420  rss  1.15 GB  mps  0.00 GB
step  15430  rss  1.50 GB  mps  0.00 GB
step  15440  rss  1.10 GB  mps  0.00 GB
step  15450  rss  1.27 GB  mps  0.00 GB
step  15460  rss  1.55 GB  mps  0.00 GB
step  15470  rss  0.94 GB  mps  0.00 GB
step  15480  rss  1.27 GB  mps  0.00 GB
step  15490  rss  1.26 GB  mps  0.00 GB
step  15500  rss  1.22 GB  mps  0.00 GB
step  15510  rss  1.17 GB  mps  0.00 GB
step  15520  rss  1.17 GB  mps  0.00 GB
step  15530  rss  1.44 GB  mps  0.00 GB
step  15540  rss  1.59 GB  mps  0.00 GB
epoch 91 train time 48.0 s
step  15549  rss  1.34 GB  mps  0.00 GB
step  15559  rss  1.51 GB  mps  0.00 GB
step  15569  rss  1.15 GB  mps  0.00 GB
step  15579  rss  1.66 GB  mps  0.00 GB
step  15589  rss  1.66 GB  mps  0.00 GB
step  15599  rss  1.53 GB  mps  0.00 GB
step  15609  rss  1.40 GB  mps  0.00 GB
step  15619  rss  1.31 GB  mps  0.00 GB
step  15629  rss  1.15 GB  mps  0.00 GB
step  15639  rss  1.29 GB  mps  0.00 GB
step  15649  rss  1.60 GB  mps  0.00 GB
step  15659  rss  1.15 GB  mps  0.00 GB
step  15669  rss  1.38 GB  mps  0.00 GB
step  15679  rss  1.23 GB  mps  0.00 GB
step  15689  rss  1.29 GB  mps  0.00 GB
step  15699  rss  1.35 GB  mps  0.00 GB
step  15709  rss  0.95 GB  mps  0.00 GB
epoch 92 train time 47.2 s
step  15718  rss  1.23 GB  mps  0.00 GB
step  15728  rss  1.19 GB  mps  0.00 GB
step  15738  rss  1.35 GB  mps  0.00 GB
step  15748  rss  1.35 GB  mps  0.00 GB
step  15758  rss  1.08 GB  mps  0.00 GB
step  15768  rss  1.33 GB  mps  0.00 GB
step  15778  rss  0.99 GB  mps  0.00 GB
step  15788  rss  1.60 GB  mps  0.00 GB
step  15798  rss  1.15 GB  mps  0.00 GB
step  15808  rss  1.14 GB  mps  0.00 GB
step  15818  rss  1.30 GB  mps  0.00 GB
step  15828  rss  1.44 GB  mps  0.00 GB
step  15838  rss  1.13 GB  mps  0.00 GB
step  15848  rss  1.27 GB  mps  0.00 GB
step  15858  rss  1.51 GB  mps  0.00 GB
step  15868  rss  1.07 GB  mps  0.00 GB
step  15878  rss  1.14 GB  mps  0.00 GB
epoch 93 train time 47.3 s
step  15887  rss  1.21 GB  mps  0.00 GB
step  15897  rss  1.31 GB  mps  0.00 GB
step  15907  rss  1.31 GB  mps  0.00 GB
step  15917  rss  1.32 GB  mps  0.00 GB
step  15927  rss  1.12 GB  mps  0.00 GB
step  15937  rss  1.49 GB  mps  0.00 GB
step  15947  rss  1.54 GB  mps  0.00 GB
step  15957  rss  1.02 GB  mps  0.00 GB
step  15967  rss  1.36 GB  mps  0.00 GB
step  15977  rss  1.59 GB  mps  0.00 GB
step  15987  rss  1.18 GB  mps  0.00 GB
step  15997  rss  1.11 GB  mps  0.00 GB
step  16007  rss  1.12 GB  mps  0.00 GB
step  16017  rss  1.23 GB  mps  0.00 GB
step  16027  rss  1.08 GB  mps  0.00 GB
step  16037  rss  1.32 GB  mps  0.00 GB
step  16047  rss  1.56 GB  mps  0.00 GB
epoch 94 train time 47.5 s
step  16056  rss  1.40 GB  mps  0.00 GB
step  16066  rss  1.46 GB  mps  0.00 GB
step  16076  rss  1.52 GB  mps  0.00 GB
step  16086  rss  1.24 GB  mps  0.00 GB
step  16096  rss  1.24 GB  mps  0.00 GB
step  16106  rss  0.80 GB  mps  0.00 GB
step  16116  rss  1.09 GB  mps  0.00 GB
step  16126  rss  1.12 GB  mps  0.00 GB
step  16136  rss  1.63 GB  mps  0.00 GB
step  16146  rss  1.23 GB  mps  0.00 GB
step  16156  rss  1.25 GB  mps  0.00 GB
step  16166  rss  1.35 GB  mps  0.00 GB
step  16176  rss  1.12 GB  mps  0.00 GB
step  16186  rss  1.29 GB  mps  0.00 GB
step  16196  rss  1.26 GB  mps  0.00 GB
step  16206  rss  1.31 GB  mps  0.00 GB
step  16216  rss  1.33 GB  mps  0.00 GB
epoch 95 train time 47.7 s
step  16225  rss  1.53 GB  mps  0.00 GB
step  16235  rss  1.29 GB  mps  0.00 GB
step  16245  rss  1.60 GB  mps  0.00 GB
step  16255  rss  1.56 GB  mps  0.00 GB
step  16265  rss  1.24 GB  mps  0.00 GB
step  16275  rss  1.19 GB  mps  0.00 GB
step  16285  rss  1.47 GB  mps  0.00 GB
step  16295  rss  1.54 GB  mps  0.00 GB
step  16305  rss  1.56 GB  mps  0.00 GB
step  16315  rss  1.62 GB  mps  0.00 GB
step  16325  rss  1.44 GB  mps  0.00 GB
step  16335  rss  1.24 GB  mps  0.00 GB
step  16345  rss  1.24 GB  mps  0.00 GB
step  16355  rss  1.55 GB  mps  0.00 GB
step  16365  rss  1.17 GB  mps  0.00 GB
step  16375  rss  1.03 GB  mps  0.00 GB
step  16385  rss  1.16 GB  mps  0.00 GB
epoch 96 train time 48.6 s
step  16394  rss  1.46 GB  mps  0.00 GB
step  16404  rss  1.27 GB  mps  0.00 GB
step  16414  rss  1.21 GB  mps  0.00 GB
step  16424  rss  1.28 GB  mps  0.00 GB
step  16434  rss  1.19 GB  mps  0.00 GB
step  16444  rss  1.55 GB  mps  0.00 GB
step  16454  rss  1.32 GB  mps  0.00 GB
step  16464  rss  1.24 GB  mps  0.00 GB
step  16474  rss  0.95 GB  mps  0.00 GB
step  16484  rss  1.26 GB  mps  0.00 GB
step  16494  rss  1.30 GB  mps  0.00 GB
step  16504  rss  1.40 GB  mps  0.00 GB
step  16514  rss  1.37 GB  mps  0.00 GB
step  16524  rss  1.30 GB  mps  0.00 GB
step  16534  rss  1.33 GB  mps  0.00 GB
step  16544  rss  1.22 GB  mps  0.00 GB
step  16554  rss  1.17 GB  mps  0.00 GB
epoch 97 train time 46.5 s
step  16563  rss  1.38 GB  mps  0.00 GB
step  16573  rss  1.51 GB  mps  0.00 GB
step  16583  rss  1.67 GB  mps  0.00 GB
step  16593  rss  0.93 GB  mps  0.00 GB
step  16603  rss  1.26 GB  mps  0.00 GB
step  16613  rss  1.22 GB  mps  0.00 GB
step  16623  rss  1.19 GB  mps  0.00 GB
step  16633  rss  1.31 GB  mps  0.00 GB
step  16643  rss  1.45 GB  mps  0.00 GB
step  16653  rss  1.19 GB  mps  0.00 GB
step  16663  rss  1.38 GB  mps  0.00 GB
step  16673  rss  1.27 GB  mps  0.00 GB
step  16683  rss  1.29 GB  mps  0.00 GB
step  16693  rss  1.26 GB  mps  0.00 GB
step  16703  rss  1.25 GB  mps  0.00 GB
step  16713  rss  1.20 GB  mps  0.00 GB
step  16723  rss  1.22 GB  mps  0.00 GB
epoch 98 train time 47.8 s
step  16732  rss  1.19 GB  mps  0.00 GB
step  16742  rss  1.24 GB  mps  0.00 GB
step  16752  rss  1.09 GB  mps  0.00 GB
step  16762  rss  1.38 GB  mps  0.00 GB
step  16772  rss  1.25 GB  mps  0.00 GB
step  16782  rss  1.28 GB  mps  0.00 GB
step  16792  rss  1.35 GB  mps  0.00 GB
step  16802  rss  1.06 GB  mps  0.00 GB
step  16812  rss  1.11 GB  mps  0.00 GB
step  16822  rss  1.57 GB  mps  0.00 GB
step  16832  rss  1.59 GB  mps  0.00 GB
step  16842  rss  1.32 GB  mps  0.00 GB
step  16852  rss  1.19 GB  mps  0.00 GB
step  16862  rss  1.08 GB  mps  0.00 GB
step  16872  rss  1.15 GB  mps  0.00 GB
step  16882  rss  1.33 GB  mps  0.00 GB
step  16892  rss  1.37 GB  mps  0.00 GB
epoch 99 train time 50.0 s
step  16901  rss  0.99 GB  mps  0.00 GB
step  16911  rss  0.99 GB  mps  0.00 GB
step  16921  rss  1.19 GB  mps  0.00 GB
step  16931  rss  1.00 GB  mps  0.00 GB
step  16941  rss  1.34 GB  mps  0.00 GB
step  16951  rss  1.60 GB  mps  0.00 GB
step  16961  rss  0.87 GB  mps  0.00 GB
step  16971  rss  1.51 GB  mps  0.00 GB
step  16981  rss  1.53 GB  mps  0.00 GB
step  16991  rss  1.65 GB  mps  0.00 GB
step  17001  rss  1.21 GB  mps  0.00 GB
step  17011  rss  1.45 GB  mps  0.00 GB
step  17021  rss  1.39 GB  mps  0.00 GB
step  17031  rss  1.22 GB  mps  0.00 GB
step  17041  rss  1.41 GB  mps  0.00 GB
step  17051  rss  1.19 GB  mps  0.00 GB
step  17061  rss  1.03 GB  mps  0.00 GB
epoch 100 train time 47.1 s
step  17070  rss  1.38 GB  mps  0.00 GB
step  17080  rss  1.04 GB  mps  0.00 GB
step  17090  rss  1.55 GB  mps  0.00 GB
step  17100  rss  1.11 GB  mps  0.00 GB
step  17110  rss  1.51 GB  mps  0.00 GB
step  17120  rss  1.51 GB  mps  0.00 GB
step  17130  rss  1.62 GB  mps  0.00 GB
step  17140  rss  1.15 GB  mps  0.00 GB
step  17150  rss  1.09 GB  mps  0.00 GB
step  17160  rss  1.41 GB  mps  0.00 GB
step  17170  rss  0.89 GB  mps  0.00 GB
step  17180  rss  1.19 GB  mps  0.00 GB
step  17190  rss  1.66 GB  mps  0.00 GB
step  17200  rss  1.53 GB  mps  0.00 GB
step  17210  rss  1.24 GB  mps  0.00 GB
step  17220  rss  1.42 GB  mps  0.00 GB
step  17230  rss  1.03 GB  mps  0.00 GB
epoch 101 train time 47.9 s
step  17239  rss  1.34 GB  mps  0.00 GB
step  17249  rss  1.19 GB  mps  0.00 GB
step  17259  rss  1.69 GB  mps  0.00 GB
step  17269  rss  1.61 GB  mps  0.00 GB
step  17279  rss  1.14 GB  mps  0.00 GB
step  17289  rss  1.16 GB  mps  0.00 GB
step  17299  rss  1.25 GB  mps  0.00 GB
step  17309  rss  1.55 GB  mps  0.00 GB
step  17319  rss  1.68 GB  mps  0.00 GB
step  17329  rss  1.25 GB  mps  0.00 GB
step  17339  rss  1.31 GB  mps  0.00 GB
step  17349  rss  1.30 GB  mps  0.00 GB
step  17359  rss  1.25 GB  mps  0.00 GB
step  17369  rss  1.27 GB  mps  0.00 GB
step  17379  rss  1.41 GB  mps  0.00 GB
step  17389  rss  1.32 GB  mps  0.00 GB
step  17399  rss  1.37 GB  mps  0.00 GB
epoch 102 train time 46.3 s
step  17408  rss  1.44 GB  mps  0.00 GB
step  17418  rss  1.22 GB  mps  0.00 GB
step  17428  rss  1.10 GB  mps  0.00 GB
step  17438  rss  1.26 GB  mps  0.00 GB
step  17448  rss  1.11 GB  mps  0.00 GB
step  17458  rss  1.19 GB  mps  0.00 GB
step  17468  rss  1.52 GB  mps  0.00 GB
step  17478  rss  1.16 GB  mps  0.00 GB
step  17488  rss  1.43 GB  mps  0.00 GB
step  17498  rss  1.17 GB  mps  0.00 GB
step  17508  rss  1.19 GB  mps  0.00 GB
step  17518  rss  1.29 GB  mps  0.00 GB
step  17528  rss  1.30 GB  mps  0.00 GB
step  17538  rss  1.39 GB  mps  0.00 GB
step  17548  rss  1.44 GB  mps  0.00 GB
step  17558  rss  1.09 GB  mps  0.00 GB
step  17568  rss  1.44 GB  mps  0.00 GB
epoch 103 train time 46.8 s
step  17577  rss  1.46 GB  mps  0.00 GB
step  17587  rss  1.24 GB  mps  0.00 GB
step  17597  rss  1.26 GB  mps  0.00 GB
step  17607  rss  1.16 GB  mps  0.00 GB
step  17617  rss  1.26 GB  mps  0.00 GB
step  17627  rss  1.25 GB  mps  0.00 GB
step  17637  rss  1.30 GB  mps  0.00 GB
step  17647  rss  1.24 GB  mps  0.00 GB
step  17657  rss  1.25 GB  mps  0.00 GB
step  17667  rss  1.45 GB  mps  0.00 GB
step  17677  rss  1.56 GB  mps  0.00 GB
step  17687  rss  1.22 GB  mps  0.00 GB
step  17697  rss  1.27 GB  mps  0.00 GB
step  17707  rss  1.05 GB  mps  0.00 GB
step  17717  rss  1.19 GB  mps  0.00 GB
step  17727  rss  1.89 GB  mps  0.00 GB
step  17737  rss  0.86 GB  mps  0.00 GB
epoch 104 train time 46.2 s
step  17746  rss  1.32 GB  mps  0.00 GB
step  17756  rss  1.58 GB  mps  0.00 GB
step  17766  rss  1.22 GB  mps  0.00 GB
step  17776  rss  1.41 GB  mps  0.00 GB
step  17786  rss  1.34 GB  mps  0.00 GB
step  17796  rss  1.10 GB  mps  0.00 GB
step  17806  rss  1.26 GB  mps  0.00 GB
step  17816  rss  1.52 GB  mps  0.00 GB
step  17826  rss  1.47 GB  mps  0.00 GB
step  17836  rss  1.58 GB  mps  0.00 GB
step  17846  rss  1.04 GB  mps  0.00 GB
step  17856  rss  1.51 GB  mps  0.00 GB
step  17866  rss  1.10 GB  mps  0.00 GB
step  17876  rss  1.09 GB  mps  0.00 GB
step  17886  rss  1.14 GB  mps  0.00 GB
step  17896  rss  1.15 GB  mps  0.00 GB
step  17906  rss  1.11 GB  mps  0.00 GB
epoch 105 train time 46.9 s
step  17915  rss  1.51 GB  mps  0.00 GB
step  17925  rss  1.29 GB  mps  0.00 GB
step  17935  rss  1.18 GB  mps  0.00 GB
step  17945  rss  1.19 GB  mps  0.00 GB
step  17955  rss  1.32 GB  mps  0.00 GB
step  17965  rss  1.22 GB  mps  0.00 GB
step  17975  rss  1.29 GB  mps  0.00 GB
step  17985  rss  1.60 GB  mps  0.00 GB
step  17995  rss  1.34 GB  mps  0.00 GB
step  18005  rss  1.48 GB  mps  0.00 GB
step  18015  rss  1.25 GB  mps  0.00 GB
step  18025  rss  1.33 GB  mps  0.00 GB
step  18035  rss  1.25 GB  mps  0.00 GB
step  18045  rss  1.20 GB  mps  0.00 GB
step  18055  rss  1.53 GB  mps  0.00 GB
step  18065  rss  1.25 GB  mps  0.00 GB
step  18075  rss  1.44 GB  mps  0.00 GB
epoch 106 train time 47.4 s
step  18084  rss  1.13 GB  mps  0.00 GB
step  18094  rss  1.47 GB  mps  0.00 GB
step  18104  rss  1.53 GB  mps  0.00 GB
step  18114  rss  1.30 GB  mps  0.00 GB
step  18124  rss  1.26 GB  mps  0.00 GB
step  18134  rss  1.73 GB  mps  0.00 GB
step  18144  rss  1.24 GB  mps  0.00 GB
step  18154  rss  1.57 GB  mps  0.00 GB
step  18164  rss  1.16 GB  mps  0.00 GB
step  18174  rss  1.05 GB  mps  0.00 GB
step  18184  rss  1.39 GB  mps  0.00 GB
step  18194  rss  1.02 GB  mps  0.00 GB
step  18204  rss  1.16 GB  mps  0.00 GB
step  18214  rss  1.15 GB  mps  0.00 GB
step  18224  rss  1.37 GB  mps  0.00 GB
step  18234  rss  1.49 GB  mps  0.00 GB
step  18244  rss  1.16 GB  mps  0.00 GB
epoch 107 train time 47.2 s
step  18253  rss  1.29 GB  mps  0.00 GB
step  18263  rss  1.24 GB  mps  0.00 GB
step  18273  rss  1.27 GB  mps  0.00 GB
step  18283  rss  1.47 GB  mps  0.00 GB
step  18293  rss  1.19 GB  mps  0.00 GB
step  18303  rss  1.29 GB  mps  0.00 GB
step  18313  rss  1.34 GB  mps  0.00 GB
step  18323  rss  1.21 GB  mps  0.00 GB
step  18333  rss  1.50 GB  mps  0.00 GB
step  18343  rss  1.33 GB  mps  0.00 GB
step  18353  rss  1.20 GB  mps  0.00 GB
step  18363  rss  1.40 GB  mps  0.00 GB
step  18373  rss  1.37 GB  mps  0.00 GB
step  18383  rss  1.57 GB  mps  0.00 GB
step  18393  rss  1.34 GB  mps  0.00 GB
step  18403  rss  1.46 GB  mps  0.00 GB
step  18413  rss  1.20 GB  mps  0.00 GB
epoch 108 train time 47.4 s
step  18422  rss  1.19 GB  mps  0.00 GB
step  18432  rss  1.47 GB  mps  0.00 GB
step  18442  rss  1.01 GB  mps  0.00 GB
step  18452  rss  1.55 GB  mps  0.00 GB
step  18462  rss  1.47 GB  mps  0.00 GB
step  18472  rss  1.18 GB  mps  0.00 GB
step  18482  rss  1.58 GB  mps  0.00 GB
step  18492  rss  1.45 GB  mps  0.00 GB
step  18502  rss  1.57 GB  mps  0.00 GB
step  18512  rss  1.32 GB  mps  0.00 GB
step  18522  rss  1.38 GB  mps  0.00 GB
step  18532  rss  1.37 GB  mps  0.00 GB
step  18542  rss  1.36 GB  mps  0.00 GB
step  18552  rss  1.83 GB  mps  0.00 GB
step  18562  rss  1.38 GB  mps  0.00 GB
step  18572  rss  1.38 GB  mps  0.00 GB
step  18582  rss  1.71 GB  mps  0.00 GB
epoch 109 train time 47.5 s
step  18591  rss  1.59 GB  mps  0.00 GB
step  18601  rss  1.51 GB  mps  0.00 GB
step  18611  rss  1.74 GB  mps  0.00 GB
step  18621  rss  1.22 GB  mps  0.00 GB
step  18631  rss  1.71 GB  mps  0.00 GB
step  18641  rss  1.82 GB  mps  0.00 GB
step  18651  rss  1.52 GB  mps  0.00 GB
step  18661  rss  1.20 GB  mps  0.00 GB
step  18671  rss  1.51 GB  mps  0.00 GB
step  18681  rss  1.41 GB  mps  0.00 GB
step  18691  rss  1.82 GB  mps  0.00 GB
step  18701  rss  1.62 GB  mps  0.00 GB
step  18711  rss  1.69 GB  mps  0.00 GB
step  18721  rss  1.64 GB  mps  0.00 GB
step  18731  rss  1.76 GB  mps  0.00 GB
step  18741  rss  1.53 GB  mps  0.00 GB
step  18751  rss  1.42 GB  mps  0.00 GB
epoch 110 train time 46.4 s
step  18760  rss  1.42 GB  mps  0.00 GB
step  18770  rss  1.44 GB  mps  0.00 GB
step  18780  rss  1.95 GB  mps  0.00 GB
step  18790  rss  1.41 GB  mps  0.00 GB
step  18800  rss  1.64 GB  mps  0.00 GB
step  18810  rss  1.36 GB  mps  0.00 GB
step  18820  rss  1.39 GB  mps  0.00 GB
step  18830  rss  1.37 GB  mps  0.00 GB
step  18840  rss  1.36 GB  mps  0.00 GB
step  18850  rss  1.39 GB  mps  0.00 GB
step  18860  rss  1.42 GB  mps  0.00 GB
step  18870  rss  1.56 GB  mps  0.00 GB
step  18880  rss  1.56 GB  mps  0.00 GB
step  18890  rss  1.46 GB  mps  0.00 GB
step  18900  rss  1.47 GB  mps  0.00 GB
step  18910  rss  1.47 GB  mps  0.00 GB
step  18920  rss  1.66 GB  mps  0.00 GB
epoch 111 train time 45.8 s
step  18929  rss  1.64 GB  mps  0.00 GB
step  18939  rss  1.54 GB  mps  0.00 GB
step  18949  rss  1.53 GB  mps  0.00 GB
step  18959  rss  1.46 GB  mps  0.00 GB
step  18969  rss  1.43 GB  mps  0.00 GB
step  18979  rss  1.45 GB  mps  0.00 GB
step  18989  rss  1.63 GB  mps  0.00 GB
step  18999  rss  1.61 GB  mps  0.00 GB
step  19009  rss  1.70 GB  mps  0.00 GB
step  19019  rss  1.36 GB  mps  0.00 GB
step  19029  rss  1.90 GB  mps  0.00 GB
step  19039  rss  1.32 GB  mps  0.00 GB
step  19049  rss  1.34 GB  mps  0.00 GB
step  19059  rss  1.49 GB  mps  0.00 GB
step  19069  rss  1.45 GB  mps  0.00 GB
step  19079  rss  1.77 GB  mps  0.00 GB
step  19089  rss  1.51 GB  mps  0.00 GB
epoch 112 train time 46.9 s
step  19098  rss  1.16 GB  mps  0.00 GB
step  19108  rss  1.33 GB  mps  0.00 GB
step  19118  rss  1.56 GB  mps  0.00 GB
step  19128  rss  1.19 GB  mps  0.00 GB
step  19138  rss  1.29 GB  mps  0.00 GB
step  19148  rss  1.53 GB  mps  0.00 GB
step  19158  rss  1.46 GB  mps  0.00 GB
step  19168  rss  1.43 GB  mps  0.00 GB
step  19178  rss  1.22 GB  mps  0.00 GB
step  19188  rss  1.12 GB  mps  0.00 GB
step  19198  rss  1.39 GB  mps  0.00 GB
step  19208  rss  1.52 GB  mps  0.00 GB
step  19218  rss  1.32 GB  mps  0.00 GB
step  19228  rss  1.78 GB  mps  0.00 GB
step  19238  rss  1.35 GB  mps  0.00 GB
step  19248  rss  1.30 GB  mps  0.00 GB
step  19258  rss  1.30 GB  mps  0.00 GB
epoch 113 train time 47.4 s
step  19267  rss  1.46 GB  mps  0.00 GB
step  19277  rss  1.33 GB  mps  0.00 GB
step  19287  rss  1.42 GB  mps  0.00 GB
step  19297  rss  1.34 GB  mps  0.00 GB
step  19307  rss  1.26 GB  mps  0.00 GB
step  19317  rss  1.07 GB  mps  0.00 GB
step  19327  rss  1.22 GB  mps  0.00 GB
step  19337  rss  1.56 GB  mps  0.00 GB
step  19347  rss  1.12 GB  mps  0.00 GB
step  19357  rss  1.36 GB  mps  0.00 GB
step  19367  rss  1.44 GB  mps  0.00 GB
step  19377  rss  1.18 GB  mps  0.00 GB
step  19387  rss  1.06 GB  mps  0.00 GB
step  19397  rss  1.23 GB  mps  0.00 GB
step  19407  rss  0.97 GB  mps  0.00 GB
step  19417  rss  1.10 GB  mps  0.00 GB
step  19427  rss  1.27 GB  mps  0.00 GB
epoch 114 train time 46.8 s
step  19436  rss  1.42 GB  mps  0.00 GB
step  19446  rss  1.71 GB  mps  0.00 GB
step  19456  rss  1.05 GB  mps  0.00 GB
step  19466  rss  1.63 GB  mps  0.00 GB
step  19476  rss  1.26 GB  mps  0.00 GB
step  19486  rss  1.20 GB  mps  0.00 GB
step  19496  rss  1.09 GB  mps  0.00 GB
step  19506  rss  1.61 GB  mps  0.00 GB
step  19516  rss  1.26 GB  mps  0.00 GB
step  19526  rss  1.25 GB  mps  0.00 GB
step  19536  rss  1.31 GB  mps  0.00 GB
step  19546  rss  1.31 GB  mps  0.00 GB
step  19556  rss  1.61 GB  mps  0.00 GB
step  19566  rss  1.26 GB  mps  0.00 GB
step  19576  rss  1.14 GB  mps  0.00 GB
step  19586  rss  1.30 GB  mps  0.00 GB
step  19596  rss  1.21 GB  mps  0.00 GB
epoch 115 train time 47.4 s
step  19605  rss  1.39 GB  mps  0.00 GB
step  19615  rss  1.55 GB  mps  0.00 GB
step  19625  rss  1.28 GB  mps  0.00 GB
step  19635  rss  1.31 GB  mps  0.00 GB
step  19645  rss  1.32 GB  mps  0.00 GB
step  19655  rss  1.12 GB  mps  0.00 GB
step  19665  rss  1.33 GB  mps  0.00 GB
step  19675  rss  1.26 GB  mps  0.00 GB
step  19685  rss  1.03 GB  mps  0.00 GB
step  19695  rss  1.14 GB  mps  0.00 GB
step  19705  rss  1.15 GB  mps  0.00 GB
step  19715  rss  1.36 GB  mps  0.00 GB
step  19725  rss  1.23 GB  mps  0.00 GB
step  19735  rss  1.73 GB  mps  0.00 GB
step  19745  rss  1.41 GB  mps  0.00 GB
step  19755  rss  1.63 GB  mps  0.00 GB
step  19765  rss  1.19 GB  mps  0.00 GB
epoch 116 train time 46.0 s
step  19774  rss  1.04 GB  mps  0.00 GB
step  19784  rss  1.24 GB  mps  0.00 GB
step  19794  rss  1.31 GB  mps  0.00 GB
step  19804  rss  1.21 GB  mps  0.00 GB
step  19814  rss  1.15 GB  mps  0.00 GB
step  19824  rss  1.54 GB  mps  0.00 GB
step  19834  rss  1.16 GB  mps  0.00 GB
step  19844  rss  1.09 GB  mps  0.00 GB
step  19854  rss  1.56 GB  mps  0.00 GB
step  19864  rss  1.56 GB  mps  0.00 GB
step  19874  rss  1.48 GB  mps  0.00 GB
step  19884  rss  1.47 GB  mps  0.00 GB
step  19894  rss  1.42 GB  mps  0.00 GB
step  19904  rss  1.59 GB  mps  0.00 GB
step  19914  rss  1.23 GB  mps  0.00 GB
step  19924  rss  1.28 GB  mps  0.00 GB
step  19934  rss  1.24 GB  mps  0.00 GB
epoch 117 train time 46.4 s
step  19943  rss  1.32 GB  mps  0.00 GB
step  19953  rss  1.23 GB  mps  0.00 GB
step  19963  rss  1.23 GB  mps  0.00 GB
step  19973  rss  1.20 GB  mps  0.00 GB
step  19983  rss  1.31 GB  mps  0.00 GB
step  19993  rss  1.18 GB  mps  0.00 GB
step  20003  rss  1.66 GB  mps  0.00 GB
step  20013  rss  1.50 GB  mps  0.00 GB
step  20023  rss  1.08 GB  mps  0.00 GB
step  20033  rss  1.52 GB  mps  0.00 GB
step  20043  rss  1.04 GB  mps  0.00 GB
step  20053  rss  1.28 GB  mps  0.00 GB
step  20063  rss  1.25 GB  mps  0.00 GB
step  20073  rss  1.28 GB  mps  0.00 GB
step  20083  rss  1.58 GB  mps  0.00 GB
step  20093  rss  1.22 GB  mps  0.00 GB
step  20103  rss  1.04 GB  mps  0.00 GB
epoch 118 train time 46.5 s
step  20112  rss  1.15 GB  mps  0.00 GB
step  20122  rss  1.30 GB  mps  0.00 GB
step  20132  rss  1.51 GB  mps  0.00 GB
step  20142  rss  1.24 GB  mps  0.00 GB
step  20152  rss  1.21 GB  mps  0.00 GB
step  20162  rss  1.26 GB  mps  0.00 GB
step  20172  rss  1.64 GB  mps  0.00 GB
step  20182  rss  1.64 GB  mps  0.00 GB
step  20192  rss  1.24 GB  mps  0.00 GB
step  20202  rss  1.63 GB  mps  0.00 GB
step  20212  rss  1.16 GB  mps  0.00 GB
step  20222  rss  1.61 GB  mps  0.00 GB
step  20232  rss  1.08 GB  mps  0.00 GB
step  20242  rss  1.56 GB  mps  0.00 GB
step  20252  rss  1.70 GB  mps  0.00 GB
step  20262  rss  1.21 GB  mps  0.00 GB
step  20272  rss  1.56 GB  mps  0.00 GB
epoch 119 train time 46.3 s
step  20281  rss  1.34 GB  mps  0.00 GB
step  20291  rss  1.46 GB  mps  0.00 GB
step  20301  rss  1.22 GB  mps  0.00 GB
step  20311  rss  1.09 GB  mps  0.00 GB
step  20321  rss  1.41 GB  mps  0.00 GB
step  20331  rss  1.27 GB  mps  0.00 GB
step  20341  rss  1.35 GB  mps  0.00 GB
step  20351  rss  1.16 GB  mps  0.00 GB
step  20361  rss  1.36 GB  mps  0.00 GB
step  20371  rss  1.55 GB  mps  0.00 GB
step  20381  rss  1.41 GB  mps  0.00 GB
step  20391  rss  1.71 GB  mps  0.00 GB
step  20401  rss  1.21 GB  mps  0.00 GB
step  20411  rss  1.37 GB  mps  0.00 GB
step  20421  rss  1.24 GB  mps  0.00 GB
step  20431  rss  1.28 GB  mps  0.00 GB
step  20441  rss  1.32 GB  mps  0.00 GB
epoch 120 train time 47.6 s
step  20450  rss  1.10 GB  mps  0.00 GB
step  20460  rss  1.35 GB  mps  0.00 GB
step  20470  rss  1.41 GB  mps  0.00 GB
step  20480  rss  1.47 GB  mps  0.00 GB
step  20490  rss  1.13 GB  mps  0.00 GB
step  20500  rss  1.18 GB  mps  0.00 GB
step  20510  rss  1.69 GB  mps  0.00 GB
step  20520  rss  1.09 GB  mps  0.00 GB
step  20530  rss  1.25 GB  mps  0.00 GB
step  20540  rss  1.33 GB  mps  0.00 GB
step  20550  rss  1.23 GB  mps  0.00 GB
step  20560  rss  1.28 GB  mps  0.00 GB
step  20570  rss  1.07 GB  mps  0.00 GB
step  20580  rss  1.38 GB  mps  0.00 GB
step  20590  rss  1.21 GB  mps  0.00 GB
step  20600  rss  1.39 GB  mps  0.00 GB
step  20610  rss  1.33 GB  mps  0.00 GB
epoch 121 train time 49.5 s
step  20619  rss  1.10 GB  mps  0.00 GB
step  20629  rss  1.21 GB  mps  0.00 GB
step  20639  rss  1.14 GB  mps  0.00 GB
step  20649  rss  1.16 GB  mps  0.00 GB
step  20659  rss  1.16 GB  mps  0.00 GB
step  20669  rss  1.35 GB  mps  0.00 GB
step  20679  rss  1.71 GB  mps  0.00 GB
step  20689  rss  1.19 GB  mps  0.00 GB
step  20699  rss  1.20 GB  mps  0.00 GB
step  20709  rss  1.37 GB  mps  0.00 GB
step  20719  rss  1.31 GB  mps  0.00 GB
step  20729  rss  1.58 GB  mps  0.00 GB
step  20739  rss  1.25 GB  mps  0.00 GB
step  20749  rss  1.58 GB  mps  0.00 GB
step  20759  rss  1.10 GB  mps  0.00 GB
step  20769  rss  1.65 GB  mps  0.00 GB
step  20779  rss  1.16 GB  mps  0.00 GB
epoch 122 train time 47.9 s
step  20788  rss  1.43 GB  mps  0.00 GB
step  20798  rss  1.44 GB  mps  0.00 GB
step  20808  rss  1.17 GB  mps  0.00 GB
step  20818  rss  1.18 GB  mps  0.00 GB
step  20828  rss  1.51 GB  mps  0.00 GB
step  20838  rss  1.07 GB  mps  0.00 GB
step  20848  rss  1.23 GB  mps  0.00 GB
step  20858  rss  1.34 GB  mps  0.00 GB
step  20868  rss  1.36 GB  mps  0.00 GB
step  20878  rss  1.48 GB  mps  0.00 GB
step  20888  rss  1.15 GB  mps  0.00 GB
step  20898  rss  1.32 GB  mps  0.00 GB
step  20908  rss  0.98 GB  mps  0.00 GB
step  20918  rss  1.55 GB  mps  0.00 GB
step  20928  rss  1.10 GB  mps  0.00 GB
step  20938  rss  1.20 GB  mps  0.00 GB
step  20948  rss  1.29 GB  mps  0.00 GB
epoch 123 train time 48.3 s
step  20957  rss  1.20 GB  mps  0.00 GB
step  20967  rss  1.62 GB  mps  0.00 GB
step  20977  rss  1.07 GB  mps  0.00 GB
step  20987  rss  1.49 GB  mps  0.00 GB
step  20997  rss  1.08 GB  mps  0.00 GB
step  21007  rss  1.16 GB  mps  0.00 GB
step  21017  rss  1.20 GB  mps  0.00 GB
step  21027  rss  1.11 GB  mps  0.00 GB
step  21037  rss  1.35 GB  mps  0.00 GB
step  21047  rss  1.32 GB  mps  0.00 GB
step  21057  rss  1.26 GB  mps  0.00 GB
step  21067  rss  1.17 GB  mps  0.00 GB
step  21077  rss  1.49 GB  mps  0.00 GB
step  21087  rss  1.05 GB  mps  0.00 GB
step  21097  rss  1.46 GB  mps  0.00 GB
step  21107  rss  1.31 GB  mps  0.00 GB
step  21117  rss  1.31 GB  mps  0.00 GB
epoch 124 train time 46.7 s
step  21126  rss  1.35 GB  mps  0.00 GB
step  21136  rss  1.36 GB  mps  0.00 GB
step  21146  rss  1.08 GB  mps  0.00 GB
step  21156  rss  1.22 GB  mps  0.00 GB
step  21166  rss  1.30 GB  mps  0.00 GB
step  21176  rss  1.46 GB  mps  0.00 GB
step  21186  rss  1.14 GB  mps  0.00 GB
step  21196  rss  1.32 GB  mps  0.00 GB
step  21206  rss  1.56 GB  mps  0.00 GB
step  21216  rss  1.22 GB  mps  0.00 GB
step  21226  rss  1.11 GB  mps  0.00 GB
step  21236  rss  1.34 GB  mps  0.00 GB
step  21246  rss  1.17 GB  mps  0.00 GB
step  21256  rss  1.11 GB  mps  0.00 GB
step  21266  rss  1.30 GB  mps  0.00 GB
step  21276  rss  1.33 GB  mps  0.00 GB
step  21286  rss  1.18 GB  mps  0.00 GB
epoch 125 train time 47.6 s
step  21295  rss  1.37 GB  mps  0.00 GB
step  21305  rss  1.30 GB  mps  0.00 GB
step  21315  rss  1.38 GB  mps  0.00 GB
step  21325  rss  1.24 GB  mps  0.00 GB
step  21335  rss  1.65 GB  mps  0.00 GB
step  21345  rss  1.24 GB  mps  0.00 GB
step  21355  rss  1.10 GB  mps  0.00 GB
step  21365  rss  0.99 GB  mps  0.00 GB
step  21375  rss  1.17 GB  mps  0.00 GB
step  21385  rss  1.28 GB  mps  0.00 GB
step  21395  rss  1.45 GB  mps  0.00 GB
step  21405  rss  1.54 GB  mps  0.00 GB
step  21415  rss  1.51 GB  mps  0.00 GB
step  21425  rss  1.53 GB  mps  0.00 GB
step  21435  rss  1.23 GB  mps  0.00 GB
step  21445  rss  1.34 GB  mps  0.00 GB
step  21455  rss  1.30 GB  mps  0.00 GB
epoch 126 train time 47.2 s
step  21464  rss  1.37 GB  mps  0.00 GB
step  21474  rss  1.27 GB  mps  0.00 GB
step  21484  rss  1.31 GB  mps  0.00 GB
step  21494  rss  1.46 GB  mps  0.00 GB
step  21504  rss  1.03 GB  mps  0.00 GB
step  21514  rss  1.20 GB  mps  0.00 GB
step  21524  rss  1.23 GB  mps  0.00 GB
step  21534  rss  1.26 GB  mps  0.00 GB
step  21544  rss  1.20 GB  mps  0.00 GB
step  21554  rss  1.25 GB  mps  0.00 GB
step  21564  rss  1.23 GB  mps  0.00 GB
step  21574  rss  1.24 GB  mps  0.00 GB
step  21584  rss  1.29 GB  mps  0.00 GB
step  21594  rss  1.23 GB  mps  0.00 GB
step  21604  rss  1.68 GB  mps  0.00 GB
step  21614  rss  1.68 GB  mps  0.00 GB
step  21624  rss  1.10 GB  mps  0.00 GB
epoch 127 train time 47.9 s
step  21633  rss  1.28 GB  mps  0.00 GB
step  21643  rss  1.64 GB  mps  0.00 GB
step  21653  rss  1.18 GB  mps  0.00 GB
step  21663  rss  1.42 GB  mps  0.00 GB
step  21673  rss  1.22 GB  mps  0.00 GB
step  21683  rss  1.20 GB  mps  0.00 GB
step  21693  rss  1.33 GB  mps  0.00 GB
step  21703  rss  1.40 GB  mps  0.00 GB
step  21713  rss  1.42 GB  mps  0.00 GB
step  21723  rss  1.22 GB  mps  0.00 GB
step  21733  rss  1.14 GB  mps  0.00 GB
step  21743  rss  1.65 GB  mps  0.00 GB
step  21753  rss  1.16 GB  mps  0.00 GB
step  21763  rss  1.04 GB  mps  0.00 GB
step  21773  rss  1.43 GB  mps  0.00 GB
step  21783  rss  1.29 GB  mps  0.00 GB
step  21793  rss  1.36 GB  mps  0.00 GB
epoch 128 train time 47.7 s
step  21802  rss  1.45 GB  mps  0.00 GB
step  21812  rss  1.41 GB  mps  0.00 GB
step  21822  rss  1.30 GB  mps  0.00 GB
step  21832  rss  1.21 GB  mps  0.00 GB
step  21842  rss  1.25 GB  mps  0.00 GB
step  21852  rss  1.28 GB  mps  0.00 GB
step  21862  rss  1.26 GB  mps  0.00 GB
step  21872  rss  1.68 GB  mps  0.00 GB
step  21882  rss  0.97 GB  mps  0.00 GB
step  21892  rss  1.36 GB  mps  0.00 GB
step  21902  rss  1.34 GB  mps  0.00 GB
step  21912  rss  1.51 GB  mps  0.00 GB
step  21922  rss  1.24 GB  mps  0.00 GB
step  21932  rss  1.29 GB  mps  0.00 GB
step  21942  rss  1.60 GB  mps  0.00 GB
step  21952  rss  1.38 GB  mps  0.00 GB
step  21962  rss  0.97 GB  mps  0.00 GB
epoch 129 train time 47.3 s
step  21971  rss  1.39 GB  mps  0.00 GB
step  21981  rss  1.12 GB  mps  0.00 GB
step  21991  rss  1.14 GB  mps  0.00 GB
step  22001  rss  1.52 GB  mps  0.00 GB
step  22011  rss  1.19 GB  mps  0.00 GB
step  22021  rss  1.34 GB  mps  0.00 GB
step  22031  rss  1.26 GB  mps  0.00 GB
step  22041  rss  1.27 GB  mps  0.00 GB
step  22051  rss  1.63 GB  mps  0.00 GB
step  22061  rss  1.64 GB  mps  0.00 GB
step  22071  rss  1.27 GB  mps  0.00 GB
step  22081  rss  1.26 GB  mps  0.00 GB
step  22091  rss  1.21 GB  mps  0.00 GB
step  22101  rss  1.14 GB  mps  0.00 GB
step  22111  rss  1.47 GB  mps  0.00 GB
step  22121  rss  1.28 GB  mps  0.00 GB
step  22131  rss  1.12 GB  mps  0.00 GB
epoch 130 train time 47.4 s
step  22140  rss  1.42 GB  mps  0.00 GB
step  22150  rss  1.39 GB  mps  0.00 GB
step  22160  rss  1.47 GB  mps  0.00 GB
step  22170  rss  1.53 GB  mps  0.00 GB
step  22180  rss  1.00 GB  mps  0.00 GB
step  22190  rss  1.55 GB  mps  0.00 GB
step  22200  rss  1.27 GB  mps  0.00 GB
step  22210  rss  1.14 GB  mps  0.00 GB
step  22220  rss  1.34 GB  mps  0.00 GB
step  22230  rss  1.22 GB  mps  0.00 GB
step  22240  rss  1.17 GB  mps  0.00 GB
step  22250  rss  1.57 GB  mps  0.00 GB
step  22260  rss  1.39 GB  mps  0.00 GB
step  22270  rss  1.48 GB  mps  0.00 GB
step  22280  rss  1.39 GB  mps  0.00 GB
step  22290  rss  1.32 GB  mps  0.00 GB
step  22300  rss  1.23 GB  mps  0.00 GB
epoch 131 train time 46.2 s
step  22309  rss  1.26 GB  mps  0.00 GB
step  22319  rss  1.32 GB  mps  0.00 GB
step  22329  rss  1.26 GB  mps  0.00 GB
step  22339  rss  1.29 GB  mps  0.00 GB
step  22349  rss  1.46 GB  mps  0.00 GB
step  22359  rss  1.56 GB  mps  0.00 GB
step  22369  rss  1.86 GB  mps  0.00 GB
step  22379  rss  1.31 GB  mps  0.00 GB
step  22389  rss  1.75 GB  mps  0.00 GB
step  22399  rss  1.41 GB  mps  0.00 GB
step  22409  rss  1.10 GB  mps  0.00 GB
step  22419  rss  1.17 GB  mps  0.00 GB
step  22429  rss  1.15 GB  mps  0.00 GB
step  22439  rss  1.58 GB  mps  0.00 GB
step  22449  rss  1.23 GB  mps  0.00 GB
step  22459  rss  1.23 GB  mps  0.00 GB
step  22469  rss  1.28 GB  mps  0.00 GB
epoch 132 train time 46.7 s
step  22478  rss  1.36 GB  mps  0.00 GB
step  22488  rss  1.56 GB  mps  0.00 GB
step  22498  rss  1.03 GB  mps  0.00 GB
step  22508  rss  1.56 GB  mps  0.00 GB
step  22518  rss  1.11 GB  mps  0.00 GB
step  22528  rss  1.34 GB  mps  0.00 GB
step  22538  rss  1.29 GB  mps  0.00 GB
step  22548  rss  1.35 GB  mps  0.00 GB
step  22558  rss  1.39 GB  mps  0.00 GB
step  22568  rss  1.18 GB  mps  0.00 GB
step  22578  rss  0.79 GB  mps  0.00 GB
step  22588  rss  1.03 GB  mps  0.00 GB
step  22598  rss  1.40 GB  mps  0.00 GB
step  22608  rss  1.10 GB  mps  0.00 GB
step  22618  rss  1.10 GB  mps  0.00 GB
step  22628  rss  1.25 GB  mps  0.00 GB
step  22638  rss  1.37 GB  mps  0.00 GB
epoch 133 train time 47.4 s
step  22647  rss  1.33 GB  mps  0.00 GB
step  22657  rss  1.30 GB  mps  0.00 GB
step  22667  rss  1.28 GB  mps  0.00 GB
step  22677  rss  1.39 GB  mps  0.00 GB
step  22687  rss  1.70 GB  mps  0.00 GB
step  22697  rss  1.16 GB  mps  0.00 GB
step  22707  rss  1.25 GB  mps  0.00 GB
step  22717  rss  1.06 GB  mps  0.00 GB
step  22727  rss  1.45 GB  mps  0.00 GB
step  22737  rss  1.36 GB  mps  0.00 GB
step  22747  rss  1.56 GB  mps  0.00 GB
step  22757  rss  1.44 GB  mps  0.00 GB
step  22767  rss  1.49 GB  mps  0.00 GB
step  22777  rss  1.36 GB  mps  0.00 GB
step  22787  rss  1.24 GB  mps  0.00 GB
step  22797  rss  1.12 GB  mps  0.00 GB
step  22807  rss  1.07 GB  mps  0.00 GB
epoch 134 train time 46.4 s
step  22816  rss  1.28 GB  mps  0.00 GB
step  22826  rss  1.33 GB  mps  0.00 GB
step  22836  rss  1.44 GB  mps  0.00 GB
step  22846  rss  1.26 GB  mps  0.00 GB
step  22856  rss  1.21 GB  mps  0.00 GB
step  22866  rss  1.50 GB  mps  0.00 GB
step  22876  rss  1.15 GB  mps  0.00 GB
step  22886  rss  1.45 GB  mps  0.00 GB
step  22896  rss  1.12 GB  mps  0.00 GB
step  22906  rss  1.37 GB  mps  0.00 GB
step  22916  rss  1.30 GB  mps  0.00 GB
step  22926  rss  1.32 GB  mps  0.00 GB
step  22936  rss  1.20 GB  mps  0.00 GB
step  22946  rss  1.23 GB  mps  0.00 GB
step  22956  rss  1.31 GB  mps  0.00 GB
step  22966  rss  1.34 GB  mps  0.00 GB
step  22976  rss  1.34 GB  mps  0.00 GB
epoch 135 train time 1014.5 s
step  22985  rss  1.39 GB  mps  0.00 GB
step  22995  rss  1.15 GB  mps  0.00 GB
step  23005  rss  1.04 GB  mps  0.00 GB
step  23015  rss  1.04 GB  mps  0.00 GB
step  23025  rss  1.38 GB  mps  0.00 GB
step  23035  rss  1.59 GB  mps  0.00 GB
step  23045  rss  1.51 GB  mps  0.00 GB
step  23055  rss  1.53 GB  mps  0.00 GB
step  23065  rss  1.46 GB  mps  0.00 GB
step  23075  rss  1.55 GB  mps  0.00 GB
step  23085  rss  1.11 GB  mps  0.00 GB
step  23095  rss  1.30 GB  mps  0.00 GB
step  23105  rss  1.43 GB  mps  0.00 GB
step  23115  rss  1.08 GB  mps  0.00 GB
step  23125  rss  1.22 GB  mps  0.00 GB
step  23135  rss  1.20 GB  mps  0.00 GB
step  23145  rss  1.61 GB  mps  0.00 GB
epoch 136 train time 50.3 s
step  23154  rss  1.35 GB  mps  0.00 GB
step  23164  rss  1.31 GB  mps  0.00 GB
step  23174  rss  0.99 GB  mps  0.00 GB
step  23184  rss  1.22 GB  mps  0.00 GB
step  23194  rss  1.30 GB  mps  0.00 GB
step  23204  rss  1.29 GB  mps  0.00 GB
step  23214  rss  1.20 GB  mps  0.00 GB
step  23224  rss  1.59 GB  mps  0.00 GB
step  23234  rss  1.54 GB  mps  0.00 GB
step  23244  rss  1.43 GB  mps  0.00 GB
step  23254  rss  1.58 GB  mps  0.00 GB
step  23264  rss  1.48 GB  mps  0.00 GB
step  23274  rss  1.44 GB  mps  0.00 GB
step  23284  rss  1.60 GB  mps  0.00 GB
step  23294  rss  1.26 GB  mps  0.00 GB
step  23304  rss  1.28 GB  mps  0.00 GB
step  23314  rss  1.63 GB  mps  0.00 GB
epoch 137 train time 47.7 s
step  23323  rss  1.22 GB  mps  0.00 GB
step  23333  rss  1.58 GB  mps  0.00 GB
step  23343  rss  1.53 GB  mps  0.00 GB
step  23353  rss  1.53 GB  mps  0.00 GB
step  23363  rss  1.33 GB  mps  0.00 GB
step  23373  rss  1.25 GB  mps  0.00 GB
step  23383  rss  1.20 GB  mps  0.00 GB
step  23393  rss  1.27 GB  mps  0.00 GB
step  23403  rss  1.41 GB  mps  0.00 GB
step  23413  rss  1.35 GB  mps  0.00 GB
step  23423  rss  1.18 GB  mps  0.00 GB
step  23433  rss  1.59 GB  mps  0.00 GB
step  23443  rss  1.21 GB  mps  0.00 GB
step  23453  rss  1.23 GB  mps  0.00 GB
step  23463  rss  1.37 GB  mps  0.00 GB
step  23473  rss  1.74 GB  mps  0.00 GB
step  23483  rss  1.67 GB  mps  0.00 GB
epoch 138 train time 46.8 s
step  23492  rss  1.06 GB  mps  0.00 GB
step  23502  rss  1.35 GB  mps  0.00 GB
step  23512  rss  1.59 GB  mps  0.00 GB
step  23522  rss  1.31 GB  mps  0.00 GB
step  23532  rss  0.83 GB  mps  0.00 GB
step  23542  rss  1.19 GB  mps  0.00 GB
step  23552  rss  1.67 GB  mps  0.00 GB
step  23562  rss  1.26 GB  mps  0.00 GB
step  23572  rss  1.32 GB  mps  0.00 GB
step  23582  rss  1.26 GB  mps  0.00 GB
step  23592  rss  1.29 GB  mps  0.00 GB
step  23602  rss  1.11 GB  mps  0.00 GB
step  23612  rss  1.19 GB  mps  0.00 GB
step  23622  rss  1.15 GB  mps  0.00 GB
step  23632  rss  1.67 GB  mps  0.00 GB
step  23642  rss  1.70 GB  mps  0.00 GB
step  23652  rss  1.18 GB  mps  0.00 GB
epoch 139 train time 48.3 s
step  23661  rss  1.49 GB  mps  0.00 GB
step  23671  rss  1.20 GB  mps  0.00 GB
step  23681  rss  1.68 GB  mps  0.00 GB
step  23691  rss  1.25 GB  mps  0.00 GB
step  23701  rss  1.32 GB  mps  0.00 GB
step  23711  rss  1.18 GB  mps  0.00 GB
step  23721  rss  1.25 GB  mps  0.00 GB
step  23731  rss  1.36 GB  mps  0.00 GB
step  23741  rss  1.14 GB  mps  0.00 GB
step  23751  rss  1.62 GB  mps  0.00 GB
step  23761  rss  1.23 GB  mps  0.00 GB
step  23771  rss  1.63 GB  mps  0.00 GB
step  23781  rss  1.33 GB  mps  0.00 GB
step  23791  rss  1.19 GB  mps  0.00 GB
step  23801  rss  1.25 GB  mps  0.00 GB
step  23811  rss  1.18 GB  mps  0.00 GB
step  23821  rss  1.35 GB  mps  0.00 GB
epoch 140 train time 47.6 s
step  23830  rss  1.21 GB  mps  0.00 GB
step  23840  rss  1.17 GB  mps  0.00 GB
step  23850  rss  1.40 GB  mps  0.00 GB
step  23860  rss  1.31 GB  mps  0.00 GB
step  23870  rss  1.36 GB  mps  0.00 GB
step  23880  rss  1.14 GB  mps  0.00 GB
step  23890  rss  1.25 GB  mps  0.00 GB
step  23900  rss  1.27 GB  mps  0.00 GB
step  23910  rss  1.10 GB  mps  0.00 GB
step  23920  rss  1.63 GB  mps  0.00 GB
step  23930  rss  1.63 GB  mps  0.00 GB
step  23940  rss  1.63 GB  mps  0.00 GB
step  23950  rss  1.31 GB  mps  0.00 GB
step  23960  rss  1.23 GB  mps  0.00 GB
step  23970  rss  1.35 GB  mps  0.00 GB
step  23980  rss  1.27 GB  mps  0.00 GB
step  23990  rss  1.48 GB  mps  0.00 GB
epoch 141 train time 47.3 s
step  23999  rss  1.01 GB  mps  0.00 GB
step  24009  rss  1.63 GB  mps  0.00 GB
step  24019  rss  1.41 GB  mps  0.00 GB
step  24029  rss  1.41 GB  mps  0.00 GB
step  24039  rss  1.33 GB  mps  0.00 GB
step  24049  rss  1.34 GB  mps  0.00 GB
step  24059  rss  1.14 GB  mps  0.00 GB
step  24069  rss  1.31 GB  mps  0.00 GB
step  24079  rss  1.22 GB  mps  0.00 GB
step  24089  rss  1.28 GB  mps  0.00 GB
step  24099  rss  1.29 GB  mps  0.00 GB
step  24109  rss  1.47 GB  mps  0.00 GB
step  24119  rss  1.18 GB  mps  0.00 GB
step  24129  rss  1.28 GB  mps  0.00 GB
step  24139  rss  1.23 GB  mps  0.00 GB
step  24149  rss  1.31 GB  mps  0.00 GB
step  24159  rss  1.21 GB  mps  0.00 GB
epoch 142 train time 47.5 s
step  24168  rss  1.39 GB  mps  0.00 GB
step  24178  rss  1.45 GB  mps  0.00 GB
step  24188  rss  1.36 GB  mps  0.00 GB
step  24198  rss  1.70 GB  mps  0.00 GB
step  24208  rss  1.23 GB  mps  0.00 GB
step  24218  rss  1.19 GB  mps  0.00 GB
step  24228  rss  1.20 GB  mps  0.00 GB
step  24238  rss  1.50 GB  mps  0.00 GB
step  24248  rss  1.32 GB  mps  0.00 GB
step  24258  rss  1.32 GB  mps  0.00 GB
step  24268  rss  1.23 GB  mps  0.00 GB
step  24278  rss  1.30 GB  mps  0.00 GB
step  24288  rss  1.19 GB  mps  0.00 GB
step  24298  rss  1.66 GB  mps  0.00 GB
step  24308  rss  1.29 GB  mps  0.00 GB
step  24318  rss  1.20 GB  mps  0.00 GB
step  24328  rss  1.28 GB  mps  0.00 GB
epoch 143 train time 47.1 s
step  24337  rss  1.42 GB  mps  0.00 GB
step  24347  rss  1.30 GB  mps  0.00 GB
step  24357  rss  1.35 GB  mps  0.00 GB
step  24367  rss  1.34 GB  mps  0.00 GB
step  24377  rss  1.23 GB  mps  0.00 GB
step  24387  rss  1.32 GB  mps  0.00 GB
step  24397  rss  1.28 GB  mps  0.00 GB
step  24407  rss  1.29 GB  mps  0.00 GB
step  24417  rss  1.31 GB  mps  0.00 GB
step  24427  rss  1.22 GB  mps  0.00 GB
step  24437  rss  1.19 GB  mps  0.00 GB
step  24447  rss  1.14 GB  mps  0.00 GB
step  24457  rss  1.23 GB  mps  0.00 GB
step  24467  rss  1.27 GB  mps  0.00 GB
step  24477  rss  1.14 GB  mps  0.00 GB
step  24487  rss  1.29 GB  mps  0.00 GB
step  24497  rss  1.41 GB  mps  0.00 GB
epoch 144 train time 46.2 s
step  24506  rss  0.94 GB  mps  0.00 GB
step  24516  rss  1.11 GB  mps  0.00 GB
step  24526  rss  1.26 GB  mps  0.00 GB
step  24536  rss  1.25 GB  mps  0.00 GB
step  24546  rss  1.29 GB  mps  0.00 GB
step  24556  rss  1.26 GB  mps  0.00 GB
step  24566  rss  1.64 GB  mps  0.00 GB
step  24576  rss  1.00 GB  mps  0.00 GB
step  24586  rss  0.95 GB  mps  0.00 GB
step  24596  rss  1.34 GB  mps  0.00 GB
step  24606  rss  1.31 GB  mps  0.00 GB
step  24616  rss  1.20 GB  mps  0.00 GB
step  24626  rss  1.32 GB  mps  0.00 GB
step  24636  rss  1.58 GB  mps  0.00 GB
step  24646  rss  1.27 GB  mps  0.00 GB
step  24656  rss  1.03 GB  mps  0.00 GB
step  24666  rss  1.29 GB  mps  0.00 GB
epoch 145 train time 46.9 s
step  24675  rss  1.54 GB  mps  0.00 GB
step  24685  rss  1.40 GB  mps  0.00 GB
step  24695  rss  1.58 GB  mps  0.00 GB
step  24705  rss  1.27 GB  mps  0.00 GB
step  24715  rss  1.05 GB  mps  0.00 GB
step  24725  rss  1.20 GB  mps  0.00 GB
step  24735  rss  1.64 GB  mps  0.00 GB
step  24745  rss  1.18 GB  mps  0.00 GB
step  24755  rss  1.19 GB  mps  0.00 GB
step  24765  rss  1.48 GB  mps  0.00 GB
step  24775  rss  1.14 GB  mps  0.00 GB
step  24785  rss  1.24 GB  mps  0.00 GB
step  24795  rss  1.19 GB  mps  0.00 GB
step  24805  rss  1.20 GB  mps  0.00 GB
step  24815  rss  1.21 GB  mps  0.00 GB
step  24825  rss  1.28 GB  mps  0.00 GB
step  24835  rss  1.42 GB  mps  0.00 GB
epoch 146 train time 47.0 s
step  24844  rss  1.09 GB  mps  0.00 GB
step  24854  rss  1.62 GB  mps  0.00 GB
step  24864  rss  1.52 GB  mps  0.00 GB
step  24874  rss  1.35 GB  mps  0.00 GB
step  24884  rss  1.14 GB  mps  0.00 GB
step  24894  rss  1.59 GB  mps  0.00 GB
step  24904  rss  1.57 GB  mps  0.00 GB
step  24914  rss  1.46 GB  mps  0.00 GB
step  24924  rss  1.08 GB  mps  0.00 GB
step  24934  rss  1.25 GB  mps  0.00 GB
step  24944  rss  1.38 GB  mps  0.00 GB
step  24954  rss  1.03 GB  mps  0.00 GB
step  24964  rss  1.24 GB  mps  0.00 GB
step  24974  rss  1.53 GB  mps  0.00 GB
step  24984  rss  1.40 GB  mps  0.00 GB
step  24994  rss  1.36 GB  mps  0.00 GB
step  25004  rss  1.28 GB  mps  0.00 GB
epoch 147 train time 47.3 s
step  25013  rss  1.38 GB  mps  0.00 GB
step  25023  rss  1.30 GB  mps  0.00 GB
step  25033  rss  1.40 GB  mps  0.00 GB
step  25043  rss  1.47 GB  mps  0.00 GB
step  25053  rss  1.24 GB  mps  0.00 GB
step  25063  rss  1.70 GB  mps  0.00 GB
step  25073  rss  1.19 GB  mps  0.00 GB
step  25083  rss  1.25 GB  mps  0.00 GB
step  25093  rss  1.16 GB  mps  0.00 GB
step  25103  rss  1.56 GB  mps  0.00 GB
step  25113  rss  1.60 GB  mps  0.00 GB
step  25123  rss  1.11 GB  mps  0.00 GB
step  25133  rss  1.17 GB  mps  0.00 GB
step  25143  rss  0.91 GB  mps  0.00 GB
step  25153  rss  1.35 GB  mps  0.00 GB
step  25163  rss  1.25 GB  mps  0.00 GB
step  25173  rss  1.23 GB  mps  0.00 GB
epoch 148 train time 46.0 s
step  25182  rss  1.22 GB  mps  0.00 GB
step  25192  rss  1.00 GB  mps  0.00 GB
step  25202  rss  1.32 GB  mps  0.00 GB
step  25212  rss  1.18 GB  mps  0.00 GB
step  25222  rss  1.43 GB  mps  0.00 GB
step  25232  rss  1.09 GB  mps  0.00 GB
step  25242  rss  1.59 GB  mps  0.00 GB
step  25252  rss  1.53 GB  mps  0.00 GB
step  25262  rss  1.26 GB  mps  0.00 GB
step  25272  rss  1.06 GB  mps  0.00 GB
step  25282  rss  1.25 GB  mps  0.00 GB
step  25292  rss  1.77 GB  mps  0.00 GB
step  25302  rss  1.12 GB  mps  0.00 GB
step  25312  rss  1.20 GB  mps  0.00 GB
step  25322  rss  1.53 GB  mps  0.00 GB
step  25332  rss  1.14 GB  mps  0.00 GB
step  25342  rss  1.57 GB  mps  0.00 GB
epoch 149 train time 46.7 s
step  25351  rss  1.58 GB  mps  0.00 GB
step  25361  rss  1.30 GB  mps  0.00 GB
step  25371  rss  1.64 GB  mps  0.00 GB
step  25381  rss  1.05 GB  mps  0.00 GB
step  25391  rss  0.98 GB  mps  0.00 GB
step  25401  rss  1.62 GB  mps  0.00 GB
step  25411  rss  1.32 GB  mps  0.00 GB
step  25421  rss  1.22 GB  mps  0.00 GB
step  25431  rss  1.67 GB  mps  0.00 GB
step  25441  rss  1.37 GB  mps  0.00 GB
step  25451  rss  1.47 GB  mps  0.00 GB
step  25461  rss  1.13 GB  mps  0.00 GB
step  25471  rss  1.42 GB  mps  0.00 GB
step  25481  rss  1.35 GB  mps  0.00 GB
step  25491  rss  1.42 GB  mps  0.00 GB
step  25501  rss  1.32 GB  mps  0.00 GB
step  25511  rss  1.36 GB  mps  0.00 GB
epoch 150 train time 47.3 s
step  25520  rss  1.26 GB  mps  0.00 GB
step  25530  rss  1.39 GB  mps  0.00 GB
step  25540  rss  1.18 GB  mps  0.00 GB
step  25550  rss  1.50 GB  mps  0.00 GB
step  25560  rss  1.30 GB  mps  0.00 GB
step  25570  rss  1.17 GB  mps  0.00 GB
step  25580  rss  1.23 GB  mps  0.00 GB
step  25590  rss  1.71 GB  mps  0.00 GB
step  25600  rss  1.23 GB  mps  0.00 GB
step  25610  rss  1.17 GB  mps  0.00 GB
step  25620  rss  1.74 GB  mps  0.00 GB
step  25630  rss  1.09 GB  mps  0.00 GB
step  25640  rss  1.39 GB  mps  0.00 GB
step  25650  rss  1.00 GB  mps  0.00 GB
step  25660  rss  1.18 GB  mps  0.00 GB
step  25670  rss  1.31 GB  mps  0.00 GB
step  25680  rss  1.32 GB  mps  0.00 GB
epoch 151 train time 47.6 s
step  25689  rss  1.42 GB  mps  0.00 GB
step  25699  rss  1.04 GB  mps  0.00 GB
step  25709  rss  1.60 GB  mps  0.00 GB
step  25719  rss  1.42 GB  mps  0.00 GB
step  25729  rss  1.27 GB  mps  0.00 GB
step  25739  rss  1.19 GB  mps  0.00 GB
step  25749  rss  1.15 GB  mps  0.00 GB
step  25759  rss  1.46 GB  mps  0.00 GB
step  25769  rss  1.40 GB  mps  0.00 GB
step  25779  rss  1.36 GB  mps  0.00 GB
step  25789  rss  1.23 GB  mps  0.00 GB
step  25799  rss  1.18 GB  mps  0.00 GB
step  25809  rss  1.18 GB  mps  0.00 GB
step  25819  rss  1.36 GB  mps  0.00 GB
step  25829  rss  1.28 GB  mps  0.00 GB
step  25839  rss  1.13 GB  mps  0.00 GB
step  25849  rss  1.29 GB  mps  0.00 GB
epoch 152 train time 47.3 s
step  25858  rss  1.10 GB  mps  0.00 GB
step  25868  rss  1.54 GB  mps  0.00 GB
step  25878  rss  1.45 GB  mps  0.00 GB
step  25888  rss  1.22 GB  mps  0.00 GB
step  25898  rss  1.40 GB  mps  0.00 GB
step  25908  rss  1.22 GB  mps  0.00 GB
step  25918  rss  1.26 GB  mps  0.00 GB
step  25928  rss  1.51 GB  mps  0.00 GB
step  25938  rss  1.27 GB  mps  0.00 GB
step  25948  rss  1.62 GB  mps  0.00 GB
step  25958  rss  1.28 GB  mps  0.00 GB
step  25968  rss  1.23 GB  mps  0.00 GB
step  25978  rss  1.14 GB  mps  0.00 GB
step  25988  rss  1.62 GB  mps  0.00 GB
step  25998  rss  1.35 GB  mps  0.00 GB
step  26008  rss  1.33 GB  mps  0.00 GB
step  26018  rss  1.31 GB  mps  0.00 GB
epoch 153 train time 46.8 s
step  26027  rss  1.29 GB  mps  0.00 GB
step  26037  rss  1.42 GB  mps  0.00 GB
step  26047  rss  1.05 GB  mps  0.00 GB
step  26057  rss  1.34 GB  mps  0.00 GB
step  26067  rss  1.24 GB  mps  0.00 GB
step  26077  rss  1.22 GB  mps  0.00 GB
step  26087  rss  1.35 GB  mps  0.00 GB
step  26097  rss  1.49 GB  mps  0.00 GB
step  26107  rss  1.45 GB  mps  0.00 GB
step  26117  rss  1.27 GB  mps  0.00 GB
step  26127  rss  1.53 GB  mps  0.00 GB
step  26137  rss  1.30 GB  mps  0.00 GB
step  26147  rss  1.26 GB  mps  0.00 GB
step  26157  rss  1.26 GB  mps  0.00 GB
step  26167  rss  1.46 GB  mps  0.00 GB
step  26177  rss  1.47 GB  mps  0.00 GB
step  26187  rss  1.27 GB  mps  0.00 GB
epoch 154 train time 46.5 s
step  26196  rss  1.50 GB  mps  0.00 GB
step  26206  rss  1.17 GB  mps  0.00 GB
step  26216  rss  1.34 GB  mps  0.00 GB
step  26226  rss  1.21 GB  mps  0.00 GB
step  26236  rss  1.35 GB  mps  0.00 GB
step  26246  rss  1.27 GB  mps  0.00 GB
step  26256  rss  1.21 GB  mps  0.00 GB
step  26266  rss  1.26 GB  mps  0.00 GB
step  26276  rss  1.81 GB  mps  0.00 GB
step  26286  rss  1.25 GB  mps  0.00 GB
step  26296  rss  1.34 GB  mps  0.00 GB
step  26306  rss  1.19 GB  mps  0.00 GB
step  26316  rss  1.52 GB  mps  0.00 GB
step  26326  rss  1.35 GB  mps  0.00 GB
step  26336  rss  1.27 GB  mps  0.00 GB
step  26346  rss  1.23 GB  mps  0.00 GB
step  26356  rss  1.34 GB  mps  0.00 GB
epoch 155 train time 46.7 s
step  26365  rss  1.23 GB  mps  0.00 GB
step  26375  rss  1.44 GB  mps  0.00 GB
step  26385  rss  1.54 GB  mps  0.00 GB
step  26395  rss  1.67 GB  mps  0.00 GB
step  26405  rss  1.24 GB  mps  0.00 GB
step  26415  rss  1.39 GB  mps  0.00 GB
step  26425  rss  1.53 GB  mps  0.00 GB
step  26435  rss  1.53 GB  mps  0.00 GB
step  26445  rss  1.10 GB  mps  0.00 GB
step  26455  rss  1.24 GB  mps  0.00 GB
step  26465  rss  1.56 GB  mps  0.00 GB
step  26475  rss  1.43 GB  mps  0.00 GB
step  26485  rss  1.37 GB  mps  0.00 GB
step  26495  rss  1.33 GB  mps  0.00 GB
step  26505  rss  1.13 GB  mps  0.00 GB
step  26515  rss  1.51 GB  mps  0.00 GB
step  26525  rss  1.25 GB  mps  0.00 GB
epoch 156 train time 46.5 s
step  26534  rss  1.12 GB  mps  0.00 GB
step  26544  rss  1.17 GB  mps  0.00 GB
step  26554  rss  1.16 GB  mps  0.00 GB
step  26564  rss  1.17 GB  mps  0.00 GB
step  26574  rss  1.19 GB  mps  0.00 GB
step  26584  rss  1.24 GB  mps  0.00 GB
step  26594  rss  1.37 GB  mps  0.00 GB
step  26604  rss  1.32 GB  mps  0.00 GB
step  26614  rss  1.23 GB  mps  0.00 GB
step  26624  rss  1.25 GB  mps  0.00 GB
step  26634  rss  1.62 GB  mps  0.00 GB
step  26644  rss  1.11 GB  mps  0.00 GB
step  26654  rss  1.29 GB  mps  0.00 GB
step  26664  rss  1.31 GB  mps  0.00 GB
step  26674  rss  1.06 GB  mps  0.00 GB
step  26684  rss  1.22 GB  mps  0.00 GB
step  26694  rss  1.33 GB  mps  0.00 GB
epoch 157 train time 47.1 s
step  26703  rss  1.25 GB  mps  0.00 GB
step  26713  rss  1.51 GB  mps  0.00 GB
step  26723  rss  0.99 GB  mps  0.00 GB
step  26733  rss  1.02 GB  mps  0.00 GB
step  26743  rss  1.29 GB  mps  0.00 GB
step  26753  rss  1.31 GB  mps  0.00 GB
step  26763  rss  1.42 GB  mps  0.00 GB
step  26773  rss  1.40 GB  mps  0.00 GB
step  26783  rss  1.56 GB  mps  0.00 GB
step  26793  rss  1.18 GB  mps  0.00 GB
step  26803  rss  1.21 GB  mps  0.00 GB
step  26813  rss  1.22 GB  mps  0.00 GB
step  26823  rss  1.66 GB  mps  0.00 GB
step  26833  rss  1.17 GB  mps  0.00 GB
step  26843  rss  1.54 GB  mps  0.00 GB
step  26853  rss  1.57 GB  mps  0.00 GB
step  26863  rss  1.05 GB  mps  0.00 GB
epoch 158 train time 46.2 s
step  26872  rss  1.34 GB  mps  0.00 GB
step  26882  rss  1.42 GB  mps  0.00 GB
step  26892  rss  1.24 GB  mps  0.00 GB
step  26902  rss  1.12 GB  mps  0.00 GB
step  26912  rss  1.15 GB  mps  0.00 GB
step  26922  rss  1.28 GB  mps  0.00 GB
step  26932  rss  1.29 GB  mps  0.00 GB
step  26942  rss  1.44 GB  mps  0.00 GB
step  26952  rss  1.62 GB  mps  0.00 GB
step  26962  rss  1.31 GB  mps  0.00 GB
step  26972  rss  1.31 GB  mps  0.00 GB
step  26982  rss  1.52 GB  mps  0.00 GB
step  26992  rss  1.38 GB  mps  0.00 GB
step  27002  rss  1.19 GB  mps  0.00 GB
step  27012  rss  1.47 GB  mps  0.00 GB
step  27022  rss  0.98 GB  mps  0.00 GB
step  27032  rss  1.52 GB  mps  0.00 GB
epoch 159 train time 46.9 s
step  27041  rss  1.28 GB  mps  0.00 GB
step  27051  rss  1.39 GB  mps  0.00 GB
step  27061  rss  1.01 GB  mps  0.00 GB
step  27071  rss  1.45 GB  mps  0.00 GB
step  27081  rss  1.19 GB  mps  0.00 GB
step  27091  rss  1.41 GB  mps  0.00 GB
step  27101  rss  1.21 GB  mps  0.00 GB
step  27111  rss  1.25 GB  mps  0.00 GB
step  27121  rss  1.30 GB  mps  0.00 GB
step  27131  rss  1.38 GB  mps  0.00 GB
step  27141  rss  1.33 GB  mps  0.00 GB
step  27151  rss  1.42 GB  mps  0.00 GB
step  27161  rss  1.42 GB  mps  0.00 GB
step  27171  rss  1.28 GB  mps  0.00 GB
step  27181  rss  1.33 GB  mps  0.00 GB
step  27191  rss  1.26 GB  mps  0.00 GB
step  27201  rss  1.41 GB  mps  0.00 GB
epoch 160 train time 45.9 s
step  27210  rss  1.31 GB  mps  0.00 GB
step  27220  rss  1.19 GB  mps  0.00 GB
step  27230  rss  1.35 GB  mps  0.00 GB
step  27240  rss  1.74 GB  mps  0.00 GB
step  27250  rss  1.49 GB  mps  0.00 GB
step  27260  rss  1.18 GB  mps  0.00 GB
step  27270  rss  1.32 GB  mps  0.00 GB
step  27280  rss  1.11 GB  mps  0.00 GB
step  27290  rss  1.11 GB  mps  0.00 GB
step  27300  rss  1.07 GB  mps  0.00 GB
step  27310  rss  1.34 GB  mps  0.00 GB
step  27320  rss  1.19 GB  mps  0.00 GB
step  27330  rss  1.67 GB  mps  0.00 GB
step  27340  rss  1.47 GB  mps  0.00 GB
step  27350  rss  1.17 GB  mps  0.00 GB
step  27360  rss  1.06 GB  mps  0.00 GB
step  27370  rss  1.52 GB  mps  0.00 GB
epoch 161 train time 47.1 s
step  27379  rss  1.43 GB  mps  0.00 GB
step  27389  rss  1.28 GB  mps  0.00 GB
step  27399  rss  1.22 GB  mps  0.00 GB
step  27409  rss  1.16 GB  mps  0.00 GB
step  27419  rss  1.16 GB  mps  0.00 GB
step  27429  rss  1.22 GB  mps  0.00 GB
step  27439  rss  1.61 GB  mps  0.00 GB
step  27449  rss  1.33 GB  mps  0.00 GB
step  27459  rss  1.27 GB  mps  0.00 GB
step  27469  rss  1.25 GB  mps  0.00 GB
step  27479  rss  1.22 GB  mps  0.00 GB
step  27489  rss  1.18 GB  mps  0.00 GB
step  27499  rss  1.26 GB  mps  0.00 GB
step  27509  rss  1.50 GB  mps  0.00 GB
step  27519  rss  1.66 GB  mps  0.00 GB
step  27529  rss  1.27 GB  mps  0.00 GB
step  27539  rss  1.10 GB  mps  0.00 GB
epoch 162 train time 46.2 s
step  27548  rss  1.35 GB  mps  0.00 GB
step  27558  rss  1.52 GB  mps  0.00 GB
step  27568  rss  1.04 GB  mps  0.00 GB
step  27578  rss  1.30 GB  mps  0.00 GB
step  27588  rss  1.15 GB  mps  0.00 GB
step  27598  rss  1.21 GB  mps  0.00 GB
step  27608  rss  1.35 GB  mps  0.00 GB
step  27618  rss  1.33 GB  mps  0.00 GB
step  27628  rss  1.17 GB  mps  0.00 GB
step  27638  rss  1.21 GB  mps  0.00 GB
step  27648  rss  1.28 GB  mps  0.00 GB
step  27658  rss  1.37 GB  mps  0.00 GB
step  27668  rss  1.18 GB  mps  0.00 GB
step  27678  rss  1.26 GB  mps  0.00 GB
step  27688  rss  1.29 GB  mps  0.00 GB
step  27698  rss  1.26 GB  mps  0.00 GB
step  27708  rss  1.18 GB  mps  0.00 GB
epoch 163 train time 48.6 s
step  27717  rss  1.29 GB  mps  0.00 GB
step  27727  rss  1.32 GB  mps  0.00 GB
step  27737  rss  1.42 GB  mps  0.00 GB
step  27747  rss  1.40 GB  mps  0.00 GB
step  27757  rss  1.50 GB  mps  0.00 GB
step  27767  rss  1.45 GB  mps  0.00 GB
step  27777  rss  1.52 GB  mps  0.00 GB
step  27787  rss  1.34 GB  mps  0.00 GB
step  27797  rss  1.47 GB  mps  0.00 GB
step  27807  rss  1.43 GB  mps  0.00 GB
step  27817  rss  1.34 GB  mps  0.00 GB
step  27827  rss  1.42 GB  mps  0.00 GB
step  27837  rss  1.27 GB  mps  0.00 GB
step  27847  rss  1.54 GB  mps  0.00 GB
step  27857  rss  1.29 GB  mps  0.00 GB
step  27867  rss  1.63 GB  mps  0.00 GB
step  27877  rss  1.09 GB  mps  0.00 GB
epoch 164 train time 46.8 s
step  27886  rss  1.00 GB  mps  0.00 GB
step  27896  rss  1.47 GB  mps  0.00 GB
step  27906  rss  1.43 GB  mps  0.00 GB
step  27916  rss  1.41 GB  mps  0.00 GB
step  27926  rss  1.35 GB  mps  0.00 GB
step  27936  rss  1.36 GB  mps  0.00 GB
step  27946  rss  1.32 GB  mps  0.00 GB
step  27956  rss  1.90 GB  mps  0.00 GB
step  27966  rss  1.16 GB  mps  0.00 GB
step  27976  rss  0.98 GB  mps  0.00 GB
step  27986  rss  1.14 GB  mps  0.00 GB
step  27996  rss  1.51 GB  mps  0.00 GB
step  28006  rss  1.30 GB  mps  0.00 GB
step  28016  rss  1.46 GB  mps  0.00 GB
step  28026  rss  1.42 GB  mps  0.00 GB
step  28036  rss  1.05 GB  mps  0.00 GB
step  28046  rss  1.19 GB  mps  0.00 GB
epoch 165 train time 46.5 s
step  28055  rss  1.28 GB  mps  0.00 GB
step  28065  rss  1.46 GB  mps  0.00 GB
step  28075  rss  1.10 GB  mps  0.00 GB
step  28085  rss  1.18 GB  mps  0.00 GB
step  28095  rss  1.39 GB  mps  0.00 GB
step  28105  rss  1.43 GB  mps  0.00 GB
step  28115  rss  1.20 GB  mps  0.00 GB
step  28125  rss  1.17 GB  mps  0.00 GB
step  28135  rss  1.49 GB  mps  0.00 GB
step  28145  rss  1.27 GB  mps  0.00 GB
step  28155  rss  1.15 GB  mps  0.00 GB
step  28165  rss  1.75 GB  mps  0.00 GB
step  28175  rss  1.35 GB  mps  0.00 GB
step  28185  rss  1.35 GB  mps  0.00 GB
step  28195  rss  1.39 GB  mps  0.00 GB
step  28205  rss  1.23 GB  mps  0.00 GB
step  28215  rss  1.49 GB  mps  0.00 GB
epoch 166 train time 46.4 s
step  28224  rss  1.21 GB  mps  0.00 GB
step  28234  rss  1.67 GB  mps  0.00 GB
step  28244  rss  1.38 GB  mps  0.00 GB
step  28254  rss  1.29 GB  mps  0.00 GB
step  28264  rss  1.60 GB  mps  0.00 GB
step  28274  rss  1.32 GB  mps  0.00 GB
step  28284  rss  1.25 GB  mps  0.00 GB
step  28294  rss  1.14 GB  mps  0.00 GB
step  28304  rss  1.41 GB  mps  0.00 GB
step  28314  rss  1.32 GB  mps  0.00 GB
step  28324  rss  1.09 GB  mps  0.00 GB
step  28334  rss  1.34 GB  mps  0.00 GB
step  28344  rss  1.67 GB  mps  0.00 GB
step  28354  rss  1.13 GB  mps  0.00 GB
step  28364  rss  1.09 GB  mps  0.00 GB
step  28374  rss  1.54 GB  mps  0.00 GB
step  28384  rss  1.11 GB  mps  0.00 GB
epoch 167 train time 47.1 s
step  28393  rss  1.40 GB  mps  0.00 GB
step  28403  rss  1.67 GB  mps  0.00 GB
step  28413  rss  1.30 GB  mps  0.00 GB
step  28423  rss  1.38 GB  mps  0.00 GB
step  28433  rss  1.38 GB  mps  0.00 GB
step  28443  rss  1.03 GB  mps  0.00 GB
step  28453  rss  1.08 GB  mps  0.00 GB
step  28463  rss  1.25 GB  mps  0.00 GB
step  28473  rss  1.21 GB  mps  0.00 GB
step  28483  rss  1.48 GB  mps  0.00 GB
step  28493  rss  1.39 GB  mps  0.00 GB
step  28503  rss  1.18 GB  mps  0.00 GB
step  28513  rss  1.46 GB  mps  0.00 GB
step  28523  rss  1.27 GB  mps  0.00 GB
step  28533  rss  1.20 GB  mps  0.00 GB
step  28543  rss  1.61 GB  mps  0.00 GB
step  28553  rss  1.30 GB  mps  0.00 GB
epoch 168 train time 46.1 s
step  28562  rss  1.41 GB  mps  0.00 GB
step  28572  rss  0.99 GB  mps  0.00 GB
step  28582  rss  1.26 GB  mps  0.00 GB
step  28592  rss  1.06 GB  mps  0.00 GB
step  28602  rss  1.21 GB  mps  0.00 GB
step  28612  rss  1.27 GB  mps  0.00 GB
step  28622  rss  1.36 GB  mps  0.00 GB
step  28632  rss  1.52 GB  mps  0.00 GB
step  28642  rss  1.13 GB  mps  0.00 GB
step  28652  rss  1.15 GB  mps  0.00 GB
step  28662  rss  1.35 GB  mps  0.00 GB
step  28672  rss  1.44 GB  mps  0.00 GB
step  28682  rss  1.48 GB  mps  0.00 GB
step  28692  rss  1.48 GB  mps  0.00 GB
step  28702  rss  1.43 GB  mps  0.00 GB
step  28712  rss  1.56 GB  mps  0.00 GB
step  28722  rss  1.32 GB  mps  0.00 GB
epoch 169 train time 46.1 s
step  28731  rss  1.47 GB  mps  0.00 GB
step  28741  rss  1.55 GB  mps  0.00 GB
step  28751  rss  1.76 GB  mps  0.00 GB
step  28761  rss  1.70 GB  mps  0.00 GB
step  28771  rss  1.30 GB  mps  0.00 GB
step  28781  rss  1.26 GB  mps  0.00 GB
step  28791  rss  1.26 GB  mps  0.00 GB
step  28801  rss  1.51 GB  mps  0.00 GB
step  28811  rss  1.10 GB  mps  0.00 GB
step  28821  rss  1.04 GB  mps  0.00 GB
step  28831  rss  1.61 GB  mps  0.00 GB
step  28841  rss  1.55 GB  mps  0.00 GB
step  28851  rss  1.21 GB  mps  0.00 GB
step  28861  rss  1.31 GB  mps  0.00 GB
step  28871  rss  1.13 GB  mps  0.00 GB
step  28881  rss  1.27 GB  mps  0.00 GB
step  28891  rss  1.15 GB  mps  0.00 GB
epoch 170 train time 47.3 s
step  28900  rss  1.39 GB  mps  0.00 GB
step  28910  rss  1.28 GB  mps  0.00 GB
step  28920  rss  1.33 GB  mps  0.00 GB
step  28930  rss  1.29 GB  mps  0.00 GB
step  28940  rss  1.29 GB  mps  0.00 GB
step  28950  rss  1.38 GB  mps  0.00 GB
step  28960  rss  1.16 GB  mps  0.00 GB
step  28970  rss  1.29 GB  mps  0.00 GB
step  28980  rss  1.22 GB  mps  0.00 GB
step  28990  rss  1.29 GB  mps  0.00 GB
step  29000  rss  1.27 GB  mps  0.00 GB
step  29010  rss  1.30 GB  mps  0.00 GB
step  29020  rss  1.45 GB  mps  0.00 GB
step  29030  rss  1.53 GB  mps  0.00 GB
step  29040  rss  1.11 GB  mps  0.00 GB
step  29050  rss  1.52 GB  mps  0.00 GB
step  29060  rss  1.05 GB  mps  0.00 GB
epoch 171 train time 47.0 s
step  29069  rss  1.36 GB  mps  0.00 GB
step  29079  rss  0.69 GB  mps  0.00 GB
step  29089  rss  1.50 GB  mps  0.00 GB
step  29099  rss  1.35 GB  mps  0.00 GB
step  29109  rss  1.25 GB  mps  0.00 GB
step  29119  rss  1.50 GB  mps  0.00 GB
step  29129  rss  1.29 GB  mps  0.00 GB
step  29139  rss  1.42 GB  mps  0.00 GB
step  29149  rss  1.17 GB  mps  0.00 GB
step  29159  rss  1.19 GB  mps  0.00 GB
step  29169  rss  1.63 GB  mps  0.00 GB
step  29179  rss  1.13 GB  mps  0.00 GB
step  29189  rss  1.07 GB  mps  0.00 GB
step  29199  rss  1.54 GB  mps  0.00 GB
step  29209  rss  1.25 GB  mps  0.00 GB
step  29219  rss  1.26 GB  mps  0.00 GB
step  29229  rss  1.49 GB  mps  0.00 GB
epoch 172 train time 46.5 s
step  29238  rss  1.11 GB  mps  0.00 GB
step  29248  rss  1.24 GB  mps  0.00 GB
step  29258  rss  1.34 GB  mps  0.00 GB
step  29268  rss  1.34 GB  mps  0.00 GB
step  29278  rss  1.20 GB  mps  0.00 GB
step  29288  rss  1.17 GB  mps  0.00 GB
step  29298  rss  1.19 GB  mps  0.00 GB
step  29308  rss  1.59 GB  mps  0.00 GB
step  29318  rss  1.29 GB  mps  0.00 GB
step  29328  rss  1.59 GB  mps  0.00 GB
step  29338  rss  1.59 GB  mps  0.00 GB
step  29348  rss  1.34 GB  mps  0.00 GB
step  29358  rss  1.14 GB  mps  0.00 GB
step  29368  rss  1.20 GB  mps  0.00 GB
step  29378  rss  1.50 GB  mps  0.00 GB
step  29388  rss  1.43 GB  mps  0.00 GB
step  29398  rss  1.66 GB  mps  0.00 GB
epoch 173 train time 46.5 s
step  29407  rss  1.05 GB  mps  0.00 GB
step  29417  rss  1.28 GB  mps  0.00 GB
step  29427  rss  1.24 GB  mps  0.00 GB
step  29437  rss  1.44 GB  mps  0.00 GB
step  29447  rss  1.15 GB  mps  0.00 GB
step  29457  rss  1.79 GB  mps  0.00 GB
step  29467  rss  1.09 GB  mps  0.00 GB
step  29477  rss  1.32 GB  mps  0.00 GB
step  29487  rss  1.12 GB  mps  0.00 GB
step  29497  rss  1.23 GB  mps  0.00 GB
step  29507  rss  1.62 GB  mps  0.00 GB
step  29517  rss  1.49 GB  mps  0.00 GB
step  29527  rss  1.25 GB  mps  0.00 GB
step  29537  rss  1.22 GB  mps  0.00 GB
step  29547  rss  1.59 GB  mps  0.00 GB
step  29557  rss  1.21 GB  mps  0.00 GB
step  29567  rss  1.36 GB  mps  0.00 GB
epoch 174 train time 46.7 s
step  29576  rss  1.38 GB  mps  0.00 GB
step  29586  rss  1.58 GB  mps  0.00 GB
step  29596  rss  1.14 GB  mps  0.00 GB
step  29606  rss  1.08 GB  mps  0.00 GB
step  29616  rss  1.28 GB  mps  0.00 GB
step  29626  rss  1.56 GB  mps  0.00 GB
step  29636  rss  1.26 GB  mps  0.00 GB
step  29646  rss  1.15 GB  mps  0.00 GB
step  29656  rss  1.20 GB  mps  0.00 GB
step  29666  rss  1.15 GB  mps  0.00 GB
step  29676  rss  1.59 GB  mps  0.00 GB
step  29686  rss  1.55 GB  mps  0.00 GB
step  29696  rss  1.27 GB  mps  0.00 GB
step  29706  rss  1.35 GB  mps  0.00 GB
step  29716  rss  1.20 GB  mps  0.00 GB
step  29726  rss  1.33 GB  mps  0.00 GB
step  29736  rss  1.28 GB  mps  0.00 GB
epoch 175 train time 46.7 s
step  29745  rss  1.37 GB  mps  0.00 GB
step  29755  rss  1.25 GB  mps  0.00 GB
step  29765  rss  1.26 GB  mps  0.00 GB
step  29775  rss  1.27 GB  mps  0.00 GB
step  29785  rss  1.50 GB  mps  0.00 GB
step  29795  rss  1.12 GB  mps  0.00 GB
step  29805  rss  1.23 GB  mps  0.00 GB
step  29815  rss  1.21 GB  mps  0.00 GB
step  29825  rss  1.69 GB  mps  0.00 GB
step  29835  rss  1.35 GB  mps  0.00 GB
step  29845  rss  1.33 GB  mps  0.00 GB
step  29855  rss  1.27 GB  mps  0.00 GB
step  29865  rss  1.27 GB  mps  0.00 GB
step  29875  rss  1.40 GB  mps  0.00 GB
step  29885  rss  1.14 GB  mps  0.00 GB
step  29895  rss  1.45 GB  mps  0.00 GB
step  29905  rss  1.28 GB  mps  0.00 GB
epoch 176 train time 46.8 s
step  29914  rss  1.35 GB  mps  0.00 GB
step  29924  rss  1.24 GB  mps  0.00 GB
step  29934  rss  1.12 GB  mps  0.00 GB
step  29944  rss  1.07 GB  mps  0.00 GB
step  29954  rss  1.37 GB  mps  0.00 GB
step  29964  rss  1.27 GB  mps  0.00 GB
step  29974  rss  1.24 GB  mps  0.00 GB
step  29984  rss  1.24 GB  mps  0.00 GB
step  29994  rss  1.34 GB  mps  0.00 GB
step  30004  rss  1.35 GB  mps  0.00 GB
step  30014  rss  1.24 GB  mps  0.00 GB
step  30024  rss  1.30 GB  mps  0.00 GB
step  30034  rss  1.24 GB  mps  0.00 GB
step  30044  rss  1.57 GB  mps  0.00 GB
step  30054  rss  1.61 GB  mps  0.00 GB
step  30064  rss  1.31 GB  mps  0.00 GB
step  30074  rss  1.31 GB  mps  0.00 GB
epoch 177 train time 47.0 s
step  30083  rss  1.48 GB  mps  0.00 GB
step  30093  rss  1.41 GB  mps  0.00 GB
step  30103  rss  1.64 GB  mps  0.00 GB
step  30113  rss  1.15 GB  mps  0.00 GB
step  30123  rss  1.28 GB  mps  0.00 GB
step  30133  rss  1.29 GB  mps  0.00 GB
step  30143  rss  1.59 GB  mps  0.00 GB
step  30153  rss  1.49 GB  mps  0.00 GB
step  30163  rss  1.14 GB  mps  0.00 GB
step  30173  rss  1.68 GB  mps  0.00 GB
step  30183  rss  1.17 GB  mps  0.00 GB
step  30193  rss  1.63 GB  mps  0.00 GB
step  30203  rss  1.06 GB  mps  0.00 GB
step  30213  rss  1.57 GB  mps  0.00 GB
step  30223  rss  1.56 GB  mps  0.00 GB
step  30233  rss  1.15 GB  mps  0.00 GB
step  30243  rss  1.53 GB  mps  0.00 GB
epoch 178 train time 47.3 s
step  30252  rss  1.32 GB  mps  0.00 GB
step  30262  rss  1.15 GB  mps  0.00 GB
step  30272  rss  1.31 GB  mps  0.00 GB
step  30282  rss  1.35 GB  mps  0.00 GB
step  30292  rss  1.68 GB  mps  0.00 GB
step  30302  rss  1.18 GB  mps  0.00 GB
step  30312  rss  1.19 GB  mps  0.00 GB
step  30322  rss  1.78 GB  mps  0.00 GB
step  30332  rss  1.36 GB  mps  0.00 GB
step  30342  rss  1.50 GB  mps  0.00 GB
step  30352  rss  1.48 GB  mps  0.00 GB
step  30362  rss  1.19 GB  mps  0.00 GB
step  30372  rss  1.00 GB  mps  0.00 GB
step  30382  rss  1.32 GB  mps  0.00 GB
step  30392  rss  1.19 GB  mps  0.00 GB
step  30402  rss  1.15 GB  mps  0.00 GB
step  30412  rss  1.54 GB  mps  0.00 GB
epoch 179 train time 46.6 s
step  30421  rss  1.39 GB  mps  0.00 GB
step  30431  rss  1.27 GB  mps  0.00 GB
step  30441  rss  1.00 GB  mps  0.00 GB
step  30451  rss  1.30 GB  mps  0.00 GB
step  30461  rss  1.77 GB  mps  0.00 GB
step  30471  rss  1.24 GB  mps  0.00 GB
step  30481  rss  1.23 GB  mps  0.00 GB
step  30491  rss  1.57 GB  mps  0.00 GB
step  30501  rss  1.51 GB  mps  0.00 GB
step  30511  rss  1.65 GB  mps  0.00 GB
step  30521  rss  1.19 GB  mps  0.00 GB
step  30531  rss  1.07 GB  mps  0.00 GB
step  30541  rss  1.54 GB  mps  0.00 GB
step  30551  rss  1.51 GB  mps  0.00 GB
step  30561  rss  1.49 GB  mps  0.00 GB
step  30571  rss  1.49 GB  mps  0.00 GB
step  30581  rss  1.27 GB  mps  0.00 GB
epoch 180 train time 46.4 s
step  30590  rss  1.03 GB  mps  0.00 GB
step  30600  rss  1.28 GB  mps  0.00 GB
step  30610  rss  1.04 GB  mps  0.00 GB
step  30620  rss  1.16 GB  mps  0.00 GB
step  30630  rss  1.31 GB  mps  0.00 GB
step  30640  rss  1.55 GB  mps  0.00 GB
step  30650  rss  1.74 GB  mps  0.00 GB
step  30660  rss  1.14 GB  mps  0.00 GB
step  30670  rss  1.53 GB  mps  0.00 GB
step  30680  rss  1.48 GB  mps  0.00 GB
step  30690  rss  1.68 GB  mps  0.00 GB
step  30700  rss  1.28 GB  mps  0.00 GB
step  30710  rss  1.30 GB  mps  0.00 GB
step  30720  rss  1.15 GB  mps  0.00 GB
step  30730  rss  1.09 GB  mps  0.00 GB
step  30740  rss  1.40 GB  mps  0.00 GB
step  30750  rss  1.30 GB  mps  0.00 GB
epoch 181 train time 47.5 s
step  30759  rss  1.40 GB  mps  0.00 GB
step  30769  rss  1.42 GB  mps  0.00 GB
step  30779  rss  1.22 GB  mps  0.00 GB
step  30789  rss  1.21 GB  mps  0.00 GB
step  30799  rss  1.21 GB  mps  0.00 GB
step  30809  rss  1.27 GB  mps  0.00 GB
step  30819  rss  1.55 GB  mps  0.00 GB
step  30829  rss  1.14 GB  mps  0.00 GB
step  30839  rss  1.41 GB  mps  0.00 GB
step  30849  rss  1.41 GB  mps  0.00 GB
step  30859  rss  1.33 GB  mps  0.00 GB
step  30869  rss  1.23 GB  mps  0.00 GB
step  30879  rss  1.70 GB  mps  0.00 GB
step  30889  rss  1.48 GB  mps  0.00 GB
step  30899  rss  1.29 GB  mps  0.00 GB
step  30909  rss  1.50 GB  mps  0.00 GB
step  30919  rss  1.04 GB  mps  0.00 GB
epoch 182 train time 46.3 s
step  30928  rss  1.39 GB  mps  0.00 GB
step  30938  rss  1.25 GB  mps  0.00 GB
step  30948  rss  1.34 GB  mps  0.00 GB
step  30958  rss  1.72 GB  mps  0.00 GB
step  30968  rss  1.16 GB  mps  0.00 GB
step  30978  rss  1.49 GB  mps  0.00 GB
step  30988  rss  1.59 GB  mps  0.00 GB
step  30998  rss  1.52 GB  mps  0.00 GB
step  31008  rss  1.31 GB  mps  0.00 GB
step  31018  rss  1.18 GB  mps  0.00 GB
step  31028  rss  1.60 GB  mps  0.00 GB
step  31038  rss  1.15 GB  mps  0.00 GB
step  31048  rss  1.23 GB  mps  0.00 GB
step  31058  rss  1.54 GB  mps  0.00 GB
step  31068  rss  1.16 GB  mps  0.00 GB
step  31078  rss  1.10 GB  mps  0.00 GB
step  31088  rss  1.11 GB  mps  0.00 GB
epoch 183 train time 47.2 s
step  31097  rss  1.37 GB  mps  0.00 GB
step  31107  rss  1.26 GB  mps  0.00 GB
step  31117  rss  1.25 GB  mps  0.00 GB
step  31127  rss  1.14 GB  mps  0.00 GB
step  31137  rss  1.49 GB  mps  0.00 GB
step  31147  rss  1.31 GB  mps  0.00 GB
step  31157  rss  1.31 GB  mps  0.00 GB
step  31167  rss  1.15 GB  mps  0.00 GB
step  31177  rss  1.25 GB  mps  0.00 GB
step  31187  rss  1.56 GB  mps  0.00 GB
step  31197  rss  1.16 GB  mps  0.00 GB
step  31207  rss  1.60 GB  mps  0.00 GB
step  31217  rss  1.34 GB  mps  0.00 GB
step  31227  rss  1.31 GB  mps  0.00 GB
step  31237  rss  1.29 GB  mps  0.00 GB
step  31247  rss  1.26 GB  mps  0.00 GB
step  31257  rss  1.09 GB  mps  0.00 GB
epoch 184 train time 46.5 s
step  31266  rss  1.33 GB  mps  0.00 GB
step  31276  rss  1.58 GB  mps  0.00 GB
step  31286  rss  1.18 GB  mps  0.00 GB
step  31296  rss  1.19 GB  mps  0.00 GB
step  31306  rss  1.44 GB  mps  0.00 GB
step  31316  rss  1.22 GB  mps  0.00 GB
step  31326  rss  1.23 GB  mps  0.00 GB
step  31336  rss  1.30 GB  mps  0.00 GB
step  31346  rss  1.26 GB  mps  0.00 GB
step  31356  rss  1.10 GB  mps  0.00 GB
step  31366  rss  1.11 GB  mps  0.00 GB
step  31376  rss  1.46 GB  mps  0.00 GB
step  31386  rss  1.34 GB  mps  0.00 GB
step  31396  rss  1.44 GB  mps  0.00 GB
step  31406  rss  1.20 GB  mps  0.00 GB
step  31416  rss  1.16 GB  mps  0.00 GB
step  31426  rss  1.25 GB  mps  0.00 GB
epoch 185 train time 47.1 s
step  31435  rss  1.38 GB  mps  0.00 GB
step  31445  rss  1.33 GB  mps  0.00 GB
step  31455  rss  1.33 GB  mps  0.00 GB
step  31465  rss  1.25 GB  mps  0.00 GB
step  31475  rss  1.65 GB  mps  0.00 GB
step  31485  rss  1.39 GB  mps  0.00 GB
step  31495  rss  1.05 GB  mps  0.00 GB
step  31505  rss  1.57 GB  mps  0.00 GB
step  31515  rss  1.25 GB  mps  0.00 GB
step  31525  rss  1.33 GB  mps  0.00 GB
step  31535  rss  1.22 GB  mps  0.00 GB
step  31545  rss  1.24 GB  mps  0.00 GB
step  31555  rss  1.25 GB  mps  0.00 GB
step  31565  rss  1.51 GB  mps  0.00 GB
step  31575  rss  1.01 GB  mps  0.00 GB
step  31585  rss  1.53 GB  mps  0.00 GB
step  31595  rss  1.50 GB  mps  0.00 GB
epoch 186 train time 46.5 s
step  31604  rss  0.92 GB  mps  0.00 GB
step  31614  rss  1.43 GB  mps  0.00 GB
step  31624  rss  1.59 GB  mps  0.00 GB
step  31634  rss  1.55 GB  mps  0.00 GB
step  31644  rss  1.36 GB  mps  0.00 GB
step  31654  rss  1.12 GB  mps  0.00 GB
step  31664  rss  1.50 GB  mps  0.00 GB
step  31674  rss  1.20 GB  mps  0.00 GB
step  31684  rss  1.27 GB  mps  0.00 GB
step  31694  rss  1.49 GB  mps  0.00 GB
step  31704  rss  1.16 GB  mps  0.00 GB
step  31714  rss  1.11 GB  mps  0.00 GB
step  31724  rss  1.31 GB  mps  0.00 GB
step  31734  rss  1.35 GB  mps  0.00 GB
step  31744  rss  1.51 GB  mps  0.00 GB
step  31754  rss  1.33 GB  mps  0.00 GB
step  31764  rss  1.42 GB  mps  0.00 GB
epoch 187 train time 46.0 s
step  31773  rss  1.06 GB  mps  0.00 GB
step  31783  rss  1.34 GB  mps  0.00 GB
step  31793  rss  1.38 GB  mps  0.00 GB
step  31803  rss  1.42 GB  mps  0.00 GB
step  31813  rss  1.11 GB  mps  0.00 GB
step  31823  rss  1.31 GB  mps  0.00 GB
step  31833  rss  1.65 GB  mps  0.00 GB
step  31843  rss  1.30 GB  mps  0.00 GB
step  31853  rss  1.07 GB  mps  0.00 GB
step  31863  rss  1.05 GB  mps  0.00 GB
step  31873  rss  1.39 GB  mps  0.00 GB
step  31883  rss  1.46 GB  mps  0.00 GB
step  31893  rss  0.93 GB  mps  0.00 GB
step  31903  rss  1.20 GB  mps  0.00 GB
step  31913  rss  1.20 GB  mps  0.00 GB
step  31923  rss  1.61 GB  mps  0.00 GB
step  31933  rss  1.43 GB  mps  0.00 GB
epoch 188 train time 46.4 s
step  31942  rss  1.18 GB  mps  0.00 GB
step  31952  rss  1.42 GB  mps  0.00 GB
step  31962  rss  1.26 GB  mps  0.00 GB
step  31972  rss  0.99 GB  mps  0.00 GB
step  31982  rss  1.67 GB  mps  0.00 GB
step  31992  rss  1.53 GB  mps  0.00 GB
step  32002  rss  1.25 GB  mps  0.00 GB
step  32012  rss  1.17 GB  mps  0.00 GB
step  32022  rss  1.49 GB  mps  0.00 GB
step  32032  rss  1.61 GB  mps  0.00 GB
step  32042  rss  1.16 GB  mps  0.00 GB
step  32052  rss  1.22 GB  mps  0.00 GB
step  32062  rss  1.22 GB  mps  0.00 GB
step  32072  rss  1.26 GB  mps  0.00 GB
step  32082  rss  1.19 GB  mps  0.00 GB
step  32092  rss  1.20 GB  mps  0.00 GB
step  32102  rss  1.21 GB  mps  0.00 GB
epoch 189 train time 46.3 s
step  32111  rss  1.31 GB  mps  0.00 GB
step  32121  rss  1.63 GB  mps  0.00 GB
step  32131  rss  1.22 GB  mps  0.00 GB
step  32141  rss  1.42 GB  mps  0.00 GB
step  32151  rss  1.46 GB  mps  0.00 GB
step  32161  rss  1.49 GB  mps  0.00 GB
step  32171  rss  1.49 GB  mps  0.00 GB
step  32181  rss  1.75 GB  mps  0.00 GB
step  32191  rss  1.48 GB  mps  0.00 GB
step  32201  rss  1.06 GB  mps  0.00 GB
step  32211  rss  1.05 GB  mps  0.00 GB
step  32221  rss  1.13 GB  mps  0.00 GB
step  32231  rss  1.13 GB  mps  0.00 GB
step  32241  rss  1.41 GB  mps  0.00 GB
step  32251  rss  1.20 GB  mps  0.00 GB
step  32261  rss  1.17 GB  mps  0.00 GB
step  32271  rss  1.18 GB  mps  0.00 GB
epoch 190 train time 47.2 s
step  32280  rss  1.33 GB  mps  0.00 GB
step  32290  rss  1.23 GB  mps  0.00 GB
step  32300  rss  0.93 GB  mps  0.00 GB
step  32310  rss  1.30 GB  mps  0.00 GB
step  32320  rss  1.10 GB  mps  0.00 GB
step  32330  rss  1.50 GB  mps  0.00 GB
step  32340  rss  1.19 GB  mps  0.00 GB
step  32350  rss  1.39 GB  mps  0.00 GB
step  32360  rss  1.65 GB  mps  0.00 GB
step  32370  rss  1.52 GB  mps  0.00 GB
step  32380  rss  1.12 GB  mps  0.00 GB
step  32390  rss  1.37 GB  mps  0.00 GB
step  32400  rss  1.26 GB  mps  0.00 GB
step  32410  rss  1.78 GB  mps  0.00 GB
step  32420  rss  1.59 GB  mps  0.00 GB
step  32430  rss  1.29 GB  mps  0.00 GB
step  32440  rss  1.24 GB  mps  0.00 GB
epoch 191 train time 46.7 s
step  32449  rss  0.96 GB  mps  0.00 GB
step  32459  rss  1.17 GB  mps  0.00 GB
step  32469  rss  1.15 GB  mps  0.00 GB
step  32479  rss  1.39 GB  mps  0.00 GB
step  32489  rss  1.41 GB  mps  0.00 GB
step  32499  rss  1.41 GB  mps  0.00 GB
step  32509  rss  1.44 GB  mps  0.00 GB
step  32519  rss  1.38 GB  mps  0.00 GB
step  32529  rss  1.42 GB  mps  0.00 GB
step  32539  rss  1.15 GB  mps  0.00 GB
step  32549  rss  1.25 GB  mps  0.00 GB
step  32559  rss  1.52 GB  mps  0.00 GB
step  32569  rss  1.41 GB  mps  0.00 GB
step  32579  rss  1.66 GB  mps  0.00 GB
step  32589  rss  1.28 GB  mps  0.00 GB
step  32599  rss  1.14 GB  mps  0.00 GB
step  32609  rss  1.22 GB  mps  0.00 GB
epoch 192 train time 46.8 s
step  32618  rss  1.41 GB  mps  0.00 GB
step  32628  rss  1.50 GB  mps  0.00 GB
step  32638  rss  1.44 GB  mps  0.00 GB
step  32648  rss  1.41 GB  mps  0.00 GB
step  32658  rss  1.32 GB  mps  0.00 GB
step  32668  rss  1.21 GB  mps  0.00 GB
step  32678  rss  1.17 GB  mps  0.00 GB
step  32688  rss  1.07 GB  mps  0.00 GB
step  32698  rss  1.53 GB  mps  0.00 GB
step  32708  rss  1.46 GB  mps  0.00 GB
step  32718  rss  1.38 GB  mps  0.00 GB
step  32728  rss  1.37 GB  mps  0.00 GB
step  32738  rss  1.37 GB  mps  0.00 GB
step  32748  rss  1.38 GB  mps  0.00 GB
step  32758  rss  1.28 GB  mps  0.00 GB
step  32768  rss  1.25 GB  mps  0.00 GB
step  32778  rss  1.30 GB  mps  0.00 GB
epoch 193 train time 46.3 s
step  32787  rss  1.42 GB  mps  0.00 GB
step  32797  rss  1.38 GB  mps  0.00 GB
step  32807  rss  1.56 GB  mps  0.00 GB
step  32817  rss  1.30 GB  mps  0.00 GB
step  32827  rss  1.24 GB  mps  0.00 GB
step  32837  rss  1.45 GB  mps  0.00 GB
step  32847  rss  1.56 GB  mps  0.00 GB
step  32857  rss  1.52 GB  mps  0.00 GB
step  32867  rss  1.68 GB  mps  0.00 GB
step  32877  rss  1.65 GB  mps  0.00 GB
step  32887  rss  1.50 GB  mps  0.00 GB
step  32897  rss  1.53 GB  mps  0.00 GB
step  32907  rss  1.36 GB  mps  0.00 GB
step  32917  rss  1.58 GB  mps  0.00 GB
step  32927  rss  1.51 GB  mps  0.00 GB
step  32937  rss  1.05 GB  mps  0.00 GB
step  32947  rss  1.26 GB  mps  0.00 GB
epoch 194 train time 46.8 s
step  32956  rss  1.36 GB  mps  0.00 GB
step  32966  rss  1.55 GB  mps  0.00 GB
step  32976  rss  1.26 GB  mps  0.00 GB
step  32986  rss  1.25 GB  mps  0.00 GB
step  32996  rss  1.27 GB  mps  0.00 GB
step  33006  rss  1.17 GB  mps  0.00 GB
step  33016  rss  1.15 GB  mps  0.00 GB
step  33026  rss  1.27 GB  mps  0.00 GB
step  33036  rss  1.09 GB  mps  0.00 GB
step  33046  rss  1.08 GB  mps  0.00 GB
step  33056  rss  1.17 GB  mps  0.00 GB
step  33066  rss  1.25 GB  mps  0.00 GB
step  33076  rss  1.21 GB  mps  0.00 GB
step  33086  rss  1.45 GB  mps  0.00 GB
step  33096  rss  1.25 GB  mps  0.00 GB
step  33106  rss  1.28 GB  mps  0.00 GB
step  33116  rss  1.09 GB  mps  0.00 GB
epoch 195 train time 46.3 s
step  33125  rss  0.95 GB  mps  0.00 GB
step  33135  rss  1.55 GB  mps  0.00 GB
step  33145  rss  1.60 GB  mps  0.00 GB
step  33155  rss  1.23 GB  mps  0.00 GB
step  33165  rss  1.30 GB  mps  0.00 GB
step  33175  rss  1.05 GB  mps  0.00 GB
step  33185  rss  1.29 GB  mps  0.00 GB
step  33195  rss  1.71 GB  mps  0.00 GB
step  33205  rss  1.24 GB  mps  0.00 GB
step  33215  rss  1.22 GB  mps  0.00 GB
step  33225  rss  1.24 GB  mps  0.00 GB
step  33235  rss  1.24 GB  mps  0.00 GB
step  33245  rss  1.23 GB  mps  0.00 GB
step  33255  rss  1.70 GB  mps  0.00 GB
step  33265  rss  1.24 GB  mps  0.00 GB
step  33275  rss  1.13 GB  mps  0.00 GB
step  33285  rss  1.00 GB  mps  0.00 GB
epoch 196 train time 46.3 s
step  33294  rss  1.33 GB  mps  0.00 GB
step  33304  rss  1.16 GB  mps  0.00 GB
step  33314  rss  1.11 GB  mps  0.00 GB
step  33324  rss  1.18 GB  mps  0.00 GB
step  33334  rss  1.27 GB  mps  0.00 GB
step  33344  rss  1.22 GB  mps  0.00 GB
step  33354  rss  1.32 GB  mps  0.00 GB
step  33364  rss  1.36 GB  mps  0.00 GB
step  33374  rss  1.25 GB  mps  0.00 GB
step  33384  rss  1.30 GB  mps  0.00 GB
step  33394  rss  1.24 GB  mps  0.00 GB
step  33404  rss  1.27 GB  mps  0.00 GB
step  33414  rss  1.45 GB  mps  0.00 GB
step  33424  rss  1.26 GB  mps  0.00 GB
step  33434  rss  1.31 GB  mps  0.00 GB
step  33444  rss  1.23 GB  mps  0.00 GB
step  33454  rss  1.24 GB  mps  0.00 GB
epoch 197 train time 46.5 s
step  33463  rss  1.40 GB  mps  0.00 GB
step  33473  rss  1.08 GB  mps  0.00 GB
step  33483  rss  1.09 GB  mps  0.00 GB
step  33493  rss  1.33 GB  mps  0.00 GB
step  33503  rss  1.31 GB  mps  0.00 GB
step  33513  rss  1.24 GB  mps  0.00 GB
step  33523  rss  1.20 GB  mps  0.00 GB
step  33533  rss  1.41 GB  mps  0.00 GB
step  33543  rss  1.09 GB  mps  0.00 GB
step  33553  rss  1.44 GB  mps  0.00 GB
step  33563  rss  1.57 GB  mps  0.00 GB
step  33573  rss  1.57 GB  mps  0.00 GB
step  33583  rss  1.24 GB  mps  0.00 GB
step  33593  rss  1.51 GB  mps  0.00 GB
step  33603  rss  1.62 GB  mps  0.00 GB
step  33613  rss  1.09 GB  mps  0.00 GB
step  33623  rss  1.30 GB  mps  0.00 GB
epoch 198 train time 47.2 s
step  33632  rss  1.46 GB  mps  0.00 GB
step  33642  rss  1.06 GB  mps  0.00 GB
step  33652  rss  1.26 GB  mps  0.00 GB
step  33662  rss  1.34 GB  mps  0.00 GB
step  33672  rss  1.18 GB  mps  0.00 GB
step  33682  rss  1.23 GB  mps  0.00 GB
step  33692  rss  1.52 GB  mps  0.00 GB
step  33702  rss  1.16 GB  mps  0.00 GB
step  33712  rss  1.24 GB  mps  0.00 GB
step  33722  rss  1.26 GB  mps  0.00 GB
step  33732  rss  1.24 GB  mps  0.00 GB
step  33742  rss  1.41 GB  mps  0.00 GB
step  33752  rss  1.39 GB  mps  0.00 GB
step  33762  rss  1.43 GB  mps  0.00 GB
step  33772  rss  1.43 GB  mps  0.00 GB
step  33782  rss  1.37 GB  mps  0.00 GB
step  33792  rss  1.19 GB  mps  0.00 GB
epoch 199 train time 46.3 s
step  33801  rss  1.32 GB  mps  0.00 GB
step  33811  rss  1.41 GB  mps  0.00 GB
step  33821  rss  1.20 GB  mps  0.00 GB
step  33831  rss  1.53 GB  mps  0.00 GB
step  33841  rss  1.45 GB  mps  0.00 GB
step  33851  rss  1.17 GB  mps  0.00 GB
step  33861  rss  1.58 GB  mps  0.00 GB
step  33871  rss  0.91 GB  mps  0.00 GB
step  33881  rss  0.96 GB  mps  0.00 GB
step  33891  rss  1.17 GB  mps  0.00 GB
step  33901  rss  1.76 GB  mps  0.00 GB
step  33911  rss  1.17 GB  mps  0.00 GB
step  33921  rss  1.34 GB  mps  0.00 GB
step  33931  rss  1.35 GB  mps  0.00 GB
step  33941  rss  1.20 GB  mps  0.00 GB
step  33951  rss  1.16 GB  mps  0.00 GB
step  33961  rss  1.62 GB  mps  0.00 GB
epoch 200 train time 47.7 s
step  33970  rss  1.22 GB  mps  0.00 GB
step  33980  rss  1.49 GB  mps  0.00 GB
step  33990  rss  1.29 GB  mps  0.00 GB
step  34000  rss  1.72 GB  mps  0.00 GB
step  34010  rss  1.55 GB  mps  0.00 GB
step  34020  rss  1.35 GB  mps  0.00 GB
step  34030  rss  1.16 GB  mps  0.00 GB
step  34040  rss  1.61 GB  mps  0.00 GB
step  34050  rss  1.63 GB  mps  0.00 GB
step  34060  rss  1.08 GB  mps  0.00 GB
step  34070  rss  1.43 GB  mps  0.00 GB
step  34080  rss  1.49 GB  mps  0.00 GB
step  34090  rss  1.19 GB  mps  0.00 GB
step  34100  rss  1.22 GB  mps  0.00 GB
step  34110  rss  1.23 GB  mps  0.00 GB
step  34120  rss  1.47 GB  mps  0.00 GB
step  34130  rss  1.56 GB  mps  0.00 GB
epoch 201 train time 46.5 s
step  34139  rss  1.40 GB  mps  0.00 GB
step  34149  rss  1.22 GB  mps  0.00 GB
step  34159  rss  1.51 GB  mps  0.00 GB
step  34169  rss  1.23 GB  mps  0.00 GB
step  34179  rss  1.15 GB  mps  0.00 GB
step  34189  rss  1.45 GB  mps  0.00 GB
step  34199  rss  1.29 GB  mps  0.00 GB
step  34209  rss  1.60 GB  mps  0.00 GB
step  34219  rss  1.25 GB  mps  0.00 GB
step  34229  rss  1.33 GB  mps  0.00 GB
step  34239  rss  1.54 GB  mps  0.00 GB
step  34249  rss  1.22 GB  mps  0.00 GB
step  34259  rss  1.17 GB  mps  0.00 GB
step  34269  rss  1.35 GB  mps  0.00 GB
step  34279  rss  1.15 GB  mps  0.00 GB
step  34289  rss  1.65 GB  mps  0.00 GB
step  34299  rss  1.29 GB  mps  0.00 GB
epoch 202 train time 50.3 s
step  34308  rss  1.42 GB  mps  0.00 GB
step  34318  rss  1.32 GB  mps  0.00 GB
step  34328  rss  1.41 GB  mps  0.00 GB
step  34338  rss  1.38 GB  mps  0.00 GB
step  34348  rss  1.28 GB  mps  0.00 GB
step  34358  rss  1.23 GB  mps  0.00 GB
step  34368  rss  1.53 GB  mps  0.00 GB
step  34378  rss  1.34 GB  mps  0.00 GB
step  34388  rss  1.15 GB  mps  0.00 GB
step  34398  rss  1.47 GB  mps  0.00 GB
step  34408  rss  1.52 GB  mps  0.00 GB
step  34418  rss  1.17 GB  mps  0.00 GB
step  34428  rss  1.29 GB  mps  0.00 GB
step  34438  rss  1.13 GB  mps  0.00 GB
step  34448  rss  1.28 GB  mps  0.00 GB
step  34458  rss  1.20 GB  mps  0.00 GB
step  34468  rss  1.13 GB  mps  0.00 GB
epoch 203 train time 48.5 s
step  34477  rss  1.44 GB  mps  0.00 GB
step  34487  rss  1.58 GB  mps  0.00 GB
step  34497  rss  1.14 GB  mps  0.00 GB
step  34507  rss  1.28 GB  mps  0.00 GB
step  34517  rss  1.40 GB  mps  0.00 GB
step  34527  rss  0.96 GB  mps  0.00 GB
step  34537  rss  1.50 GB  mps  0.00 GB
step  34547  rss  1.67 GB  mps  0.00 GB
step  34557  rss  1.65 GB  mps  0.00 GB
step  34567  rss  1.21 GB  mps  0.00 GB
step  34577  rss  1.44 GB  mps  0.00 GB
step  34587  rss  1.18 GB  mps  0.00 GB
step  34597  rss  1.23 GB  mps  0.00 GB
step  34607  rss  1.25 GB  mps  0.00 GB
step  34617  rss  1.10 GB  mps  0.00 GB
step  34627  rss  1.21 GB  mps  0.00 GB
step  34637  rss  1.43 GB  mps  0.00 GB
epoch 204 train time 47.3 s
step  34646  rss  1.34 GB  mps  0.00 GB
step  34656  rss  1.27 GB  mps  0.00 GB
step  34666  rss  1.70 GB  mps  0.00 GB
step  34676  rss  1.05 GB  mps  0.00 GB
step  34686  rss  1.05 GB  mps  0.00 GB
step  34696  rss  1.23 GB  mps  0.00 GB
step  34706  rss  1.31 GB  mps  0.00 GB
step  34716  rss  1.40 GB  mps  0.00 GB
step  34726  rss  1.40 GB  mps  0.00 GB
step  34736  rss  1.48 GB  mps  0.00 GB
step  34746  rss  1.34 GB  mps  0.00 GB
step  34756  rss  1.46 GB  mps  0.00 GB
step  34766  rss  1.36 GB  mps  0.00 GB
step  34776  rss  1.10 GB  mps  0.00 GB
step  34786  rss  1.48 GB  mps  0.00 GB
step  34796  rss  1.33 GB  mps  0.00 GB
step  34806  rss  1.33 GB  mps  0.00 GB
epoch 205 train time 47.2 s
step  34815  rss  1.32 GB  mps  0.00 GB
step  34825  rss  1.27 GB  mps  0.00 GB
step  34835  rss  1.77 GB  mps  0.00 GB
step  34845  rss  1.61 GB  mps  0.00 GB
step  34855  rss  1.71 GB  mps  0.00 GB
step  34865  rss  1.19 GB  mps  0.00 GB
step  34875  rss  1.36 GB  mps  0.00 GB
step  34885  rss  1.41 GB  mps  0.00 GB
step  34895  rss  1.35 GB  mps  0.00 GB
step  34905  rss  1.72 GB  mps  0.00 GB
step  34915  rss  1.39 GB  mps  0.00 GB
step  34925  rss  1.81 GB  mps  0.00 GB
step  34935  rss  1.14 GB  mps  0.00 GB
step  34945  rss  1.35 GB  mps  0.00 GB
step  34955  rss  1.13 GB  mps  0.00 GB
step  34965  rss  1.30 GB  mps  0.00 GB
step  34975  rss  1.49 GB  mps  0.00 GB
epoch 206 train time 47.6 s
step  34984  rss  1.35 GB  mps  0.00 GB
step  34994  rss  1.72 GB  mps  0.00 GB
step  35004  rss  1.64 GB  mps  0.00 GB
step  35014  rss  1.44 GB  mps  0.00 GB
step  35024  rss  1.26 GB  mps  0.00 GB
step  35034  rss  1.35 GB  mps  0.00 GB
step  35044  rss  1.20 GB  mps  0.00 GB
step  35054  rss  1.24 GB  mps  0.00 GB
step  35064  rss  1.76 GB  mps  0.00 GB
step  35074  rss  1.25 GB  mps  0.00 GB
step  35084  rss  1.12 GB  mps  0.00 GB
step  35094  rss  1.11 GB  mps  0.00 GB
step  35104  rss  1.30 GB  mps  0.00 GB
step  35114  rss  1.50 GB  mps  0.00 GB
step  35124  rss  1.65 GB  mps  0.00 GB
step  35134  rss  1.39 GB  mps  0.00 GB
step  35144  rss  1.24 GB  mps  0.00 GB
epoch 207 train time 46.4 s
step  35153  rss  1.43 GB  mps  0.00 GB
step  35163  rss  1.23 GB  mps  0.00 GB
step  35173  rss  1.54 GB  mps  0.00 GB
step  35183  rss  1.22 GB  mps  0.00 GB
step  35193  rss  1.26 GB  mps  0.00 GB
step  35203  rss  1.21 GB  mps  0.00 GB
step  35213  rss  1.26 GB  mps  0.00 GB
step  35223  rss  1.29 GB  mps  0.00 GB
step  35233  rss  1.32 GB  mps  0.00 GB
step  35243  rss  1.34 GB  mps  0.00 GB
step  35253  rss  1.67 GB  mps  0.00 GB
step  35263  rss  1.45 GB  mps  0.00 GB
step  35273  rss  1.08 GB  mps  0.00 GB
step  35283  rss  1.30 GB  mps  0.00 GB
step  35293  rss  1.20 GB  mps  0.00 GB
step  35303  rss  1.14 GB  mps  0.00 GB
step  35313  rss  1.78 GB  mps  0.00 GB
epoch 208 train time 47.4 s
step  35322  rss  1.18 GB  mps  0.00 GB
step  35332  rss  1.47 GB  mps  0.00 GB
step  35342  rss  1.22 GB  mps  0.00 GB
step  35352  rss  1.26 GB  mps  0.00 GB
step  35362  rss  1.36 GB  mps  0.00 GB
step  35372  rss  1.51 GB  mps  0.00 GB
step  35382  rss  1.19 GB  mps  0.00 GB
step  35392  rss  1.15 GB  mps  0.00 GB
step  35402  rss  1.28 GB  mps  0.00 GB
step  35412  rss  1.49 GB  mps  0.00 GB
step  35422  rss  1.10 GB  mps  0.00 GB
step  35432  rss  1.64 GB  mps  0.00 GB
step  35442  rss  1.64 GB  mps  0.00 GB
step  35452  rss  1.21 GB  mps  0.00 GB
step  35462  rss  1.11 GB  mps  0.00 GB
step  35472  rss  1.09 GB  mps  0.00 GB
step  35482  rss  1.09 GB  mps  0.00 GB
epoch 209 train time 46.7 s
step  35491  rss  1.14 GB  mps  0.00 GB
step  35501  rss  1.11 GB  mps  0.00 GB
step  35511  rss  1.05 GB  mps  0.00 GB
step  35521  rss  1.16 GB  mps  0.00 GB
step  35531  rss  1.21 GB  mps  0.00 GB
step  35541  rss  1.34 GB  mps  0.00 GB
step  35551  rss  1.27 GB  mps  0.00 GB
step  35561  rss  1.28 GB  mps  0.00 GB
step  35571  rss  1.22 GB  mps  0.00 GB
step  35581  rss  1.66 GB  mps  0.00 GB
step  35591  rss  1.73 GB  mps  0.00 GB
step  35601  rss  1.14 GB  mps  0.00 GB
step  35611  rss  1.36 GB  mps  0.00 GB
step  35621  rss  1.30 GB  mps  0.00 GB
step  35631  rss  1.49 GB  mps  0.00 GB
step  35641  rss  1.75 GB  mps  0.00 GB
step  35651  rss  1.32 GB  mps  0.00 GB
epoch 210 train time 47.4 s
step  35660  rss  1.53 GB  mps  0.00 GB
step  35670  rss  1.52 GB  mps  0.00 GB
step  35680  rss  1.59 GB  mps  0.00 GB
step  35690  rss  1.44 GB  mps  0.00 GB
step  35700  rss  1.42 GB  mps  0.00 GB
step  35710  rss  1.78 GB  mps  0.00 GB
step  35720  rss  1.26 GB  mps  0.00 GB
step  35730  rss  1.67 GB  mps  0.00 GB
step  35740  rss  1.36 GB  mps  0.00 GB
step  35750  rss  1.42 GB  mps  0.00 GB
step  35760  rss  1.90 GB  mps  0.00 GB
step  35770  rss  1.41 GB  mps  0.00 GB
step  35780  rss  1.34 GB  mps  0.00 GB
step  35790  rss  1.49 GB  mps  0.00 GB
step  35800  rss  1.49 GB  mps  0.00 GB
step  35810  rss  1.54 GB  mps  0.00 GB
step  35820  rss  1.56 GB  mps  0.00 GB
epoch 211 train time 46.1 s
step  35829  rss  1.64 GB  mps  0.00 GB
step  35839  rss  1.43 GB  mps  0.00 GB
step  35849  rss  1.51 GB  mps  0.00 GB
step  35859  rss  1.52 GB  mps  0.00 GB
step  35869  rss  1.51 GB  mps  0.00 GB
step  35879  rss  1.73 GB  mps  0.00 GB
step  35889  rss  1.59 GB  mps  0.00 GB
step  35899  rss  1.71 GB  mps  0.00 GB
step  35909  rss  1.73 GB  mps  0.00 GB
step  35919  rss  1.38 GB  mps  0.00 GB
step  35929  rss  1.75 GB  mps  0.00 GB
step  35939  rss  1.81 GB  mps  0.00 GB
step  35949  rss  1.64 GB  mps  0.00 GB
step  35959  rss  1.79 GB  mps  0.00 GB
step  35969  rss  1.25 GB  mps  0.00 GB
step  35979  rss  1.26 GB  mps  0.00 GB
step  35989  rss  1.32 GB  mps  0.00 GB
epoch 212 train time 791.3 s
step  35998  rss  1.29 GB  mps  0.00 GB
step  36008  rss  1.06 GB  mps  0.00 GB
step  36018  rss  1.06 GB  mps  0.00 GB
step  36028  rss  1.38 GB  mps  0.00 GB
step  36038  rss  1.11 GB  mps  0.00 GB
step  36048  rss  1.25 GB  mps  0.00 GB
step  36058  rss  1.43 GB  mps  0.00 GB
step  36068  rss  1.35 GB  mps  0.00 GB
step  36078  rss  1.17 GB  mps  0.00 GB
step  36088  rss  1.37 GB  mps  0.00 GB
step  36098  rss  1.54 GB  mps  0.00 GB
step  36108  rss  1.20 GB  mps  0.00 GB
step  36118  rss  0.82 GB  mps  0.00 GB
step  36128  rss  1.59 GB  mps  0.00 GB
step  36138  rss  1.40 GB  mps  0.00 GB
step  36148  rss  1.22 GB  mps  0.00 GB
step  36158  rss  1.30 GB  mps  0.00 GB
epoch 213 train time 49.3 s
step  36167  rss  1.39 GB  mps  0.00 GB
step  36177  rss  1.80 GB  mps  0.00 GB
step  36187  rss  1.26 GB  mps  0.00 GB
step  36197  rss  1.18 GB  mps  0.00 GB
step  36207  rss  1.32 GB  mps  0.00 GB
step  36217  rss  1.43 GB  mps  0.00 GB
step  36227  rss  1.28 GB  mps  0.00 GB
step  36237  rss  1.47 GB  mps  0.00 GB
step  36247  rss  1.39 GB  mps  0.00 GB
step  36257  rss  1.35 GB  mps  0.00 GB
step  36267  rss  1.32 GB  mps  0.00 GB
step  36277  rss  1.29 GB  mps  0.00 GB
step  36287  rss  1.47 GB  mps  0.00 GB
step  36297  rss  1.46 GB  mps  0.00 GB
step  36307  rss  1.50 GB  mps  0.00 GB
step  36317  rss  1.36 GB  mps  0.00 GB
step  36327  rss  1.57 GB  mps  0.00 GB
epoch 214 train time 46.2 s
step  36336  rss  1.31 GB  mps  0.00 GB
step  36346  rss  1.28 GB  mps  0.00 GB
step  36356  rss  1.35 GB  mps  0.00 GB
step  36366  rss  1.13 GB  mps  0.00 GB
step  36376  rss  1.34 GB  mps  0.00 GB
step  36386  rss  1.47 GB  mps  0.00 GB
step  36396  rss  1.23 GB  mps  0.00 GB
step  36406  rss  1.20 GB  mps  0.00 GB
step  36416  rss  1.23 GB  mps  0.00 GB
step  36426  rss  1.66 GB  mps  0.00 GB
step  36436  rss  1.48 GB  mps  0.00 GB
step  36446  rss  1.55 GB  mps  0.00 GB
step  36456  rss  1.34 GB  mps  0.00 GB
step  36466  rss  1.34 GB  mps  0.00 GB
step  36476  rss  1.16 GB  mps  0.00 GB
step  36486  rss  1.10 GB  mps  0.00 GB
step  36496  rss  1.47 GB  mps  0.00 GB
epoch 215 train time 45.7 s
step  36505  rss  1.39 GB  mps  0.00 GB
step  36515  rss  1.24 GB  mps  0.00 GB
step  36525  rss  1.51 GB  mps  0.00 GB
step  36535  rss  1.45 GB  mps  0.00 GB
step  36545  rss  1.36 GB  mps  0.00 GB
step  36555  rss  1.20 GB  mps  0.00 GB
step  36565  rss  1.55 GB  mps  0.00 GB
step  36575  rss  1.57 GB  mps  0.00 GB
step  36585  rss  1.54 GB  mps  0.00 GB
step  36595  rss  1.20 GB  mps  0.00 GB
step  36605  rss  1.23 GB  mps  0.00 GB
step  36615  rss  1.15 GB  mps  0.00 GB
step  36625  rss  1.07 GB  mps  0.00 GB
step  36635  rss  1.32 GB  mps  0.00 GB
step  36645  rss  1.19 GB  mps  0.00 GB
step  36655  rss  1.23 GB  mps  0.00 GB
step  36665  rss  1.45 GB  mps  0.00 GB
epoch 216 train time 47.0 s
step  36674  rss  1.11 GB  mps  0.00 GB
step  36684  rss  1.18 GB  mps  0.00 GB
step  36694  rss  1.18 GB  mps  0.00 GB
step  36704  rss  1.32 GB  mps  0.00 GB
step  36714  rss  1.29 GB  mps  0.00 GB
step  36724  rss  1.22 GB  mps  0.00 GB
step  36734  rss  1.41 GB  mps  0.00 GB
step  36744  rss  1.06 GB  mps  0.00 GB
step  36754  rss  1.50 GB  mps  0.00 GB
step  36764  rss  1.52 GB  mps  0.00 GB
step  36774  rss  1.25 GB  mps  0.00 GB
step  36784  rss  1.12 GB  mps  0.00 GB
step  36794  rss  1.34 GB  mps  0.00 GB
step  36804  rss  1.54 GB  mps  0.00 GB
step  36814  rss  1.54 GB  mps  0.00 GB
step  36824  rss  1.16 GB  mps  0.00 GB
step  36834  rss  1.34 GB  mps  0.00 GB
epoch 217 train time 46.5 s
step  36843  rss  1.30 GB  mps  0.00 GB
step  36853  rss  1.28 GB  mps  0.00 GB
step  36863  rss  1.38 GB  mps  0.00 GB
step  36873  rss  1.25 GB  mps  0.00 GB
step  36883  rss  1.59 GB  mps  0.00 GB
step  36893  rss  1.84 GB  mps  0.00 GB
step  36903  rss  1.20 GB  mps  0.00 GB
step  36913  rss  1.11 GB  mps  0.00 GB
step  36923  rss  1.56 GB  mps  0.00 GB
step  36933  rss  1.46 GB  mps  0.00 GB
step  36943  rss  1.11 GB  mps  0.00 GB
step  36953  rss  1.26 GB  mps  0.00 GB
step  36963  rss  1.26 GB  mps  0.00 GB
step  36973  rss  1.08 GB  mps  0.00 GB
step  36983  rss  1.62 GB  mps  0.00 GB
step  36993  rss  1.09 GB  mps  0.00 GB
step  37003  rss  1.21 GB  mps  0.00 GB
epoch 218 train time 47.0 s
step  37012  rss  1.22 GB  mps  0.00 GB
step  37022  rss  1.50 GB  mps  0.00 GB
step  37032  rss  1.49 GB  mps  0.00 GB
step  37042  rss  1.66 GB  mps  0.00 GB
step  37052  rss  1.57 GB  mps  0.00 GB
step  37062  rss  1.30 GB  mps  0.00 GB
step  37072  rss  1.25 GB  mps  0.00 GB
step  37082  rss  1.56 GB  mps  0.00 GB
step  37092  rss  1.23 GB  mps  0.00 GB
step  37102  rss  1.14 GB  mps  0.00 GB
step  37112  rss  1.20 GB  mps  0.00 GB
step  37122  rss  1.26 GB  mps  0.00 GB
step  37132  rss  0.82 GB  mps  0.00 GB
step  37142  rss  1.11 GB  mps  0.00 GB
step  37152  rss  0.99 GB  mps  0.00 GB
step  37162  rss  1.28 GB  mps  0.00 GB
step  37172  rss  1.16 GB  mps  0.00 GB
epoch 219 train time 48.0 s
step  37181  rss  1.32 GB  mps  0.00 GB
step  37191  rss  1.61 GB  mps  0.00 GB
step  37201  rss  1.21 GB  mps  0.00 GB
step  37211  rss  1.18 GB  mps  0.00 GB
step  37221  rss  1.31 GB  mps  0.00 GB
step  37231  rss  1.21 GB  mps  0.00 GB
step  37241  rss  1.26 GB  mps  0.00 GB
step  37251  rss  1.16 GB  mps  0.00 GB
step  37261  rss  1.53 GB  mps  0.00 GB
step  37271  rss  1.03 GB  mps  0.00 GB
step  37281  rss  1.17 GB  mps  0.00 GB
step  37291  rss  1.59 GB  mps  0.00 GB
step  37301  rss  1.62 GB  mps  0.00 GB
step  37311  rss  1.21 GB  mps  0.00 GB
step  37321  rss  1.54 GB  mps  0.00 GB
step  37331  rss  1.53 GB  mps  0.00 GB
step  37341  rss  1.20 GB  mps  0.00 GB
epoch 220 train time 47.2 s
step  37350  rss  1.10 GB  mps  0.00 GB
step  37360  rss  1.54 GB  mps  0.00 GB
step  37370  rss  1.27 GB  mps  0.00 GB
step  37380  rss  1.38 GB  mps  0.00 GB
step  37390  rss  1.47 GB  mps  0.00 GB
step  37400  rss  1.29 GB  mps  0.00 GB
step  37410  rss  1.29 GB  mps  0.00 GB
step  37420  rss  1.85 GB  mps  0.00 GB
step  37430  rss  1.22 GB  mps  0.00 GB
step  37440  rss  1.14 GB  mps  0.00 GB
step  37450  rss  1.36 GB  mps  0.00 GB
step  37460  rss  1.21 GB  mps  0.00 GB
step  37470  rss  1.44 GB  mps  0.00 GB
step  37480  rss  1.14 GB  mps  0.00 GB
step  37490  rss  1.10 GB  mps  0.00 GB
step  37500  rss  1.39 GB  mps  0.00 GB
step  37510  rss  1.59 GB  mps  0.00 GB
epoch 221 train time 46.2 s
step  37519  rss  1.41 GB  mps  0.00 GB
step  37529  rss  1.66 GB  mps  0.00 GB
step  37539  rss  1.29 GB  mps  0.00 GB
step  37549  rss  1.59 GB  mps  0.00 GB
step  37559  rss  1.27 GB  mps  0.00 GB
step  37569  rss  1.23 GB  mps  0.00 GB
step  37579  rss  1.26 GB  mps  0.00 GB
step  37589  rss  1.14 GB  mps  0.00 GB
step  37599  rss  1.20 GB  mps  0.00 GB
step  37609  rss  1.35 GB  mps  0.00 GB
step  37619  rss  1.46 GB  mps  0.00 GB
step  37629  rss  1.44 GB  mps  0.00 GB
step  37639  rss  1.55 GB  mps  0.00 GB
step  37649  rss  1.11 GB  mps  0.00 GB
step  37659  rss  1.29 GB  mps  0.00 GB
step  37669  rss  1.47 GB  mps  0.00 GB
step  37679  rss  1.21 GB  mps  0.00 GB
epoch 222 train time 46.1 s
step  37688  rss  1.29 GB  mps  0.00 GB
step  37698  rss  1.62 GB  mps  0.00 GB
step  37708  rss  1.31 GB  mps  0.00 GB
step  37718  rss  1.40 GB  mps  0.00 GB
step  37728  rss  1.34 GB  mps  0.00 GB
step  37738  rss  1.52 GB  mps  0.00 GB
step  37748  rss  1.28 GB  mps  0.00 GB
step  37758  rss  1.36 GB  mps  0.00 GB
step  37768  rss  1.18 GB  mps  0.00 GB
step  37778  rss  1.16 GB  mps  0.00 GB
step  37788  rss  1.48 GB  mps  0.00 GB
step  37798  rss  1.69 GB  mps  0.00 GB
step  37808  rss  1.69 GB  mps  0.00 GB
step  37818  rss  1.20 GB  mps  0.00 GB
step  37828  rss  1.14 GB  mps  0.00 GB
step  37838  rss  1.14 GB  mps  0.00 GB
step  37848  rss  1.16 GB  mps  0.00 GB
epoch 223 train time 46.1 s
step  37857  rss  1.21 GB  mps  0.00 GB
step  37867  rss  1.14 GB  mps  0.00 GB
step  37877  rss  1.36 GB  mps  0.00 GB
step  37887  rss  1.58 GB  mps  0.00 GB
step  37897  rss  1.36 GB  mps  0.00 GB
step  37907  rss  1.37 GB  mps  0.00 GB
step  37917  rss  1.51 GB  mps  0.00 GB
step  37927  rss  1.21 GB  mps  0.00 GB
step  37937  rss  1.20 GB  mps  0.00 GB
step  37947  rss  1.75 GB  mps  0.00 GB
step  37957  rss  1.45 GB  mps  0.00 GB
step  37967  rss  1.17 GB  mps  0.00 GB
step  37977  rss  1.21 GB  mps  0.00 GB
step  37987  rss  1.42 GB  mps  0.00 GB
step  37997  rss  1.63 GB  mps  0.00 GB
step  38007  rss  1.17 GB  mps  0.00 GB
step  38017  rss  1.07 GB  mps  0.00 GB
epoch 224 train time 47.7 s
step  38026  rss  1.46 GB  mps  0.00 GB
step  38036  rss  1.56 GB  mps  0.00 GB
step  38046  rss  1.14 GB  mps  0.00 GB
step  38056  rss  1.45 GB  mps  0.00 GB
step  38066  rss  1.39 GB  mps  0.00 GB
step  38076  rss  1.41 GB  mps  0.00 GB
step  38086  rss  1.23 GB  mps  0.00 GB
step  38096  rss  1.43 GB  mps  0.00 GB
step  38106  rss  1.40 GB  mps  0.00 GB
step  38116  rss  1.68 GB  mps  0.00 GB
step  38126  rss  1.11 GB  mps  0.00 GB
step  38136  rss  1.17 GB  mps  0.00 GB
step  38146  rss  1.27 GB  mps  0.00 GB
step  38156  rss  1.15 GB  mps  0.00 GB
step  38166  rss  1.24 GB  mps  0.00 GB
step  38176  rss  1.25 GB  mps  0.00 GB
step  38186  rss  1.08 GB  mps  0.00 GB
epoch 225 train time 48.3 s
step  38195  rss  1.38 GB  mps  0.00 GB
step  38205  rss  1.31 GB  mps  0.00 GB
step  38215  rss  1.04 GB  mps  0.00 GB
step  38225  rss  1.58 GB  mps  0.00 GB
step  38235  rss  1.04 GB  mps  0.00 GB
step  38245  rss  1.21 GB  mps  0.00 GB
step  38255  rss  1.33 GB  mps  0.00 GB
step  38265  rss  1.36 GB  mps  0.00 GB
step  38275  rss  1.39 GB  mps  0.00 GB
step  38285  rss  1.19 GB  mps  0.00 GB
step  38295  rss  1.09 GB  mps  0.00 GB
step  38305  rss  1.42 GB  mps  0.00 GB
step  38315  rss  1.37 GB  mps  0.00 GB
step  38325  rss  1.49 GB  mps  0.00 GB
step  38335  rss  1.24 GB  mps  0.00 GB
step  38345  rss  1.35 GB  mps  0.00 GB
step  38355  rss  1.43 GB  mps  0.00 GB
epoch 226 train time 47.5 s
step  38364  rss  1.44 GB  mps  0.00 GB
step  38374  rss  1.15 GB  mps  0.00 GB
step  38384  rss  1.17 GB  mps  0.00 GB
step  38394  rss  1.35 GB  mps  0.00 GB
step  38404  rss  1.64 GB  mps  0.00 GB
step  38414  rss  1.25 GB  mps  0.00 GB
step  38424  rss  1.10 GB  mps  0.00 GB
step  38434  rss  1.05 GB  mps  0.00 GB
step  38444  rss  1.34 GB  mps  0.00 GB
step  38454  rss  1.47 GB  mps  0.00 GB
step  38464  rss  1.18 GB  mps  0.00 GB
step  38474  rss  1.50 GB  mps  0.00 GB
step  38484  rss  1.58 GB  mps  0.00 GB
step  38494  rss  1.47 GB  mps  0.00 GB
step  38504  rss  1.12 GB  mps  0.00 GB
step  38514  rss  1.11 GB  mps  0.00 GB
step  38524  rss  1.76 GB  mps  0.00 GB
epoch 227 train time 47.4 s
step  38533  rss  1.37 GB  mps  0.00 GB
step  38543  rss  1.39 GB  mps  0.00 GB
step  38553  rss  1.21 GB  mps  0.00 GB
step  38563  rss  1.26 GB  mps  0.00 GB
step  38573  rss  1.15 GB  mps  0.00 GB
step  38583  rss  1.28 GB  mps  0.00 GB
step  38593  rss  1.30 GB  mps  0.00 GB
step  38603  rss  1.11 GB  mps  0.00 GB
step  38613  rss  1.36 GB  mps  0.00 GB
step  38623  rss  1.21 GB  mps  0.00 GB
step  38633  rss  1.57 GB  mps  0.00 GB
step  38643  rss  0.95 GB  mps  0.00 GB
step  38653  rss  1.55 GB  mps  0.00 GB
step  38663  rss  1.20 GB  mps  0.00 GB
step  38673  rss  1.15 GB  mps  0.00 GB
step  38683  rss  1.50 GB  mps  0.00 GB
step  38693  rss  1.33 GB  mps  0.00 GB
epoch 228 train time 46.0 s
step  38702  rss  1.39 GB  mps  0.00 GB
step  38712  rss  1.50 GB  mps  0.00 GB
step  38722  rss  1.34 GB  mps  0.00 GB
step  38732  rss  1.21 GB  mps  0.00 GB
step  38742  rss  1.29 GB  mps  0.00 GB
step  38752  rss  1.52 GB  mps  0.00 GB
step  38762  rss  1.35 GB  mps  0.00 GB
step  38772  rss  1.37 GB  mps  0.00 GB
step  38782  rss  1.31 GB  mps  0.00 GB
step  38792  rss  1.11 GB  mps  0.00 GB
step  38802  rss  1.43 GB  mps  0.00 GB
step  38812  rss  1.22 GB  mps  0.00 GB
step  38822  rss  1.78 GB  mps  0.00 GB
step  38832  rss  1.56 GB  mps  0.00 GB
step  38842  rss  1.34 GB  mps  0.00 GB
step  38852  rss  1.22 GB  mps  0.00 GB
step  38862  rss  1.21 GB  mps  0.00 GB
epoch 229 train time 46.3 s
step  38871  rss  1.47 GB  mps  0.00 GB
step  38881  rss  1.24 GB  mps  0.00 GB
step  38891  rss  1.30 GB  mps  0.00 GB
step  38901  rss  1.23 GB  mps  0.00 GB
step  38911  rss  1.25 GB  mps  0.00 GB
step  38921  rss  1.48 GB  mps  0.00 GB
step  38931  rss  1.39 GB  mps  0.00 GB
step  38941  rss  1.58 GB  mps  0.00 GB
step  38951  rss  1.26 GB  mps  0.00 GB
step  38961  rss  1.27 GB  mps  0.00 GB
step  38971  rss  1.15 GB  mps  0.00 GB
step  38981  rss  1.41 GB  mps  0.00 GB
step  38991  rss  1.23 GB  mps  0.00 GB
step  39001  rss  1.57 GB  mps  0.00 GB
step  39011  rss  1.17 GB  mps  0.00 GB
step  39021  rss  1.35 GB  mps  0.00 GB
step  39031  rss  1.59 GB  mps  0.00 GB
epoch 230 train time 46.7 s
step  39040  rss  1.37 GB  mps  0.00 GB
step  39050  rss  1.37 GB  mps  0.00 GB
step  39060  rss  1.14 GB  mps  0.00 GB
step  39070  rss  1.17 GB  mps  0.00 GB
step  39080  rss  1.30 GB  mps  0.00 GB
step  39090  rss  1.25 GB  mps  0.00 GB
step  39100  rss  1.24 GB  mps  0.00 GB
step  39110  rss  1.40 GB  mps  0.00 GB
step  39120  rss  1.23 GB  mps  0.00 GB
step  39130  rss  1.28 GB  mps  0.00 GB
step  39140  rss  1.66 GB  mps  0.00 GB
step  39150  rss  1.37 GB  mps  0.00 GB
step  39160  rss  1.48 GB  mps  0.00 GB
step  39170  rss  1.83 GB  mps  0.00 GB
step  39180  rss  1.20 GB  mps  0.00 GB
step  39190  rss  1.30 GB  mps  0.00 GB
step  39200  rss  1.38 GB  mps  0.00 GB
epoch 231 train time 46.8 s
step  39209  rss  1.36 GB  mps  0.00 GB
step  39219  rss  1.20 GB  mps  0.00 GB
step  39229  rss  1.47 GB  mps  0.00 GB
step  39239  rss  1.17 GB  mps  0.00 GB
step  39249  rss  1.37 GB  mps  0.00 GB
step  39259  rss  1.30 GB  mps  0.00 GB
step  39269  rss  1.29 GB  mps  0.00 GB
step  39279  rss  1.33 GB  mps  0.00 GB
step  39289  rss  1.22 GB  mps  0.00 GB
step  39299  rss  1.14 GB  mps  0.00 GB
step  39309  rss  1.32 GB  mps  0.00 GB
step  39319  rss  1.12 GB  mps  0.00 GB
step  39329  rss  1.45 GB  mps  0.00 GB
step  39339  rss  1.84 GB  mps  0.00 GB
step  39349  rss  1.18 GB  mps  0.00 GB
step  39359  rss  1.44 GB  mps  0.00 GB
step  39369  rss  1.30 GB  mps  0.00 GB
epoch 232 train time 46.7 s
step  39378  rss  1.19 GB  mps  0.00 GB
step  39388  rss  1.55 GB  mps  0.00 GB
step  39398  rss  1.17 GB  mps  0.00 GB
step  39408  rss  1.46 GB  mps  0.00 GB
step  39418  rss  1.16 GB  mps  0.00 GB
step  39428  rss  1.57 GB  mps  0.00 GB
step  39438  rss  1.30 GB  mps  0.00 GB
step  39448  rss  1.62 GB  mps  0.00 GB
step  39458  rss  1.62 GB  mps  0.00 GB
step  39468  rss  1.13 GB  mps  0.00 GB
step  39478  rss  1.24 GB  mps  0.00 GB
step  39488  rss  1.19 GB  mps  0.00 GB
step  39498  rss  1.23 GB  mps  0.00 GB
step  39508  rss  1.38 GB  mps  0.00 GB
step  39518  rss  1.38 GB  mps  0.00 GB
step  39528  rss  1.28 GB  mps  0.00 GB
step  39538  rss  1.56 GB  mps  0.00 GB
epoch 233 train time 46.8 s
step  39547  rss  1.44 GB  mps  0.00 GB
step  39557  rss  1.40 GB  mps  0.00 GB
step  39567  rss  0.97 GB  mps  0.00 GB
step  39577  rss  1.52 GB  mps  0.00 GB
step  39587  rss  1.41 GB  mps  0.00 GB
step  39597  rss  1.26 GB  mps  0.00 GB
step  39607  rss  1.37 GB  mps  0.00 GB
step  39617  rss  1.14 GB  mps  0.00 GB
step  39627  rss  1.48 GB  mps  0.00 GB
step  39637  rss  1.15 GB  mps  0.00 GB
step  39647  rss  1.41 GB  mps  0.00 GB
step  39657  rss  1.41 GB  mps  0.00 GB
step  39667  rss  1.47 GB  mps  0.00 GB
step  39677  rss  1.10 GB  mps  0.00 GB
step  39687  rss  1.29 GB  mps  0.00 GB
step  39697  rss  1.14 GB  mps  0.00 GB
step  39707  rss  1.64 GB  mps  0.00 GB
epoch 234 train time 46.4 s
step  39716  rss  1.37 GB  mps  0.00 GB
step  39726  rss  1.33 GB  mps  0.00 GB
step  39736  rss  1.07 GB  mps  0.00 GB
step  39746  rss  1.10 GB  mps  0.00 GB
step  39756  rss  1.28 GB  mps  0.00 GB
step  39766  rss  1.34 GB  mps  0.00 GB
step  39776  rss  1.29 GB  mps  0.00 GB
step  39786  rss  1.23 GB  mps  0.00 GB
step  39796  rss  1.16 GB  mps  0.00 GB
step  39806  rss  1.53 GB  mps  0.00 GB
step  39816  rss  1.67 GB  mps  0.00 GB
step  39826  rss  1.23 GB  mps  0.00 GB
step  39836  rss  1.38 GB  mps  0.00 GB
step  39846  rss  1.55 GB  mps  0.00 GB
step  39856  rss  1.31 GB  mps  0.00 GB
step  39866  rss  1.22 GB  mps  0.00 GB
step  39876  rss  1.52 GB  mps  0.00 GB
epoch 235 train time 46.6 s
step  39885  rss  1.27 GB  mps  0.00 GB
step  39895  rss  1.59 GB  mps  0.00 GB
step  39905  rss  1.77 GB  mps  0.00 GB
step  39915  rss  1.18 GB  mps  0.00 GB
step  39925  rss  1.12 GB  mps  0.00 GB
step  39935  rss  1.09 GB  mps  0.00 GB
step  39945  rss  1.54 GB  mps  0.00 GB
step  39955  rss  1.04 GB  mps  0.00 GB
step  39965  rss  1.10 GB  mps  0.00 GB
step  39975  rss  1.04 GB  mps  0.00 GB
step  39985  rss  1.40 GB  mps  0.00 GB
step  39995  rss  1.38 GB  mps  0.00 GB
step  40005  rss  1.48 GB  mps  0.00 GB
step  40015  rss  1.22 GB  mps  0.00 GB
step  40025  rss  1.20 GB  mps  0.00 GB
step  40035  rss  1.83 GB  mps  0.00 GB
step  40045  rss  1.71 GB  mps  0.00 GB
epoch 236 train time 47.7 s
step  40054  rss  1.26 GB  mps  0.00 GB
step  40064  rss  1.29 GB  mps  0.00 GB
step  40074  rss  1.21 GB  mps  0.00 GB
step  40084  rss  1.23 GB  mps  0.00 GB
step  40094  rss  1.28 GB  mps  0.00 GB
step  40104  rss  1.39 GB  mps  0.00 GB
step  40114  rss  1.20 GB  mps  0.00 GB
step  40124  rss  1.18 GB  mps  0.00 GB
step  40134  rss  1.35 GB  mps  0.00 GB
step  40144  rss  1.19 GB  mps  0.00 GB
step  40154  rss  1.28 GB  mps  0.00 GB
step  40164  rss  1.65 GB  mps  0.00 GB
step  40174  rss  1.21 GB  mps  0.00 GB
step  40184  rss  1.26 GB  mps  0.00 GB
step  40194  rss  1.18 GB  mps  0.00 GB
step  40204  rss  1.61 GB  mps  0.00 GB
step  40214  rss  1.12 GB  mps  0.00 GB
epoch 237 train time 46.7 s
step  40223  rss  1.20 GB  mps  0.00 GB
step  40233  rss  1.42 GB  mps  0.00 GB
step  40243  rss  1.39 GB  mps  0.00 GB
step  40253  rss  1.33 GB  mps  0.00 GB
step  40263  rss  1.09 GB  mps  0.00 GB
step  40273  rss  1.13 GB  mps  0.00 GB
step  40283  rss  1.22 GB  mps  0.00 GB
step  40293  rss  1.32 GB  mps  0.00 GB
step  40303  rss  1.35 GB  mps  0.00 GB
step  40313  rss  1.51 GB  mps  0.00 GB
step  40323  rss  1.45 GB  mps  0.00 GB
step  40333  rss  1.35 GB  mps  0.00 GB
step  40343  rss  1.33 GB  mps  0.00 GB
step  40353  rss  1.47 GB  mps  0.00 GB
step  40363  rss  1.21 GB  mps  0.00 GB
step  40373  rss  1.20 GB  mps  0.00 GB
step  40383  rss  1.21 GB  mps  0.00 GB
epoch 238 train time 46.9 s
step  40392  rss  1.26 GB  mps  0.00 GB
step  40402  rss  1.50 GB  mps  0.00 GB
step  40412  rss  1.59 GB  mps  0.00 GB
step  40422  rss  1.23 GB  mps  0.00 GB
step  40432  rss  1.29 GB  mps  0.00 GB
step  40442  rss  1.22 GB  mps  0.00 GB
step  40452  rss  1.38 GB  mps  0.00 GB
step  40462  rss  1.28 GB  mps  0.00 GB
step  40472  rss  1.15 GB  mps  0.00 GB
step  40482  rss  1.27 GB  mps  0.00 GB
step  40492  rss  1.51 GB  mps  0.00 GB
step  40502  rss  1.47 GB  mps  0.00 GB
step  40512  rss  1.56 GB  mps  0.00 GB
step  40522  rss  1.21 GB  mps  0.00 GB
step  40532  rss  1.25 GB  mps  0.00 GB
step  40542  rss  1.58 GB  mps  0.00 GB
step  40552  rss  1.15 GB  mps  0.00 GB
epoch 239 train time 46.6 s
step  40561  rss  1.36 GB  mps  0.00 GB
step  40571  rss  1.30 GB  mps  0.00 GB
step  40581  rss  1.18 GB  mps  0.00 GB
step  40591  rss  1.30 GB  mps  0.00 GB
step  40601  rss  1.21 GB  mps  0.00 GB
step  40611  rss  1.35 GB  mps  0.00 GB
step  40621  rss  1.23 GB  mps  0.00 GB
step  40631  rss  1.31 GB  mps  0.00 GB
step  40641  rss  1.46 GB  mps  0.00 GB
step  40651  rss  1.36 GB  mps  0.00 GB
step  40661  rss  1.19 GB  mps  0.00 GB
step  40671  rss  1.39 GB  mps  0.00 GB
step  40681  rss  1.42 GB  mps  0.00 GB
step  40691  rss  1.43 GB  mps  0.00 GB
step  40701  rss  1.68 GB  mps  0.00 GB
step  40711  rss  1.23 GB  mps  0.00 GB
step  40721  rss  1.43 GB  mps  0.00 GB
epoch 240 train time 47.1 s
step  40730  rss  1.45 GB  mps  0.00 GB
step  40740  rss  1.09 GB  mps  0.00 GB
step  40750  rss  1.30 GB  mps  0.00 GB
step  40760  rss  1.20 GB  mps  0.00 GB
step  40770  rss  1.19 GB  mps  0.00 GB
step  40780  rss  1.36 GB  mps  0.00 GB
step  40790  rss  1.22 GB  mps  0.00 GB
step  40800  rss  1.31 GB  mps  0.00 GB
step  40810  rss  1.19 GB  mps  0.00 GB
step  40820  rss  1.44 GB  mps  0.00 GB
step  40830  rss  1.23 GB  mps  0.00 GB
step  40840  rss  1.30 GB  mps  0.00 GB
step  40850  rss  1.27 GB  mps  0.00 GB
step  40860  rss  1.28 GB  mps  0.00 GB
step  40870  rss  1.27 GB  mps  0.00 GB
step  40880  rss  1.23 GB  mps  0.00 GB
step  40890  rss  1.34 GB  mps  0.00 GB
epoch 241 train time 46.1 s
step  40899  rss  0.96 GB  mps  0.00 GB
step  40909  rss  1.18 GB  mps  0.00 GB
step  40919  rss  1.09 GB  mps  0.00 GB
step  40929  rss  1.39 GB  mps  0.00 GB
step  40939  rss  1.47 GB  mps  0.00 GB
step  40949  rss  1.30 GB  mps  0.00 GB
step  40959  rss  1.40 GB  mps  0.00 GB
step  40969  rss  1.57 GB  mps  0.00 GB
step  40979  rss  1.12 GB  mps  0.00 GB
step  40989  rss  1.24 GB  mps  0.00 GB
step  40999  rss  1.26 GB  mps  0.00 GB
step  41009  rss  1.24 GB  mps  0.00 GB
step  41019  rss  1.39 GB  mps  0.00 GB
step  41029  rss  1.39 GB  mps  0.00 GB
step  41039  rss  1.63 GB  mps  0.00 GB
step  41049  rss  1.26 GB  mps  0.00 GB
step  41059  rss  1.08 GB  mps  0.00 GB
epoch 242 train time 47.2 s
step  41068  rss  1.53 GB  mps  0.00 GB
step  41078  rss  1.18 GB  mps  0.00 GB
step  41088  rss  1.27 GB  mps  0.00 GB
step  41098  rss  1.27 GB  mps  0.00 GB
step  41108  rss  1.31 GB  mps  0.00 GB
step  41118  rss  1.39 GB  mps  0.00 GB
step  41128  rss  1.28 GB  mps  0.00 GB
step  41138  rss  1.31 GB  mps  0.00 GB
step  41148  rss  1.40 GB  mps  0.00 GB
step  41158  rss  1.33 GB  mps  0.00 GB
step  41168  rss  1.26 GB  mps  0.00 GB
step  41178  rss  1.25 GB  mps  0.00 GB
step  41188  rss  1.24 GB  mps  0.00 GB
step  41198  rss  1.22 GB  mps  0.00 GB
step  41208  rss  1.47 GB  mps  0.00 GB
step  41218  rss  1.43 GB  mps  0.00 GB
step  41228  rss  1.64 GB  mps  0.00 GB
epoch 243 train time 50.5 s
step  41237  rss  1.32 GB  mps  0.00 GB
step  41247  rss  1.30 GB  mps  0.00 GB
step  41257  rss  1.29 GB  mps  0.00 GB
step  41267  rss  1.34 GB  mps  0.00 GB
step  41277  rss  1.19 GB  mps  0.00 GB
step  41287  rss  1.25 GB  mps  0.00 GB
step  41297  rss  1.22 GB  mps  0.00 GB
step  41307  rss  1.21 GB  mps  0.00 GB
step  41317  rss  1.58 GB  mps  0.00 GB
step  41327  rss  1.10 GB  mps  0.00 GB
step  41337  rss  1.49 GB  mps  0.00 GB
step  41347  rss  1.02 GB  mps  0.00 GB
step  41357  rss  1.76 GB  mps  0.00 GB
step  41367  rss  1.26 GB  mps  0.00 GB
step  41377  rss  1.39 GB  mps  0.00 GB
step  41387  rss  1.34 GB  mps  0.00 GB
step  41397  rss  1.21 GB  mps  0.00 GB
epoch 244 train time 43.5 s
step  41406  rss  1.39 GB  mps  0.00 GB
step  41416  rss  1.20 GB  mps  0.00 GB
step  41426  rss  1.51 GB  mps  0.00 GB
step  41436  rss  1.14 GB  mps  0.00 GB
step  41446  rss  1.31 GB  mps  0.00 GB
step  41456  rss  1.53 GB  mps  0.00 GB
step  41466  rss  1.14 GB  mps  0.00 GB
step  41476  rss  1.27 GB  mps  0.00 GB
step  41486  rss  1.30 GB  mps  0.00 GB
step  41496  rss  1.57 GB  mps  0.00 GB
step  41506  rss  1.14 GB  mps  0.00 GB
step  41516  rss  1.16 GB  mps  0.00 GB
step  41526  rss  1.33 GB  mps  0.00 GB
step  41536  rss  1.14 GB  mps  0.00 GB
step  41546  rss  1.54 GB  mps  0.00 GB
step  41556  rss  1.33 GB  mps  0.00 GB
step  41566  rss  1.24 GB  mps  0.00 GB
epoch 245 train time 41.5 s
step  41575  rss  1.39 GB  mps  0.00 GB
step  41585  rss  1.44 GB  mps  0.00 GB
step  41595  rss  1.42 GB  mps  0.00 GB
step  41605  rss  1.25 GB  mps  0.00 GB
step  41615  rss  1.17 GB  mps  0.00 GB
step  41625  rss  1.44 GB  mps  0.00 GB
step  41635  rss  1.31 GB  mps  0.00 GB
step  41645  rss  1.31 GB  mps  0.00 GB
step  41655  rss  1.34 GB  mps  0.00 GB
step  41665  rss  1.23 GB  mps  0.00 GB
step  41675  rss  1.40 GB  mps  0.00 GB
step  41685  rss  1.22 GB  mps  0.00 GB
step  41695  rss  1.20 GB  mps  0.00 GB
step  41705  rss  1.37 GB  mps  0.00 GB
step  41715  rss  1.59 GB  mps  0.00 GB
step  41725  rss  1.20 GB  mps  0.00 GB
step  41735  rss  1.24 GB  mps  0.00 GB
epoch 246 train time 41.9 s
step  41744  rss  1.34 GB  mps  0.00 GB
step  41754  rss  1.23 GB  mps  0.00 GB
step  41764  rss  1.01 GB  mps  0.00 GB
step  41774  rss  1.25 GB  mps  0.00 GB
step  41784  rss  1.33 GB  mps  0.00 GB
step  41794  rss  1.22 GB  mps  0.00 GB
step  41804  rss  1.21 GB  mps  0.00 GB
step  41814  rss  1.51 GB  mps  0.00 GB
step  41824  rss  1.49 GB  mps  0.00 GB
step  41834  rss  1.48 GB  mps  0.00 GB
step  41844  rss  1.23 GB  mps  0.00 GB
step  41854  rss  1.27 GB  mps  0.00 GB
step  41864  rss  1.25 GB  mps  0.00 GB
step  41874  rss  1.30 GB  mps  0.00 GB
step  41884  rss  1.30 GB  mps  0.00 GB
step  41894  rss  1.27 GB  mps  0.00 GB
step  41904  rss  1.26 GB  mps  0.00 GB
epoch 247 train time 41.8 s
step  41913  rss  1.25 GB  mps  0.00 GB
step  41923  rss  1.47 GB  mps  0.00 GB
step  41933  rss  1.33 GB  mps  0.00 GB
step  41943  rss  1.25 GB  mps  0.00 GB
step  41953  rss  1.23 GB  mps  0.00 GB
step  41963  rss  1.22 GB  mps  0.00 GB
step  41973  rss  1.18 GB  mps  0.00 GB
step  41983  rss  1.23 GB  mps  0.00 GB
step  41993  rss  1.57 GB  mps  0.00 GB
step  42003  rss  1.15 GB  mps  0.00 GB
step  42013  rss  1.24 GB  mps  0.00 GB
step  42023  rss  1.59 GB  mps  0.00 GB
step  42033  rss  1.66 GB  mps  0.00 GB
step  42043  rss  1.30 GB  mps  0.00 GB
step  42053  rss  1.20 GB  mps  0.00 GB
step  42063  rss  1.24 GB  mps  0.00 GB
step  42073  rss  1.47 GB  mps  0.00 GB
epoch 248 train time 42.2 s
step  42082  rss  1.10 GB  mps  0.00 GB
step  42092  rss  1.25 GB  mps  0.00 GB
step  42102  rss  1.28 GB  mps  0.00 GB
step  42112  rss  1.21 GB  mps  0.00 GB
step  42122  rss  1.60 GB  mps  0.00 GB
step  42132  rss  1.26 GB  mps  0.00 GB
step  42142  rss  1.45 GB  mps  0.00 GB
step  42152  rss  1.21 GB  mps  0.00 GB
step  42162  rss  1.23 GB  mps  0.00 GB
step  42172  rss  1.12 GB  mps  0.00 GB
step  42182  rss  1.28 GB  mps  0.00 GB
step  42192  rss  1.41 GB  mps  0.00 GB
step  42202  rss  1.53 GB  mps  0.00 GB
step  42212  rss  1.09 GB  mps  0.00 GB
step  42222  rss  1.34 GB  mps  0.00 GB
step  42232  rss  1.58 GB  mps  0.00 GB
step  42242  rss  1.50 GB  mps  0.00 GB
epoch 249 train time 43.0 s
step  42251  rss  1.44 GB  mps  0.00 GB
step  42261  rss  1.22 GB  mps  0.00 GB
step  42271  rss  1.55 GB  mps  0.00 GB
step  42281  rss  1.18 GB  mps  0.00 GB
step  42291  rss  1.62 GB  mps  0.00 GB
step  42301  rss  1.61 GB  mps  0.00 GB
step  42311  rss  1.33 GB  mps  0.00 GB
step  42321  rss  1.20 GB  mps  0.00 GB
step  42331  rss  1.29 GB  mps  0.00 GB
step  42341  rss  1.51 GB  mps  0.00 GB
step  42351  rss  1.20 GB  mps  0.00 GB
step  42361  rss  1.21 GB  mps  0.00 GB
step  42371  rss  1.49 GB  mps  0.00 GB
step  42381  rss  1.25 GB  mps  0.00 GB
step  42391  rss  1.36 GB  mps  0.00 GB
step  42401  rss  1.14 GB  mps  0.00 GB
step  42411  rss  1.52 GB  mps  0.00 GB
epoch 250 train time 41.6 s
step  42420  rss  1.09 GB  mps  0.00 GB
step  42430  rss  1.28 GB  mps  0.00 GB
step  42440  rss  1.35 GB  mps  0.00 GB
step  42450  rss  1.39 GB  mps  0.00 GB
step  42460  rss  1.52 GB  mps  0.00 GB
step  42470  rss  1.26 GB  mps  0.00 GB
step  42480  rss  1.26 GB  mps  0.00 GB
step  42490  rss  1.15 GB  mps  0.00 GB
step  42500  rss  1.12 GB  mps  0.00 GB
step  42510  rss  1.43 GB  mps  0.00 GB
step  42520  rss  1.33 GB  mps  0.00 GB
step  42530  rss  1.43 GB  mps  0.00 GB
step  42540  rss  1.27 GB  mps  0.00 GB
step  42550  rss  1.24 GB  mps  0.00 GB
step  42560  rss  1.30 GB  mps  0.00 GB
step  42570  rss  1.25 GB  mps  0.00 GB
step  42580  rss  1.25 GB  mps  0.00 GB
epoch 251 train time 41.9 s
step  42589  rss  1.26 GB  mps  0.00 GB
step  42599  rss  1.23 GB  mps  0.00 GB
step  42609  rss  1.29 GB  mps  0.00 GB
step  42619  rss  1.31 GB  mps  0.00 GB
step  42629  rss  1.52 GB  mps  0.00 GB
step  42639  rss  1.37 GB  mps  0.00 GB
step  42649  rss  1.45 GB  mps  0.00 GB
step  42659  rss  1.29 GB  mps  0.00 GB
step  42669  rss  1.46 GB  mps  0.00 GB
step  42679  rss  1.32 GB  mps  0.00 GB
step  42689  rss  1.21 GB  mps  0.00 GB
step  42699  rss  1.31 GB  mps  0.00 GB
step  42709  rss  1.35 GB  mps  0.00 GB
step  42719  rss  1.20 GB  mps  0.00 GB
step  42729  rss  1.31 GB  mps  0.00 GB
step  42739  rss  1.24 GB  mps  0.00 GB
step  42749  rss  1.23 GB  mps  0.00 GB
epoch 252 train time 42.0 s
step  42758  rss  1.40 GB  mps  0.00 GB
step  42768  rss  1.43 GB  mps  0.00 GB
step  42778  rss  1.02 GB  mps  0.00 GB
step  42788  rss  1.36 GB  mps  0.00 GB
step  42798  rss  1.28 GB  mps  0.00 GB
step  42808  rss  1.26 GB  mps  0.00 GB
step  42818  rss  1.14 GB  mps  0.00 GB
step  42828  rss  1.50 GB  mps  0.00 GB
step  42838  rss  1.50 GB  mps  0.00 GB
step  42848  rss  1.04 GB  mps  0.00 GB
step  42858  rss  1.40 GB  mps  0.00 GB
step  42868  rss  1.36 GB  mps  0.00 GB
step  42878  rss  1.67 GB  mps  0.00 GB
step  42888  rss  1.59 GB  mps  0.00 GB
step  42898  rss  1.33 GB  mps  0.00 GB
step  42908  rss  1.36 GB  mps  0.00 GB
step  42918  rss  1.12 GB  mps  0.00 GB
epoch 253 train time 42.6 s
step  42927  rss  1.40 GB  mps  0.00 GB
step  42937  rss  1.14 GB  mps  0.00 GB
step  42947  rss  1.10 GB  mps  0.00 GB
step  42957  rss  1.17 GB  mps  0.00 GB
step  42967  rss  1.21 GB  mps  0.00 GB
step  42977  rss  1.22 GB  mps  0.00 GB
step  42987  rss  1.26 GB  mps  0.00 GB
step  42997  rss  1.16 GB  mps  0.00 GB
step  43007  rss  1.21 GB  mps  0.00 GB
step  43017  rss  1.73 GB  mps  0.00 GB
step  43027  rss  1.69 GB  mps  0.00 GB
step  43037  rss  1.22 GB  mps  0.00 GB
step  43047  rss  1.26 GB  mps  0.00 GB
step  43057  rss  1.36 GB  mps  0.00 GB
step  43067  rss  1.01 GB  mps  0.00 GB
step  43077  rss  1.63 GB  mps  0.00 GB
step  43087  rss  1.33 GB  mps  0.00 GB
epoch 254 train time 41.6 s
step  43096  rss  1.32 GB  mps  0.00 GB
step  43106  rss  1.29 GB  mps  0.00 GB
step  43116  rss  1.32 GB  mps  0.00 GB
step  43126  rss  1.64 GB  mps  0.00 GB
step  43136  rss  1.31 GB  mps  0.00 GB
step  43146  rss  1.31 GB  mps  0.00 GB
step  43156  rss  1.03 GB  mps  0.00 GB
step  43166  rss  1.04 GB  mps  0.00 GB
step  43176  rss  1.75 GB  mps  0.00 GB
step  43186  rss  1.14 GB  mps  0.00 GB
step  43196  rss  1.09 GB  mps  0.00 GB
step  43206  rss  1.34 GB  mps  0.00 GB
step  43216  rss  1.76 GB  mps  0.00 GB
step  43226  rss  1.26 GB  mps  0.00 GB
step  43236  rss  1.24 GB  mps  0.00 GB
step  43246  rss  1.30 GB  mps  0.00 GB
step  43256  rss  1.03 GB  mps  0.00 GB
epoch 255 train time 41.7 s
step  43265  rss  1.14 GB  mps  0.00 GB
step  43275  rss  1.59 GB  mps  0.00 GB
step  43285  rss  1.29 GB  mps  0.00 GB
step  43295  rss  1.56 GB  mps  0.00 GB
step  43305  rss  1.28 GB  mps  0.00 GB
step  43315  rss  1.23 GB  mps  0.00 GB
step  43325  rss  1.33 GB  mps  0.00 GB
step  43335  rss  1.43 GB  mps  0.00 GB
step  43345  rss  1.52 GB  mps  0.00 GB
step  43355  rss  1.38 GB  mps  0.00 GB
step  43365  rss  1.31 GB  mps  0.00 GB
step  43375  rss  1.17 GB  mps  0.00 GB
step  43385  rss  1.21 GB  mps  0.00 GB
step  43395  rss  1.82 GB  mps  0.00 GB
step  43405  rss  1.19 GB  mps  0.00 GB
step  43415  rss  1.53 GB  mps  0.00 GB
step  43425  rss  1.13 GB  mps  0.00 GB
epoch 256 train time 42.0 s
step  43434  rss  1.24 GB  mps  0.00 GB
step  43444  rss  1.42 GB  mps  0.00 GB
step  43454  rss  1.26 GB  mps  0.00 GB
step  43464  rss  1.10 GB  mps  0.00 GB
step  43474  rss  1.52 GB  mps  0.00 GB
step  43484  rss  1.07 GB  mps  0.00 GB
step  43494  rss  1.44 GB  mps  0.00 GB
step  43504  rss  1.04 GB  mps  0.00 GB
step  43514  rss  1.18 GB  mps  0.00 GB
step  43524  rss  1.22 GB  mps  0.00 GB
step  43534  rss  1.25 GB  mps  0.00 GB
step  43544  rss  1.35 GB  mps  0.00 GB
step  43554  rss  1.26 GB  mps  0.00 GB
step  43564  rss  1.19 GB  mps  0.00 GB
step  43574  rss  1.33 GB  mps  0.00 GB
step  43584  rss  1.43 GB  mps  0.00 GB
step  43594  rss  1.69 GB  mps  0.00 GB
epoch 257 train time 41.6 s
step  43603  rss  1.18 GB  mps  0.00 GB
step  43613  rss  1.18 GB  mps  0.00 GB
step  43623  rss  1.31 GB  mps  0.00 GB
step  43633  rss  1.25 GB  mps  0.00 GB
step  43643  rss  1.30 GB  mps  0.00 GB
step  43653  rss  1.61 GB  mps  0.00 GB
step  43663  rss  1.52 GB  mps  0.00 GB
step  43673  rss  1.05 GB  mps  0.00 GB
step  43683  rss  1.26 GB  mps  0.00 GB
step  43693  rss  1.26 GB  mps  0.00 GB
step  43703  rss  1.25 GB  mps  0.00 GB
step  43713  rss  1.14 GB  mps  0.00 GB
step  43723  rss  1.18 GB  mps  0.00 GB
step  43733  rss  1.66 GB  mps  0.00 GB
step  43743  rss  1.67 GB  mps  0.00 GB
step  43753  rss  1.30 GB  mps  0.00 GB
step  43763  rss  1.37 GB  mps  0.00 GB
epoch 258 train time 42.3 s
step  43772  rss  1.06 GB  mps  0.00 GB
step  43782  rss  1.42 GB  mps  0.00 GB
step  43792  rss  1.20 GB  mps  0.00 GB
step  43802  rss  1.43 GB  mps  0.00 GB
step  43812  rss  1.17 GB  mps  0.00 GB
step  43822  rss  1.58 GB  mps  0.00 GB
step  43832  rss  1.56 GB  mps  0.00 GB
step  43842  rss  1.35 GB  mps  0.00 GB
step  43852  rss  1.53 GB  mps  0.00 GB
step  43862  rss  1.52 GB  mps  0.00 GB
step  43872  rss  1.46 GB  mps  0.00 GB
step  43882  rss  1.39 GB  mps  0.00 GB
step  43892  rss  1.66 GB  mps  0.00 GB
step  43902  rss  1.18 GB  mps  0.00 GB
step  43912  rss  1.13 GB  mps  0.00 GB
step  43922  rss  1.13 GB  mps  0.00 GB
step  43932  rss  0.97 GB  mps  0.00 GB
epoch 259 train time 41.4 s
step  43941  rss  1.27 GB  mps  0.00 GB
step  43951  rss  1.11 GB  mps  0.00 GB
step  43961  rss  1.34 GB  mps  0.00 GB
step  43971  rss  1.35 GB  mps  0.00 GB
step  43981  rss  1.26 GB  mps  0.00 GB
step  43991  rss  1.25 GB  mps  0.00 GB
step  44001  rss  1.52 GB  mps  0.00 GB
step  44011  rss  1.31 GB  mps  0.00 GB
step  44021  rss  1.29 GB  mps  0.00 GB
step  44031  rss  1.26 GB  mps  0.00 GB
step  44041  rss  1.59 GB  mps  0.00 GB
step  44051  rss  1.36 GB  mps  0.00 GB
step  44061  rss  1.01 GB  mps  0.00 GB
step  44071  rss  1.21 GB  mps  0.00 GB
step  44081  rss  1.39 GB  mps  0.00 GB
step  44091  rss  1.65 GB  mps  0.00 GB
step  44101  rss  1.38 GB  mps  0.00 GB
epoch 260 train time 41.0 s
step  44110  rss  1.35 GB  mps  0.00 GB
step  44120  rss  1.54 GB  mps  0.00 GB
step  44130  rss  1.64 GB  mps  0.00 GB
step  44140  rss  1.35 GB  mps  0.00 GB
step  44150  rss  1.53 GB  mps  0.00 GB
step  44160  rss  1.24 GB  mps  0.00 GB
step  44170  rss  1.46 GB  mps  0.00 GB
step  44180  rss  1.44 GB  mps  0.00 GB
step  44190  rss  1.42 GB  mps  0.00 GB
step  44200  rss  1.23 GB  mps  0.00 GB
step  44210  rss  1.16 GB  mps  0.00 GB
step  44220  rss  1.46 GB  mps  0.00 GB
step  44230  rss  1.42 GB  mps  0.00 GB
step  44240  rss  1.45 GB  mps  0.00 GB
step  44250  rss  1.58 GB  mps  0.00 GB
step  44260  rss  1.28 GB  mps  0.00 GB
step  44270  rss  1.68 GB  mps  0.00 GB
epoch 261 train time 43.1 s
step  44279  rss  1.19 GB  mps  0.00 GB
step  44289  rss  1.26 GB  mps  0.00 GB
step  44299  rss  1.63 GB  mps  0.00 GB
step  44309  rss  1.42 GB  mps  0.00 GB
step  44319  rss  1.14 GB  mps  0.00 GB
step  44329  rss  1.43 GB  mps  0.00 GB
step  44339  rss  1.16 GB  mps  0.00 GB
step  44349  rss  1.31 GB  mps  0.00 GB
step  44359  rss  1.31 GB  mps  0.00 GB
step  44369  rss  1.26 GB  mps  0.00 GB
step  44379  rss  1.28 GB  mps  0.00 GB
step  44389  rss  1.29 GB  mps  0.00 GB
step  44399  rss  1.30 GB  mps  0.00 GB
step  44409  rss  1.24 GB  mps  0.00 GB
step  44419  rss  1.44 GB  mps  0.00 GB
step  44429  rss  1.29 GB  mps  0.00 GB
step  44439  rss  1.33 GB  mps  0.00 GB
epoch 262 train time 42.5 s
step  44448  rss  1.05 GB  mps  0.00 GB
step  44458  rss  1.26 GB  mps  0.00 GB
step  44468  rss  1.30 GB  mps  0.00 GB
step  44478  rss  1.12 GB  mps  0.00 GB
step  44488  rss  1.31 GB  mps  0.00 GB
step  44498  rss  1.51 GB  mps  0.00 GB
step  44508  rss  1.30 GB  mps  0.00 GB
step  44518  rss  1.50 GB  mps  0.00 GB
step  44528  rss  1.51 GB  mps  0.00 GB
step  44538  rss  1.15 GB  mps  0.00 GB
step  44548  rss  1.33 GB  mps  0.00 GB
step  44558  rss  1.17 GB  mps  0.00 GB
step  44568  rss  1.46 GB  mps  0.00 GB
step  44578  rss  1.48 GB  mps  0.00 GB
step  44588  rss  1.26 GB  mps  0.00 GB
step  44598  rss  1.11 GB  mps  0.00 GB
step  44608  rss  1.77 GB  mps  0.00 GB
epoch 263 train time 42.7 s
step  44617  rss  1.42 GB  mps  0.00 GB
step  44627  rss  1.28 GB  mps  0.00 GB
step  44637  rss  1.22 GB  mps  0.00 GB
step  44647  rss  1.22 GB  mps  0.00 GB
step  44657  rss  1.27 GB  mps  0.00 GB
step  44667  rss  1.36 GB  mps  0.00 GB
step  44677  rss  1.22 GB  mps  0.00 GB
step  44687  rss  1.11 GB  mps  0.00 GB
step  44697  rss  1.37 GB  mps  0.00 GB
step  44707  rss  1.36 GB  mps  0.00 GB
step  44717  rss  1.50 GB  mps  0.00 GB
step  44727  rss  1.12 GB  mps  0.00 GB
step  44737  rss  1.46 GB  mps  0.00 GB
step  44747  rss  1.01 GB  mps  0.00 GB
step  44757  rss  1.49 GB  mps  0.00 GB
step  44767  rss  1.23 GB  mps  0.00 GB
step  44777  rss  1.38 GB  mps  0.00 GB
epoch 264 train time 43.1 s
step  44786  rss  1.40 GB  mps  0.00 GB
step  44796  rss  1.46 GB  mps  0.00 GB
step  44806  rss  1.18 GB  mps  0.00 GB
step  44816  rss  1.21 GB  mps  0.00 GB
step  44826  rss  1.28 GB  mps  0.00 GB
step  44836  rss  1.27 GB  mps  0.00 GB
step  44846  rss  1.25 GB  mps  0.00 GB
step  44856  rss  1.36 GB  mps  0.00 GB
step  44866  rss  1.30 GB  mps  0.00 GB
step  44876  rss  1.33 GB  mps  0.00 GB
step  44886  rss  1.33 GB  mps  0.00 GB
step  44896  rss  1.34 GB  mps  0.00 GB
step  44906  rss  1.14 GB  mps  0.00 GB
step  44916  rss  1.19 GB  mps  0.00 GB
step  44926  rss  1.30 GB  mps  0.00 GB
step  44936  rss  1.24 GB  mps  0.00 GB
step  44946  rss  1.12 GB  mps  0.00 GB
epoch 265 train time 42.9 s
step  44955  rss  1.34 GB  mps  0.00 GB
step  44965  rss  1.44 GB  mps  0.00 GB
step  44975  rss  1.51 GB  mps  0.00 GB
step  44985  rss  1.31 GB  mps  0.00 GB
step  44995  rss  1.41 GB  mps  0.00 GB
step  45005  rss  1.18 GB  mps  0.00 GB
step  45015  rss  1.16 GB  mps  0.00 GB
step  45025  rss  1.52 GB  mps  0.00 GB
step  45035  rss  1.54 GB  mps  0.00 GB
step  45045  rss  1.38 GB  mps  0.00 GB
step  45055  rss  1.28 GB  mps  0.00 GB
step  45065  rss  1.34 GB  mps  0.00 GB
step  45075  rss  1.31 GB  mps  0.00 GB
step  45085  rss  1.46 GB  mps  0.00 GB
step  45095  rss  1.28 GB  mps  0.00 GB
step  45105  rss  1.34 GB  mps  0.00 GB
step  45115  rss  1.46 GB  mps  0.00 GB
epoch 266 train time 42.1 s
step  45124  rss  1.39 GB  mps  0.00 GB
step  45134  rss  1.54 GB  mps  0.00 GB
step  45144  rss  1.39 GB  mps  0.00 GB
step  45154  rss  1.25 GB  mps  0.00 GB
step  45164  rss  1.35 GB  mps  0.00 GB
step  45174  rss  1.04 GB  mps  0.00 GB
step  45184  rss  1.63 GB  mps  0.00 GB
step  45194  rss  1.59 GB  mps  0.00 GB
step  45204  rss  1.78 GB  mps  0.00 GB
step  45214  rss  1.24 GB  mps  0.00 GB
step  45224  rss  1.35 GB  mps  0.00 GB
step  45234  rss  1.25 GB  mps  0.00 GB
step  45244  rss  1.21 GB  mps  0.00 GB
step  45254  rss  1.36 GB  mps  0.00 GB
step  45264  rss  1.21 GB  mps  0.00 GB
step  45274  rss  1.54 GB  mps  0.00 GB
step  45284  rss  1.37 GB  mps  0.00 GB
epoch 267 train time 42.4 s
step  45293  rss  1.43 GB  mps  0.00 GB
step  45303  rss  1.14 GB  mps  0.00 GB
step  45313  rss  1.28 GB  mps  0.00 GB
step  45323  rss  1.29 GB  mps  0.00 GB
step  45333  rss  1.15 GB  mps  0.00 GB
step  45343  rss  1.53 GB  mps  0.00 GB
step  45353  rss  1.11 GB  mps  0.00 GB
step  45363  rss  1.48 GB  mps  0.00 GB
step  45373  rss  1.56 GB  mps  0.00 GB
step  45383  rss  1.61 GB  mps  0.00 GB
step  45393  rss  1.59 GB  mps  0.00 GB
step  45403  rss  1.12 GB  mps  0.00 GB
step  45413  rss  1.26 GB  mps  0.00 GB
step  45423  rss  1.71 GB  mps  0.00 GB
step  45433  rss  1.70 GB  mps  0.00 GB
step  45443  rss  1.33 GB  mps  0.00 GB
step  45453  rss  1.38 GB  mps  0.00 GB
epoch 268 train time 42.1 s
step  45462  rss  1.29 GB  mps  0.00 GB
step  45472  rss  1.43 GB  mps  0.00 GB
step  45482  rss  1.56 GB  mps  0.00 GB
step  45492  rss  1.17 GB  mps  0.00 GB
step  45502  rss  1.68 GB  mps  0.00 GB
step  45512  rss  1.61 GB  mps  0.00 GB
step  45522  rss  1.14 GB  mps  0.00 GB
step  45532  rss  1.19 GB  mps  0.00 GB
step  45542  rss  1.23 GB  mps  0.00 GB
step  45552  rss  1.27 GB  mps  0.00 GB
step  45562  rss  1.42 GB  mps  0.00 GB
step  45572  rss  1.14 GB  mps  0.00 GB
step  45582  rss  1.18 GB  mps  0.00 GB
step  45592  rss  1.25 GB  mps  0.00 GB
step  45602  rss  1.17 GB  mps  0.00 GB
step  45612  rss  1.54 GB  mps  0.00 GB
step  45622  rss  1.65 GB  mps  0.00 GB
epoch 269 train time 42.4 s
step  45631  rss  1.59 GB  mps  0.00 GB
step  45641  rss  1.25 GB  mps  0.00 GB
step  45651  rss  1.23 GB  mps  0.00 GB
step  45661  rss  1.29 GB  mps  0.00 GB
step  45671  rss  1.05 GB  mps  0.00 GB
step  45681  rss  1.29 GB  mps  0.00 GB
step  45691  rss  1.14 GB  mps  0.00 GB
step  45701  rss  1.51 GB  mps  0.00 GB
step  45711  rss  1.53 GB  mps  0.00 GB
step  45721  rss  1.28 GB  mps  0.00 GB
step  45731  rss  1.13 GB  mps  0.00 GB
step  45741  rss  1.34 GB  mps  0.00 GB
step  45751  rss  1.30 GB  mps  0.00 GB
step  45761  rss  1.17 GB  mps  0.00 GB
step  45771  rss  1.15 GB  mps  0.00 GB
step  45781  rss  1.16 GB  mps  0.00 GB
step  45791  rss  1.32 GB  mps  0.00 GB
epoch 270 train time 41.7 s
step  45800  rss  1.35 GB  mps  0.00 GB
step  45810  rss  1.11 GB  mps  0.00 GB
step  45820  rss  1.04 GB  mps  0.00 GB
step  45830  rss  1.10 GB  mps  0.00 GB
step  45840  rss  1.49 GB  mps  0.00 GB
step  45850  rss  1.28 GB  mps  0.00 GB
step  45860  rss  1.14 GB  mps  0.00 GB
step  45870  rss  1.36 GB  mps  0.00 GB
step  45880  rss  1.71 GB  mps  0.00 GB
step  45890  rss  1.47 GB  mps  0.00 GB
step  45900  rss  1.19 GB  mps  0.00 GB
step  45910  rss  1.65 GB  mps  0.00 GB
step  45920  rss  1.00 GB  mps  0.00 GB
step  45930  rss  1.59 GB  mps  0.00 GB
step  45940  rss  1.59 GB  mps  0.00 GB
step  45950  rss  1.12 GB  mps  0.00 GB
step  45960  rss  1.13 GB  mps  0.00 GB
epoch 271 train time 42.9 s
step  45969  rss  1.28 GB  mps  0.00 GB
step  45979  rss  1.32 GB  mps  0.00 GB
step  45989  rss  1.37 GB  mps  0.00 GB
step  45999  rss  1.40 GB  mps  0.00 GB
step  46009  rss  1.13 GB  mps  0.00 GB
step  46019  rss  1.31 GB  mps  0.00 GB
step  46029  rss  1.30 GB  mps  0.00 GB
step  46039  rss  1.17 GB  mps  0.00 GB
step  46049  rss  1.29 GB  mps  0.00 GB
step  46059  rss  1.09 GB  mps  0.00 GB
step  46069  rss  1.25 GB  mps  0.00 GB
step  46079  rss  1.72 GB  mps  0.00 GB
step  46089  rss  1.84 GB  mps  0.00 GB
step  46099  rss  1.69 GB  mps  0.00 GB
step  46109  rss  1.29 GB  mps  0.00 GB
step  46119  rss  1.32 GB  mps  0.00 GB
step  46129  rss  1.21 GB  mps  0.00 GB
epoch 272 train time 42.6 s
step  46138  rss  1.41 GB  mps  0.00 GB
step  46148  rss  1.21 GB  mps  0.00 GB
step  46158  rss  1.64 GB  mps  0.00 GB
step  46168  rss  1.26 GB  mps  0.00 GB
step  46178  rss  1.20 GB  mps  0.00 GB
step  46188  rss  1.30 GB  mps  0.00 GB
step  46198  rss  1.15 GB  mps  0.00 GB
step  46208  rss  1.48 GB  mps  0.00 GB
step  46218  rss  1.64 GB  mps  0.00 GB
step  46228  rss  1.48 GB  mps  0.00 GB
step  46238  rss  1.05 GB  mps  0.00 GB
step  46248  rss  1.30 GB  mps  0.00 GB
step  46258  rss  1.23 GB  mps  0.00 GB
step  46268  rss  1.54 GB  mps  0.00 GB
step  46278  rss  1.37 GB  mps  0.00 GB
step  46288  rss  1.51 GB  mps  0.00 GB
step  46298  rss  1.32 GB  mps  0.00 GB
epoch 273 train time 42.7 s
step  46307  rss  1.40 GB  mps  0.00 GB
step  46317  rss  1.31 GB  mps  0.00 GB
step  46327  rss  1.57 GB  mps  0.00 GB
step  46337  rss  1.41 GB  mps  0.00 GB
step  46347  rss  1.63 GB  mps  0.00 GB
step  46357  rss  1.53 GB  mps  0.00 GB
step  46367  rss  1.59 GB  mps  0.00 GB
step  46377  rss  1.41 GB  mps  0.00 GB
step  46387  rss  1.47 GB  mps  0.00 GB
step  46397  rss  1.18 GB  mps  0.00 GB
step  46407  rss  1.62 GB  mps  0.00 GB
step  46417  rss  1.47 GB  mps  0.00 GB
step  46427  rss  0.98 GB  mps  0.00 GB
step  46437  rss  1.30 GB  mps  0.00 GB
step  46447  rss  1.17 GB  mps  0.00 GB
step  46457  rss  1.26 GB  mps  0.00 GB
step  46467  rss  1.25 GB  mps  0.00 GB
epoch 274 train time 42.0 s
step  46476  rss  1.37 GB  mps  0.00 GB
step  46486  rss  1.49 GB  mps  0.00 GB
step  46496  rss  1.46 GB  mps  0.00 GB
step  46506  rss  1.48 GB  mps  0.00 GB
step  46516  rss  1.50 GB  mps  0.00 GB
step  46526  rss  1.20 GB  mps  0.00 GB
step  46536  rss  1.06 GB  mps  0.00 GB
step  46546  rss  1.25 GB  mps  0.00 GB
step  46556  rss  1.14 GB  mps  0.00 GB
step  46566  rss  1.53 GB  mps  0.00 GB
step  46576  rss  1.10 GB  mps  0.00 GB
step  46586  rss  1.31 GB  mps  0.00 GB
step  46596  rss  1.29 GB  mps  0.00 GB
step  46606  rss  1.26 GB  mps  0.00 GB
step  46616  rss  1.18 GB  mps  0.00 GB
step  46626  rss  1.66 GB  mps  0.00 GB
step  46636  rss  1.24 GB  mps  0.00 GB
epoch 275 train time 41.8 s
step  46645  rss  1.09 GB  mps  0.00 GB
step  46655  rss  1.19 GB  mps  0.00 GB
step  46665  rss  1.35 GB  mps  0.00 GB
step  46675  rss  1.59 GB  mps  0.00 GB
step  46685  rss  1.34 GB  mps  0.00 GB
step  46695  rss  1.30 GB  mps  0.00 GB
step  46705  rss  1.78 GB  mps  0.00 GB
step  46715  rss  1.26 GB  mps  0.00 GB
step  46725  rss  1.22 GB  mps  0.00 GB
step  46735  rss  1.25 GB  mps  0.00 GB
step  46745  rss  1.41 GB  mps  0.00 GB
step  46755  rss  1.28 GB  mps  0.00 GB
step  46765  rss  1.24 GB  mps  0.00 GB
step  46775  rss  1.17 GB  mps  0.00 GB
step  46785  rss  1.28 GB  mps  0.00 GB
step  46795  rss  1.23 GB  mps  0.00 GB
step  46805  rss  1.51 GB  mps  0.00 GB
epoch 276 train time 41.7 s
step  46814  rss  0.88 GB  mps  0.00 GB
step  46824  rss  1.00 GB  mps  0.00 GB
step  46834  rss  1.28 GB  mps  0.00 GB
step  46844  rss  1.34 GB  mps  0.00 GB
step  46854  rss  1.34 GB  mps  0.00 GB
step  46864  rss  1.41 GB  mps  0.00 GB
step  46874  rss  1.23 GB  mps  0.00 GB
step  46884  rss  1.23 GB  mps  0.00 GB
step  46894  rss  1.53 GB  mps  0.00 GB
step  46904  rss  1.20 GB  mps  0.00 GB
step  46914  rss  1.68 GB  mps  0.00 GB
step  46924  rss  1.20 GB  mps  0.00 GB
step  46934  rss  1.16 GB  mps  0.00 GB
step  46944  rss  1.71 GB  mps  0.00 GB
step  46954  rss  1.30 GB  mps  0.00 GB
step  46964  rss  1.36 GB  mps  0.00 GB
step  46974  rss  1.32 GB  mps  0.00 GB
epoch 277 train time 42.0 s
step  46983  rss  1.27 GB  mps  0.00 GB
step  46993  rss  1.10 GB  mps  0.00 GB
step  47003  rss  1.15 GB  mps  0.00 GB
step  47013  rss  1.17 GB  mps  0.00 GB
step  47023  rss  1.12 GB  mps  0.00 GB
step  47033  rss  1.22 GB  mps  0.00 GB
step  47043  rss  1.68 GB  mps  0.00 GB
step  47053  rss  1.28 GB  mps  0.00 GB
step  47063  rss  1.27 GB  mps  0.00 GB
step  47073  rss  1.13 GB  mps  0.00 GB
step  47083  rss  1.28 GB  mps  0.00 GB
step  47093  rss  1.22 GB  mps  0.00 GB
step  47103  rss  1.02 GB  mps  0.00 GB
step  47113  rss  1.64 GB  mps  0.00 GB
step  47123  rss  1.37 GB  mps  0.00 GB
step  47133  rss  1.39 GB  mps  0.00 GB
step  47143  rss  1.26 GB  mps  0.00 GB
epoch 278 train time 42.6 s
step  47152  rss  1.38 GB  mps  0.00 GB
step  47162  rss  1.45 GB  mps  0.00 GB
step  47172  rss  1.56 GB  mps  0.00 GB
step  47182  rss  1.28 GB  mps  0.00 GB
step  47192  rss  1.83 GB  mps  0.00 GB
step  47202  rss  1.38 GB  mps  0.00 GB
step  47212  rss  1.17 GB  mps  0.00 GB
step  47222  rss  1.63 GB  mps  0.00 GB
step  47232  rss  1.08 GB  mps  0.00 GB
step  47242  rss  1.12 GB  mps  0.00 GB
step  47252  rss  1.68 GB  mps  0.00 GB
step  47262  rss  1.54 GB  mps  0.00 GB
step  47272  rss  1.36 GB  mps  0.00 GB
step  47282  rss  0.81 GB  mps  0.00 GB
step  47292  rss  1.31 GB  mps  0.00 GB
step  47302  rss  1.30 GB  mps  0.00 GB
step  47312  rss  1.16 GB  mps  0.00 GB
epoch 279 train time 42.0 s
step  47321  rss  1.34 GB  mps  0.00 GB
step  47331  rss  1.15 GB  mps  0.00 GB
step  47341  rss  1.24 GB  mps  0.00 GB
step  47351  rss  1.57 GB  mps  0.00 GB
step  47361  rss  1.14 GB  mps  0.00 GB
step  47371  rss  1.56 GB  mps  0.00 GB
step  47381  rss  1.37 GB  mps  0.00 GB
step  47391  rss  1.60 GB  mps  0.00 GB
step  47401  rss  1.15 GB  mps  0.00 GB
step  47411  rss  1.35 GB  mps  0.00 GB
step  47421  rss  1.41 GB  mps  0.00 GB
step  47431  rss  1.20 GB  mps  0.00 GB
step  47441  rss  1.23 GB  mps  0.00 GB
step  47451  rss  1.16 GB  mps  0.00 GB
step  47461  rss  1.59 GB  mps  0.00 GB
step  47471  rss  1.24 GB  mps  0.00 GB
step  47481  rss  1.19 GB  mps  0.00 GB
epoch 280 train time 42.7 s
step  47490  rss  0.98 GB  mps  0.00 GB
step  47500  rss  1.59 GB  mps  0.00 GB
step  47510  rss  1.43 GB  mps  0.00 GB
step  47520  rss  1.06 GB  mps  0.00 GB
step  47530  rss  1.50 GB  mps  0.00 GB
step  47540  rss  1.22 GB  mps  0.00 GB
step  47550  rss  1.07 GB  mps  0.00 GB
step  47560  rss  1.33 GB  mps  0.00 GB
step  47570  rss  1.17 GB  mps  0.00 GB
step  47580  rss  1.17 GB  mps  0.00 GB
step  47590  rss  1.21 GB  mps  0.00 GB
step  47600  rss  1.20 GB  mps  0.00 GB
step  47610  rss  1.46 GB  mps  0.00 GB
step  47620  rss  1.47 GB  mps  0.00 GB
step  47630  rss  1.11 GB  mps  0.00 GB
step  47640  rss  1.44 GB  mps  0.00 GB
step  47650  rss  1.26 GB  mps  0.00 GB
epoch 281 train time 42.4 s
step  47659  rss  1.22 GB  mps  0.00 GB
step  47669  rss  1.26 GB  mps  0.00 GB
step  47679  rss  1.35 GB  mps  0.00 GB
step  47689  rss  1.73 GB  mps  0.00 GB
step  47699  rss  1.47 GB  mps  0.00 GB
step  47709  rss  1.12 GB  mps  0.00 GB
step  47719  rss  1.55 GB  mps  0.00 GB
step  47729  rss  1.13 GB  mps  0.00 GB
step  47739  rss  1.43 GB  mps  0.00 GB
step  47749  rss  1.24 GB  mps  0.00 GB
step  47759  rss  1.61 GB  mps  0.00 GB
step  47769  rss  1.60 GB  mps  0.00 GB
step  47779  rss  1.25 GB  mps  0.00 GB
step  47789  rss  1.30 GB  mps  0.00 GB
step  47799  rss  1.42 GB  mps  0.00 GB
step  47809  rss  1.56 GB  mps  0.00 GB
step  47819  rss  1.50 GB  mps  0.00 GB
epoch 282 train time 41.9 s
step  47828  rss  1.24 GB  mps  0.00 GB
step  47838  rss  1.43 GB  mps  0.00 GB
step  47848  rss  1.50 GB  mps  0.00 GB
step  47858  rss  1.40 GB  mps  0.00 GB
step  47868  rss  1.16 GB  mps  0.00 GB
step  47878  rss  1.16 GB  mps  0.00 GB
step  47888  rss  1.29 GB  mps  0.00 GB
step  47898  rss  1.23 GB  mps  0.00 GB
step  47908  rss  1.34 GB  mps  0.00 GB
step  47918  rss  1.18 GB  mps  0.00 GB
step  47928  rss  1.37 GB  mps  0.00 GB
step  47938  rss  1.40 GB  mps  0.00 GB
step  47948  rss  1.29 GB  mps  0.00 GB
step  47958  rss  1.25 GB  mps  0.00 GB
step  47968  rss  1.26 GB  mps  0.00 GB
step  47978  rss  1.47 GB  mps  0.00 GB
step  47988  rss  1.24 GB  mps  0.00 GB
epoch 283 train time 42.8 s
step  47997  rss  1.34 GB  mps  0.00 GB
step  48007  rss  1.11 GB  mps  0.00 GB
step  48017  rss  1.20 GB  mps  0.00 GB
step  48027  rss  1.19 GB  mps  0.00 GB
step  48037  rss  1.14 GB  mps  0.00 GB
step  48047  rss  1.17 GB  mps  0.00 GB
step  48057  rss  1.42 GB  mps  0.00 GB
step  48067  rss  1.58 GB  mps  0.00 GB
step  48077  rss  1.24 GB  mps  0.00 GB
step  48087  rss  1.19 GB  mps  0.00 GB
step  48097  rss  1.22 GB  mps  0.00 GB
step  48107  rss  1.30 GB  mps  0.00 GB
step  48117  rss  1.25 GB  mps  0.00 GB
step  48127  rss  1.24 GB  mps  0.00 GB
step  48137  rss  1.24 GB  mps  0.00 GB
step  48147  rss  1.20 GB  mps  0.00 GB
step  48157  rss  1.48 GB  mps  0.00 GB
epoch 284 train time 41.6 s
step  48166  rss  1.39 GB  mps  0.00 GB
step  48176  rss  1.23 GB  mps  0.00 GB
step  48186  rss  1.45 GB  mps  0.00 GB
step  48196  rss  1.54 GB  mps  0.00 GB
step  48206  rss  1.29 GB  mps  0.00 GB
step  48216  rss  1.20 GB  mps  0.00 GB
step  48226  rss  1.20 GB  mps  0.00 GB
step  48236  rss  1.55 GB  mps  0.00 GB
step  48246  rss  1.49 GB  mps  0.00 GB
step  48256  rss  1.23 GB  mps  0.00 GB
step  48266  rss  1.14 GB  mps  0.00 GB
step  48276  rss  1.30 GB  mps  0.00 GB
step  48286  rss  1.35 GB  mps  0.00 GB
step  48296  rss  1.12 GB  mps  0.00 GB
step  48306  rss  1.32 GB  mps  0.00 GB
step  48316  rss  1.25 GB  mps  0.00 GB
step  48326  rss  1.19 GB  mps  0.00 GB
epoch 285 train time 42.1 s
step  48335  rss  1.35 GB  mps  0.00 GB
step  48345  rss  1.30 GB  mps  0.00 GB
step  48355  rss  1.00 GB  mps  0.00 GB
step  48365  rss  1.38 GB  mps  0.00 GB
step  48375  rss  1.17 GB  mps  0.00 GB
step  48385  rss  1.60 GB  mps  0.00 GB
step  48395  rss  1.22 GB  mps  0.00 GB
step  48405  rss  1.68 GB  mps  0.00 GB
step  48415  rss  1.17 GB  mps  0.00 GB
step  48425  rss  1.13 GB  mps  0.00 GB
step  48435  rss  1.50 GB  mps  0.00 GB
step  48445  rss  1.33 GB  mps  0.00 GB
step  48455  rss  1.17 GB  mps  0.00 GB
step  48465  rss  1.23 GB  mps  0.00 GB
step  48475  rss  1.36 GB  mps  0.00 GB
step  48485  rss  1.46 GB  mps  0.00 GB
step  48495  rss  1.29 GB  mps  0.00 GB
epoch 286 train time 43.0 s
step  48504  rss  1.05 GB  mps  0.00 GB
step  48514  rss  1.56 GB  mps  0.00 GB
step  48524  rss  1.37 GB  mps  0.00 GB
step  48534  rss  1.43 GB  mps  0.00 GB
step  48544  rss  1.38 GB  mps  0.00 GB
step  48554  rss  1.73 GB  mps  0.00 GB
step  48564  rss  1.25 GB  mps  0.00 GB
step  48574  rss  1.41 GB  mps  0.00 GB
step  48584  rss  0.91 GB  mps  0.00 GB
step  48594  rss  1.17 GB  mps  0.00 GB
step  48604  rss  1.26 GB  mps  0.00 GB
step  48614  rss  1.31 GB  mps  0.00 GB
step  48624  rss  1.44 GB  mps  0.00 GB
step  48634  rss  1.49 GB  mps  0.00 GB
step  48644  rss  1.28 GB  mps  0.00 GB
step  48654  rss  1.19 GB  mps  0.00 GB
step  48664  rss  0.98 GB  mps  0.00 GB
epoch 287 train time 41.7 s
step  48673  rss  1.40 GB  mps  0.00 GB
step  48683  rss  1.61 GB  mps  0.00 GB
step  48693  rss  1.55 GB  mps  0.00 GB
step  48703  rss  1.55 GB  mps  0.00 GB
step  48713  rss  1.55 GB  mps  0.00 GB
step  48723  rss  1.37 GB  mps  0.00 GB
step  48733  rss  1.84 GB  mps  0.00 GB
step  48743  rss  1.24 GB  mps  0.00 GB
step  48753  rss  1.48 GB  mps  0.00 GB
step  48763  rss  1.22 GB  mps  0.00 GB
step  48773  rss  1.12 GB  mps  0.00 GB
step  48783  rss  1.39 GB  mps  0.00 GB
step  48793  rss  1.32 GB  mps  0.00 GB
step  48803  rss  1.20 GB  mps  0.00 GB
step  48813  rss  1.50 GB  mps  0.00 GB
step  48823  rss  1.14 GB  mps  0.00 GB
step  48833  rss  1.16 GB  mps  0.00 GB
epoch 288 train time 42.2 s
step  48842  rss  0.96 GB  mps  0.00 GB
step  48852  rss  1.30 GB  mps  0.00 GB
step  48862  rss  1.52 GB  mps  0.00 GB
step  48872  rss  1.51 GB  mps  0.00 GB
step  48882  rss  1.56 GB  mps  0.00 GB
step  48892  rss  1.41 GB  mps  0.00 GB
step  48902  rss  1.41 GB  mps  0.00 GB
step  48912  rss  1.07 GB  mps  0.00 GB
step  48922  rss  1.50 GB  mps  0.00 GB
step  48932  rss  1.07 GB  mps  0.00 GB
step  48942  rss  1.41 GB  mps  0.00 GB
step  48952  rss  1.36 GB  mps  0.00 GB
step  48962  rss  1.43 GB  mps  0.00 GB
step  48972  rss  1.53 GB  mps  0.00 GB
step  48982  rss  1.45 GB  mps  0.00 GB
step  48992  rss  1.49 GB  mps  0.00 GB
step  49002  rss  1.09 GB  mps  0.00 GB
epoch 289 train time 41.8 s
step  49011  rss  1.26 GB  mps  0.00 GB
step  49021  rss  1.61 GB  mps  0.00 GB
step  49031  rss  1.33 GB  mps  0.00 GB
step  49041  rss  1.64 GB  mps  0.00 GB
step  49051  rss  1.09 GB  mps  0.00 GB
step  49061  rss  1.15 GB  mps  0.00 GB
step  49071  rss  1.36 GB  mps  0.00 GB
step  49081  rss  1.11 GB  mps  0.00 GB
step  49091  rss  1.32 GB  mps  0.00 GB
step  49101  rss  1.25 GB  mps  0.00 GB
step  49111  rss  1.51 GB  mps  0.00 GB
step  49121  rss  1.19 GB  mps  0.00 GB
step  49131  rss  1.20 GB  mps  0.00 GB
step  49141  rss  1.38 GB  mps  0.00 GB
step  49151  rss  1.00 GB  mps  0.00 GB
step  49161  rss  1.09 GB  mps  0.00 GB
step  49171  rss  1.43 GB  mps  0.00 GB
epoch 290 train time 41.4 s
step  49180  rss  1.06 GB  mps  0.00 GB
step  49190  rss  1.23 GB  mps  0.00 GB
step  49200  rss  1.14 GB  mps  0.00 GB
step  49210  rss  1.23 GB  mps  0.00 GB
step  49220  rss  1.63 GB  mps  0.00 GB
step  49230  rss  1.59 GB  mps  0.00 GB
step  49240  rss  1.57 GB  mps  0.00 GB
step  49250  rss  1.27 GB  mps  0.00 GB
step  49260  rss  1.41 GB  mps  0.00 GB
step  49270  rss  1.20 GB  mps  0.00 GB
step  49280  rss  1.48 GB  mps  0.00 GB
step  49290  rss  1.36 GB  mps  0.00 GB
step  49300  rss  1.44 GB  mps  0.00 GB
step  49310  rss  1.06 GB  mps  0.00 GB
step  49320  rss  1.58 GB  mps  0.00 GB
step  49330  rss  1.25 GB  mps  0.00 GB
step  49340  rss  1.23 GB  mps  0.00 GB
epoch 291 train time 42.5 s
step  49349  rss  1.33 GB  mps  0.00 GB
step  49359  rss  1.26 GB  mps  0.00 GB
step  49369  rss  1.58 GB  mps  0.00 GB
step  49379  rss  1.62 GB  mps  0.00 GB
step  49389  rss  1.51 GB  mps  0.00 GB
step  49399  rss  1.18 GB  mps  0.00 GB
step  49409  rss  1.22 GB  mps  0.00 GB
step  49419  rss  1.18 GB  mps  0.00 GB
step  49429  rss  1.51 GB  mps  0.00 GB
step  49439  rss  1.65 GB  mps  0.00 GB
step  49449  rss  1.49 GB  mps  0.00 GB
step  49459  rss  1.49 GB  mps  0.00 GB
step  49469  rss  1.13 GB  mps  0.00 GB
step  49479  rss  1.37 GB  mps  0.00 GB
step  49489  rss  1.22 GB  mps  0.00 GB
step  49499  rss  1.28 GB  mps  0.00 GB
step  49509  rss  1.25 GB  mps  0.00 GB
epoch 292 train time 41.8 s
step  49518  rss  1.47 GB  mps  0.00 GB
step  49528  rss  1.80 GB  mps  0.00 GB
step  49538  rss  1.32 GB  mps  0.00 GB
step  49548  rss  1.38 GB  mps  0.00 GB
step  49558  rss  1.28 GB  mps  0.00 GB
step  49568  rss  1.13 GB  mps  0.00 GB
step  49578  rss  1.66 GB  mps  0.00 GB
step  49588  rss  1.37 GB  mps  0.00 GB
step  49598  rss  1.20 GB  mps  0.00 GB
step  49608  rss  1.24 GB  mps  0.00 GB
step  49618  rss  1.20 GB  mps  0.00 GB
step  49628  rss  1.24 GB  mps  0.00 GB
step  49638  rss  1.31 GB  mps  0.00 GB
step  49648  rss  1.24 GB  mps  0.00 GB
step  49658  rss  1.39 GB  mps  0.00 GB
step  49668  rss  1.31 GB  mps  0.00 GB
step  49678  rss  1.49 GB  mps  0.00 GB
epoch 293 train time 42.9 s
step  49687  rss  1.06 GB  mps  0.00 GB
step  49697  rss  1.11 GB  mps  0.00 GB
step  49707  rss  1.12 GB  mps  0.00 GB
step  49717  rss  1.66 GB  mps  0.00 GB
step  49727  rss  1.20 GB  mps  0.00 GB
step  49737  rss  1.22 GB  mps  0.00 GB
step  49747  rss  1.28 GB  mps  0.00 GB
step  49757  rss  1.18 GB  mps  0.00 GB
step  49767  rss  1.28 GB  mps  0.00 GB
step  49777  rss  1.37 GB  mps  0.00 GB
step  49787  rss  1.34 GB  mps  0.00 GB
step  49797  rss  1.15 GB  mps  0.00 GB
step  49807  rss  1.12 GB  mps  0.00 GB
step  49817  rss  1.14 GB  mps  0.00 GB
step  49827  rss  1.36 GB  mps  0.00 GB
step  49837  rss  1.26 GB  mps  0.00 GB
step  49847  rss  1.28 GB  mps  0.00 GB
epoch 294 train time 42.5 s
step  49856  rss  1.38 GB  mps  0.00 GB
step  49866  rss  1.22 GB  mps  0.00 GB
step  49876  rss  1.21 GB  mps  0.00 GB
step  49886  rss  1.47 GB  mps  0.00 GB
step  49896  rss  1.40 GB  mps  0.00 GB
step  49906  rss  1.41 GB  mps  0.00 GB
step  49916  rss  1.18 GB  mps  0.00 GB
step  49926  rss  1.78 GB  mps  0.00 GB
step  49936  rss  1.32 GB  mps  0.00 GB
step  49946  rss  1.35 GB  mps  0.00 GB
step  49956  rss  1.23 GB  mps  0.00 GB
step  49966  rss  1.18 GB  mps  0.00 GB
step  49976  rss  1.22 GB  mps  0.00 GB
step  49986  rss  1.74 GB  mps  0.00 GB
step  49996  rss  1.37 GB  mps  0.00 GB
step  50006  rss  1.29 GB  mps  0.00 GB
step  50016  rss  1.29 GB  mps  0.00 GB
epoch 295 train time 43.2 s
step  50025  rss  1.27 GB  mps  0.00 GB
step  50035  rss  1.20 GB  mps  0.00 GB
step  50045  rss  1.52 GB  mps  0.00 GB
step  50055  rss  1.30 GB  mps  0.00 GB
step  50065  rss  1.45 GB  mps  0.00 GB
step  50075  rss  1.27 GB  mps  0.00 GB
step  50085  rss  1.34 GB  mps  0.00 GB
step  50095  rss  1.30 GB  mps  0.00 GB
step  50105  rss  1.24 GB  mps  0.00 GB
step  50115  rss  1.66 GB  mps  0.00 GB
step  50125  rss  1.21 GB  mps  0.00 GB
step  50135  rss  1.22 GB  mps  0.00 GB
step  50145  rss  1.62 GB  mps  0.00 GB
step  50155  rss  1.15 GB  mps  0.00 GB
step  50165  rss  1.44 GB  mps  0.00 GB
step  50175  rss  1.30 GB  mps  0.00 GB
step  50185  rss  1.20 GB  mps  0.00 GB
epoch 296 train time 42.0 s
step  50194  rss  1.46 GB  mps  0.00 GB
step  50204  rss  1.21 GB  mps  0.00 GB
step  50214  rss  1.63 GB  mps  0.00 GB
step  50224  rss  1.23 GB  mps  0.00 GB
step  50234  rss  1.29 GB  mps  0.00 GB
step  50244  rss  1.20 GB  mps  0.00 GB
step  50254  rss  1.53 GB  mps  0.00 GB
step  50264  rss  1.55 GB  mps  0.00 GB
step  50274  rss  1.32 GB  mps  0.00 GB
step  50284  rss  1.47 GB  mps  0.00 GB
step  50294  rss  1.49 GB  mps  0.00 GB
step  50304  rss  1.23 GB  mps  0.00 GB
step  50314  rss  1.25 GB  mps  0.00 GB
step  50324  rss  1.88 GB  mps  0.00 GB
step  50334  rss  1.22 GB  mps  0.00 GB
step  50344  rss  0.92 GB  mps  0.00 GB
step  50354  rss  1.46 GB  mps  0.00 GB
epoch 297 train time 42.7 s
step  50363  rss  1.02 GB  mps  0.00 GB
step  50373  rss  1.33 GB  mps  0.00 GB
step  50383  rss  1.69 GB  mps  0.00 GB
step  50393  rss  1.33 GB  mps  0.00 GB
step  50403  rss  1.22 GB  mps  0.00 GB
step  50413  rss  1.16 GB  mps  0.00 GB
step  50423  rss  1.16 GB  mps  0.00 GB
step  50433  rss  1.13 GB  mps  0.00 GB
step  50443  rss  1.15 GB  mps  0.00 GB
step  50453  rss  1.54 GB  mps  0.00 GB
step  50463  rss  1.52 GB  mps  0.00 GB
step  50473  rss  1.50 GB  mps  0.00 GB
step  50483  rss  1.36 GB  mps  0.00 GB
step  50493  rss  1.30 GB  mps  0.00 GB
step  50503  rss  1.17 GB  mps  0.00 GB
step  50513  rss  1.21 GB  mps  0.00 GB
step  50523  rss  1.56 GB  mps  0.00 GB
epoch 298 train time 42.0 s
step  50532  rss  1.15 GB  mps  0.00 GB
step  50542  rss  1.17 GB  mps  0.00 GB
step  50552  rss  1.36 GB  mps  0.00 GB
step  50562  rss  1.13 GB  mps  0.00 GB
step  50572  rss  1.15 GB  mps  0.00 GB
step  50582  rss  1.32 GB  mps  0.00 GB
step  50592  rss  1.08 GB  mps  0.00 GB
step  50602  rss  1.49 GB  mps  0.00 GB
step  50612  rss  1.39 GB  mps  0.00 GB
step  50622  rss  1.26 GB  mps  0.00 GB
step  50632  rss  1.39 GB  mps  0.00 GB
step  50642  rss  1.34 GB  mps  0.00 GB
step  50652  rss  1.48 GB  mps  0.00 GB
step  50662  rss  1.45 GB  mps  0.00 GB
step  50672  rss  1.18 GB  mps  0.00 GB
step  50682  rss  1.09 GB  mps  0.00 GB
step  50692  rss  1.59 GB  mps  0.00 GB
epoch 299 train time 43.1 s
`Trainer.fit` stopped: `max_epochs=300` reached.
{
 "name": "rot250mono_painn",
 "args": {
  "train": [
   "/Users/cafierom/python_mac/schnet/data/rot250_gfn2_train.xyz",
   "/Users/cafierom/python_mac/schnet/data/rot250_rod_gfn2_train.xyz",
   "/Users/cafierom/python_mac/schnet/data/rot250_wheel_gfn2_train.xyz"
  ],
  "valid": [
   "/Users/cafierom/python_mac/schnet/data/rot250_gfn2_valid.xyz",
   "/Users/cafierom/python_mac/schnet/data/rot250_rod_gfn2_valid.xyz",
   "/Users/cafierom/python_mac/schnet/data/rot250_wheel_gfn2_valid.xyz"
  ],
  "name": "rot250mono_painn",
  "model": "painn",
  "features": 128,
  "interactions": 3,
  "cutoff": 5.0,
  "epochs": 300,
  "batch_size": 4,
  "micro_batch": null,
  "lr": 0.0005,
  "energy_weight": 0.05,
  "device": "cpu",
  "seed": 123,
  "max_steps": -1,
  "grad_clip": 10.0,
  "resume": false
 },
 "n_train": 675,
 "n_valid": 75,
 "epochs_run": 300,
 "wall_s": 16013.7,
 "valid_energy_mae_meV_per_atom": 0.2817851677295887,
 "valid_forces_mae_meV_per_A": 23.757081713960808,
 "n_params": 589057,
 "valid_by_formula": {
  "C16H32O8": {
   "n": 25,
   "energy_mae_meV_per_atom": 0.33585687900995254,
   "forces_mae_meV_per_A": 19.466268345214985
  },
  "C44H26F14N2O2": {
   "n": 25,
   "energy_mae_meV_per_atom": 0.2215876836854394,
   "forces_mae_meV_per_A": 21.34529519986729
  },
  "C60H58F14N2O10": {
   "n": 25,
   "energy_mae_meV_per_atom": 0.2879109404933741,
   "forces_mae_meV_per_A": 26.89960089375244
  }
 }
}
/Users/cafierom/python_mac/schnet/.venv/lib/python3.12/site-packages/torch/jit/_script.py:1491: FutureWarning: `torch.jit.script` is deprecated. Please switch to `torch.compile` or `torch.export`.
  warnings.warn(
  rot250mono_painn stacking center_4F               -4.03
  rot250mono_painn stacking center_2F               -4.87
  rot250mono_painn stacking center_0F               -4.42
  rot250mono_painn stacking weak_stopper_real       -2.21
  rot250mono_painn stacking strong_stopper_real     -6.10
  rot250mono_painn stacking strong_stopper          -3.05
  rot250mono_painn stacking weak_stopper             0.11
  rot250mono_painn whole    cf3_ring               -26.50
  rot250mono_painn whole    iso_ring               -30.91
  rot250mono_painn whole    central_cf3side        -28.41
  rot250mono_painn whole    central_isoside        -27.47

=== stacking fragments (kcal/mol) — CCSD(T)/aug-cc-pVTZ reference ===
  pairing                 CCSD(T)     DFT    GFN2   OFF23 rot250mono_painn mace:off-medium mace:ft-medium  mace:ft-large
  center_4F                -10.10  -10.09  -10.26  -10.67          -4.03         -10.67         -11.17         -14.99
  center_2F                 -9.63   -9.30   -9.90   -9.77          -4.87          -9.77         -10.71         -14.87
  center_0F                 -7.59   -7.28   -8.58   -8.17          -4.42          -8.17          -9.23         -13.04
  weak_stopper_real         -8.09   -8.23   -7.84   -8.09          -2.21          -8.09          -8.78         -11.19
  strong_stopper_real          --  -11.53  -11.71  -11.51          -6.10         -11.51         -12.35         -16.71
  strong_stopper               --  -11.52  -12.33  -10.71          -3.05         -10.71         -13.20         -16.69
  weak_stopper                 --   -9.50  -10.52   -8.99           0.11          -8.99         -10.72         -13.49
  vs CCSD(T)                                                        4.97           0.32           1.12           4.67   <- MAE
  vs GFN2 (trained level)                                            6.65           0.65           0.72           4.27   <- MAE

=== whole-structure double stacks (kcal/mol) — UMA reference ===
  geometry                    UMA rot250mono_painn mace:off-medium mace:ft-medium  mace:ft-large
  central_isoside          -30.62         -27.47         -26.21         -31.41         -38.42
  central_cf3side          -36.05         -28.41         -31.28         -32.87         -42.06
  iso_ring                 -36.73         -30.91         -30.69         -34.05         -46.28
  cf3_ring                 -38.17         -26.50         -33.52         -36.08         -44.59
  outlier gap                5.43           0.94           5.06           1.46           3.64
  ordering matches UMA         --          False          False           True          False
/Users/cafierom/python_mac/schnet/.venv/lib/python3.12/site-packages/torch/jit/_script.py:1491: FutureWarning: `torch.jit.script` is deprecated. Please switch to `torch.compile` or `torch.export`.
  warnings.warn(
layer: mix1
pool: {'H': 26100, 'C': 27000, 'N': 900, 'O': 4500, 'F': 6300}

set                               n  mean score: min  median     max   >thr unseen-el
rot250 valid (held out)          25           0.0015  0.0017  0.0022     0%         0
rot1 GFN2 MD/normal modes       221           0.0017  0.0037  0.0056    99%         0
bench whole: dimer                4           0.0082  0.0083  0.0084   100%         0
bench whole: rod                  4           0.0068  0.0069  0.0070   100%         0
bench whole: wheel                4           0.0064  0.0066  0.0068   100%         0
bench stacking: dimer             7           0.0118  0.0156  0.0198   100%         0
bench stacking: rod               7           0.0045  0.0111  0.0196   100%         0
bench stacking: wheel             7           0.0183  0.0188  0.0190   100%         0
dethread1 (112-atom system)      10           0.0068  0.0072  0.0079   100%         0
S66 dimers                       66           0.0095  0.0246  0.0713   100%         0
S66 monomers                    132           0.0103  0.0268  0.0724   100%         0
OFF23 test sample               300           0.0034  0.0469  0.6015   100%       147
rosuvastatin                      1           0.0452  0.0452  0.0452   100%         1

threshold (max of held-out rot250 frames): 0.0022
wrote /Users/cafierom/python_mac/schnet/output/rot250mono_painn/ood_pool.npz and /Users/cafierom/python_mac/schnet/output/rot250mono_painn/ood_scores.csv
== done Wed 23 Sep 2026 23:12:53 BST
