epoch,lr_schedule,mem_mps_gb,mem_rss_gb,step,train_energy_MAE,train_forces_MAE,train_loss,val_energy_MAE,val_forces_MAE,val_loss
,0.0005,,,0,,,,,,
0,,0.0004425048828125,1.2942962646484375,9,10.89946460723877,0.5581215620040894,6.520350456237793,,,
0,,0.0004425048828125,1.8202972412109375,19,18.153827667236328,0.5456161499023438,17.026403427124023,,,
0,,0.0004425048828125,1.5802154541015625,29,5.784038543701172,0.5126948356628418,2.17169189453125,,,
0,,0.0004425048828125,1.8667449951171875,39,7.059108734130859,0.5349604487419128,3.0260915756225586,,,
0,,0.0004425048828125,1.8748779296875,49,2.896778106689453,0.5382227301597595,0.9570662975311279,,,
0,,,,56,,,,2.674650192260742,0.5373729467391968,0.9055744409561157
,0.0005,,,57,,,,,,
1,,0.0004425048828125,1.5874786376953125,59,1.3896205425262451,0.5344332456588745,0.6538138389587402,,,
1,,0.0004425048828125,1.590484619140625,69,1.2826812267303467,0.5086483359336853,0.5540924668312073,,,
1,,0.0004425048828125,1.260528564453125,79,0.584414005279541,0.5187317132949829,0.5204064846038818,,,
1,,0.0004425048828125,1.9202423095703125,89,0.4391603469848633,0.531287670135498,0.5156151056289673,,,
1,,0.0004425048828125,1.925933837890625,99,0.3615286350250244,0.516751229763031,0.5089638829231262,,,
1,,0.0004425048828125,1.9630584716796875,109,0.2602461576461792,0.5117679238319397,0.48515522480010986,,,
1,,,,113,,,,0.6716341972351074,0.5304695963859558,0.5483883023262024
,0.0005,,,114,,,,,,
2,,0.0004425048828125,1.6778106689453125,119,0.7930986285209656,0.5105547904968262,0.5359662771224976,,,
2,,0.0004425048828125,1.6783447265625,129,0.5580609440803528,0.5290581583976746,0.5591558814048767,,,
2,,0.0004425048828125,1.679046630859375,139,0.5172907710075378,0.5196053981781006,0.5146162509918213,,,
2,,0.0004425048828125,1.6790771484375,149,0.43267664313316345,0.521551787853241,0.5242583751678467,,,
2,,0.0004425048828125,1.682769775390625,159,0.45275142788887024,0.5410625338554382,0.5571282505989075,,,
2,,0.0004425048828125,1.78466796875,169,0.4623638391494751,0.49037566781044006,0.45487478375434875,,,
2,,,,170,,,,0.5901572704315186,0.5225856304168701,0.5261082649230957
,0.0005,,,171,,,,,,
3,,0.0004425048828125,1.195831298828125,179,1.2474799156188965,0.5075897574424744,0.5582907795906067,,,
3,,0.0004425048828125,1.59185791015625,189,0.49104270339012146,0.531578540802002,0.5437569618225098,,,
3,,0.0004425048828125,1.9036407470703125,199,1.0247776508331299,0.4910319149494171,0.5018569231033325,,,
3,,0.0004425048828125,1.966552734375,209,1.0069291591644287,0.5078811049461365,0.5331423282623291,,,
3,,0.0004425048828125,1.973663330078125,219,0.9317470192909241,0.5261415243148804,0.5730528235435486,,,
3,,,,227,,,,0.4295767843723297,0.5145970582962036,0.5021390318870544
,0.0005,,,228,,,,,,
4,,0.0004425048828125,1.5441131591796875,229,0.45427384972572327,0.4910070300102234,0.466635137796402,,,
4,,0.0004425048828125,1.549530029296875,239,0.8442999124526978,0.5101872682571411,0.5460848808288574,,,
4,,0.0004425048828125,1.915496826171875,249,0.521420955657959,0.507201075553894,0.4971427023410797,,,
4,,0.0004425048828125,1.9750213623046875,259,0.5636651515960693,0.4913880527019501,0.4493951201438904,,,
4,,0.0004425048828125,1.9547119140625,269,0.5156431198120117,0.5088400840759277,0.5000161528587341,,,
4,,0.0004425048828125,1.957275390625,279,1.0725088119506836,0.4898614287376404,0.5224316120147705,,,
4,,,,284,,,,0.44800040125846863,0.5066204071044922,0.4884418845176697
,0.0005,,,285,,,,,,
5,,0.0004425048828125,1.667327880859375,289,0.6942307949066162,0.47761648893356323,0.4617402255535126,,,
5,,0.0004425048828125,1.9793701171875,299,1.0499424934387207,0.49667662382125854,0.5140413641929626,,,
5,,0.0004425048828125,1.98016357421875,309,0.39612916111946106,0.5102275013923645,0.4853968024253845,,,
5,,0.0004425048828125,1.980194091796875,319,1.0995464324951172,0.48538461327552795,0.5371654629707336,,,
5,,0.0004425048828125,1.66131591796875,329,1.3282339572906494,0.49772778153419495,0.5604066848754883,,,
5,,0.0004425048828125,1.7282867431640625,339,0.3539811670780182,0.49082204699516296,0.45467180013656616,,,
5,,,,341,,,,0.8645253777503967,0.49876248836517334,0.5092355608940125
,0.0005,,,342,,,,,,
6,,0.0004425048828125,1.6949615478515625,349,0.9651960134506226,0.49024051427841187,0.5067963004112244,,,
6,,0.0004425048828125,1.6964874267578125,359,1.035805344581604,0.49457743763923645,0.5151316523551941,,,
6,,0.0004425048828125,1.696502685546875,369,0.3979397714138031,0.49318885803222656,0.469446063041687,,,
6,,0.0004425048828125,1.696502685546875,379,0.8178330063819885,0.48075082898139954,0.47989073395729065,,,
6,,0.0004425048828125,1.696502685546875,389,0.24947789311408997,0.48259493708610535,0.4272597134113312,,,
6,,,,398,,,,1.5307143926620483,0.4905785620212555,0.5743257999420166
,0.0005,,,399,,,,,,
7,,0.0004425048828125,1.6054840087890625,399,1.3741785287857056,0.49251917004585266,0.53363037109375,,,
7,,0.0004425048828125,1.6964569091796875,409,0.2949444651603699,0.505051851272583,0.48744335770606995,,,
7,,0.0004425048828125,1.6971588134765625,419,0.5621818900108337,0.5074954628944397,0.5129600167274475,,,
7,,0.0004425048828125,1.8451690673828125,429,1.044329047203064,0.48052772879600525,0.5006060600280762,,,
7,,0.0004425048828125,1.85040283203125,439,1.683494210243225,0.48312968015670776,0.5791311264038086,,,
7,,0.0004425048828125,1.850494384765625,449,0.9628041982650757,0.4729714095592499,0.4938046932220459,,,
7,,,,455,,,,0.4366034269332886,0.4819636940956116,0.44763267040252686
,0.0005,,,456,,,,,,
8,,0.0004425048828125,1.5716705322265625,459,0.24716174602508545,0.46311017870903015,0.40193435549736023,,,
8,,0.0004425048828125,1.57171630859375,469,0.4111986756324768,0.4988008737564087,0.4790804386138916,,,
8,,0.0004425048828125,1.6306610107421875,479,0.5820899605751038,0.48474711179733276,0.4730825424194336,,,
8,,0.0004425048828125,1.63067626953125,489,0.7866708040237427,0.46700596809387207,0.4427792429924011,,,
8,,0.0004425048828125,1.689697265625,499,0.5214722752571106,0.474915087223053,0.44366905093193054,,,
8,,0.0004425048828125,1.8671417236328125,509,0.5288848876953125,0.46309158205986023,0.41520246863365173,,,
8,,,,512,,,,1.3241894245147705,0.47176676988601685,0.5123174786567688
,0.0005,,,513,,,,,,
9,,0.0004425048828125,1.1952972412109375,519,0.4983006715774536,0.4538055658340454,0.3933848440647125,,,
9,,0.0004425048828125,1.212066650390625,529,1.1219602823257446,0.4585602283477783,0.46765005588531494,,,
9,,0.0004425048828125,1.502471923828125,539,0.8246457576751709,0.4612329304218292,0.4574887156486511,,,
9,,0.0004425048828125,1.45135498046875,549,0.5117430090904236,0.4591980576515198,0.4137303829193115,,,
9,,0.0004425048828125,1.4049530029296875,559,0.5413079261779785,0.4633689820766449,0.41468507051467896,,,
9,,0.0004425048828125,1.75244140625,569,0.32314449548721313,0.4566989839076996,0.38144391775131226,,,
9,,,,569,,,,0.2784241735935211,0.4592115581035614,0.40271830558776855
,0.0005,,,570,,,,,,
10,,0.0004425048828125,1.5638427734375,579,0.12116552889347076,0.448140025138855,0.37557899951934814,,,
10,,0.0004425048828125,1.9047088623046875,589,0.9847986698150635,0.41508153080940247,0.37789344787597656,,,
10,,0.0004425048828125,1.9308013916015625,599,0.8148869872093201,0.4595460593700409,0.43839001655578613,,,
10,,0.0004425048828125,1.930877685546875,609,0.6381253004074097,0.4467049241065979,0.4003095030784607,,,
10,,0.0004425048828125,1.905029296875,619,1.2923392057418823,0.4303402304649353,0.43774327635765076,,,
10,,,,626,,,,0.7198704481124878,0.44103363156318665,0.3965418338775635
,0.0005,,,627,,,,,,
11,,0.0004425048828125,1.4998321533203125,629,0.7200341820716858,0.41485050320625305,0.3306002914905548,,,
11,,0.0004425048828125,1.499847412109375,639,0.2760711908340454,0.4693129360675812,0.41207852959632874,,,
11,,0.0004425048828125,1.4999237060546875,649,0.9905333518981934,0.43979761004447937,0.4150755703449249,,,
11,,0.0004425048828125,1.867156982421875,659,0.6248363852500916,0.41224417090415955,0.34050068259239197,,,
11,,0.0004425048828125,1.801544189453125,669,1.1193429231643677,0.4127483069896698,0.41384825110435486,,,
11,,0.0004425048828125,1.8021392822265625,679,0.8426004648208618,0.4170442819595337,0.3509227931499481,,,
11,,,,683,,,,0.23791958391666412,0.4069117605686188,0.312124639749527
,0.0005,,,684,,,,,,
12,,0.0004425048828125,1.58538818359375,689,0.6624525785446167,0.41362130641937256,0.35006648302078247,,,
12,,0.0004425048828125,1.839111328125,699,0.8552708029747009,0.4087667465209961,0.34785017371177673,,,
12,,0.0004425048828125,1.839111328125,709,0.4100554287433624,0.4060562252998352,0.30939218401908875,,,
12,,0.0004425048828125,1.839111328125,719,0.5190886855125427,0.37699219584465027,0.2734202742576599,,,
12,,0.0004425048828125,2.0328369140625,729,0.47803574800491333,0.36495786905288696,0.25537538528442383,,,
12,,0.0004425048828125,2.0328521728515625,739,0.43840259313583374,0.3353319764137268,0.2075124830007553,,,
12,,,,740,,,,0.8003659248352051,0.3652305603027344,0.27672865986824036
,0.0005,,,741,,,,,,
13,,0.0004425048828125,1.774200439453125,749,0.36618688702583313,0.37196844816207886,0.25452491641044617,,,
13,,0.0004425048828125,1.7743988037109375,759,0.5090566873550415,0.3578004539012909,0.24092793464660645,,,
13,,0.0004425048828125,1.774444580078125,769,0.8673253059387207,0.3566625416278839,0.2721215784549713,,,
13,,0.0004425048828125,1.77447509765625,779,0.16598975658416748,0.32942333817481995,0.19273020327091217,,,
13,,0.0004425048828125,2.01165771484375,789,0.45201143622398376,0.34171345829963684,0.21863996982574463,,,
13,,,,797,,,,0.32954928278923035,0.3395240604877472,0.21105022728443146
,0.0005,,,798,,,,,,
14,,0.0004425048828125,1.8056640625,799,0.763063371181488,0.3359009921550751,0.23876184225082397,,,
14,,0.0004425048828125,1.805877685546875,809,1.3258252143859863,0.33309730887413025,0.291074275970459,,,
14,,0.0004425048828125,1.80596923828125,819,0.16415256261825562,0.3382880687713623,0.19394834339618683,,,
14,,0.0004425048828125,2.052001953125,829,0.1971590220928192,0.34020641446113586,0.21412019431591034,,,
14,,0.0004425048828125,2.0584259033203125,839,0.2678750157356262,0.2996850907802582,0.1548330932855606,,,
14,,0.0004425048828125,2.05987548828125,849,0.6432358622550964,0.3226633369922638,0.20757922530174255,,,
14,,,,854,,,,1.7300878763198853,0.3090091943740845,0.31992819905281067
,0.0005,,,855,,,,,,
15,,0.0004425048828125,1.56201171875,859,0.697906494140625,0.3049905598163605,0.19304175674915314,,,
15,,0.0004425048828125,1.914703369140625,869,0.7256674766540527,0.30343443155288696,0.19579604268074036,,,
15,,0.0004425048828125,1.6073150634765625,879,0.05719560384750366,0.2930253744125366,0.14136354625225067,,,
15,,0.0004425048828125,1.616729736328125,889,0.4854949116706848,0.2848832309246063,0.159067302942276,,,
15,,0.0004425048828125,1.980194091796875,899,0.17571592330932617,0.28534162044525146,0.14447887241840363,,,
15,,0.0004425048828125,1.654876708984375,909,0.355476438999176,0.27846166491508484,0.142256960272789,,,
15,,,,911,,,,0.8553117513656616,0.27932655811309814,0.17478375136852264
,0.0005,,,912,,,,,,
16,,0.0004425048828125,1.5747833251953125,919,0.7464190125465393,0.2670285403728485,0.15353530645370483,,,
16,,0.0004425048828125,1.575439453125,929,0.34494200348854065,0.2665803134441376,0.1302950084209442,,,
16,,0.0004425048828125,1.5754547119140625,939,0.3401915729045868,0.25194060802459717,0.11055126786231995,,,
16,,0.0004425048828125,1.575469970703125,949,0.2388678789138794,0.256686270236969,0.1208428218960762,,,
16,,0.0004425048828125,1.8408966064453125,959,0.6941456198692322,0.2500595450401306,0.1356990784406662,,,
16,,,,968,,,,0.22893720865249634,0.2563289701938629,0.11685299873352051
,0.0005,,,969,,,,,,
17,,0.0004425048828125,1.78070068359375,969,0.41080498695373535,0.24857118725776672,0.1110396757721901,,,
17,,0.0004425048828125,1.780792236328125,979,0.10660892724990845,0.24603356420993805,0.10168734192848206,,,
17,,0.0004425048828125,1.78082275390625,989,0.36440375447273254,0.251098096370697,0.11185277998447418,,,
17,,0.0004425048828125,1.7808380126953125,999,0.4501323699951172,0.2503121495246887,0.11653876304626465,,,
17,,0.0004425048828125,1.682647705078125,1009,0.44273459911346436,0.24730703234672546,0.11274440586566925,,,
17,,0.0004425048828125,1.682647705078125,1019,0.4162525534629822,0.2278820276260376,0.0961303785443306,,,
17,,,,1025,,,,0.8135080933570862,0.2393980175256729,0.13588158786296844
,0.0005,,,1026,,,,,,
18,,0.0004425048828125,1.232757568359375,1029,1.2126215696334839,0.2422400265932083,0.18455767631530762,,,
18,,0.0004425048828125,1.3647308349609375,1039,0.34390968084335327,0.24468296766281128,0.10887983441352844,,,
18,,0.0004425048828125,1.36846923828125,1049,0.45475637912750244,0.23710031807422638,0.10729387402534485,,,
18,,0.0004425048828125,1.5891876220703125,1059,0.22454318404197693,0.22390250861644745,0.08810071647167206,,,
18,,0.0004425048828125,1.7953338623046875,1069,0.3080368936061859,0.23420846462249756,0.10081402957439423,,,
18,,0.0004425048828125,1.915985107421875,1079,1.4918979406356812,0.24016854166984558,0.21064051985740662,,,
18,,,,1082,,,,1.1041494607925415,0.2635498642921448,0.18465262651443481
,0.0005,,,1083,,,,,,
19,,0.0004425048828125,1.6431884765625,1089,0.5824223756790161,0.2341439425945282,0.11034855991601944,,,
19,,0.0004425048828125,1.74237060546875,1099,0.6635419726371765,0.2282400131225586,0.11391684412956238,,,
19,,0.0004425048828125,1.90875244140625,1109,0.15868277847766876,0.2308407574892044,0.09231913089752197,,,
19,,0.0004425048828125,1.90972900390625,1119,0.26150816679000854,0.22447139024734497,0.09191272407770157,,,
19,,0.0004425048828125,1.910186767578125,1129,0.26653507351875305,0.2319602221250534,0.09643484652042389,,,
19,,0.0004425048828125,1.910247802734375,1139,1.0047519207000732,0.22469951212406158,0.1360251009464264,,,
19,,,,1139,,,,0.31174901127815247,0.2199399620294571,0.08957744389772415
,0.0005,,,1140,,,,,,
20,,0.0004425048828125,1.505584716796875,1149,1.1350882053375244,0.2102789729833603,0.14549538493156433,,,
20,,0.0004425048828125,1.918670654296875,1159,0.42178013920783997,0.2166638970375061,0.09319508820772171,,,
20,,0.0004425048828125,1.919525146484375,1169,0.8366421461105347,0.2213115394115448,0.12521909177303314,,,
20,,0.0004425048828125,1.9202117919921875,1179,0.4567231833934784,0.20998862385749817,0.08529524505138397,,,
20,,0.0004425048828125,1.9208221435546875,1189,0.4105566740036011,0.20325803756713867,0.07857353240251541,,,
20,,,,1196,,,,0.7098301649093628,0.20982451736927032,0.10452554374933243
,0.0005,,,1197,,,,,,
21,,0.0004425048828125,1.4340667724609375,1199,0.7231618762016296,0.20267146825790405,0.10462523251771927,,,
21,,0.0004425048828125,1.74560546875,1209,0.1870700567960739,0.2052394598722458,0.07319776713848114,,,
21,,0.0004425048828125,1.623809814453125,1219,0.5445014238357544,0.21309976279735565,0.09831086546182632,,,
21,,0.0004425048828125,1.70416259765625,1229,1.0606565475463867,0.21119298040866852,0.1370815485715866,,,
21,,0.0004425048828125,1.6969451904296875,1239,0.8665071129798889,0.1996873915195465,0.10393229126930237,,,
21,,0.0004425048828125,1.697601318359375,1249,0.6385769248008728,0.21091367304325104,0.0913395807147026,,,
21,,,,1253,,,,0.22468988597393036,0.20143941044807434,0.07385960966348648
,0.0005,,,1254,,,,,,
22,,0.0004425048828125,1.4827423095703125,1259,0.6808353662490845,0.20812098681926727,0.10390007495880127,,,
22,,0.0004425048828125,1.85882568359375,1269,0.9244430065155029,0.21037434041500092,0.11821499466896057,,,
22,,0.0004425048828125,1.8363037109375,1279,0.17158189415931702,0.20127522945404053,0.07094146311283112,,,
22,,0.0004425048828125,1.8103485107421875,1289,0.6494871973991394,0.1936703771352768,0.08812293410301208,,,
22,,0.0004425048828125,1.9158477783203125,1299,0.9905184507369995,0.19961650669574738,0.11700837314128876,,,
22,,0.0004425048828125,1.9221343994140625,1309,0.35393232107162476,0.18494141101837158,0.06371676921844482,,,
22,,,,1310,,,,0.27983003854751587,0.19313962757587433,0.07059302181005478
,0.0005,,,1311,,,,,,
23,,0.0004425048828125,1.5539093017578125,1319,0.10193584114313126,0.1957482248544693,0.0661197230219841,,,
23,,0.0004425048828125,1.60107421875,1329,0.42319101095199585,0.197288379073143,0.0739966407418251,,,
23,,0.0004425048828125,1.601104736328125,1339,0.36516663432121277,0.18269675970077515,0.06159929186105728,,,
23,,0.0004425048828125,1.9144439697265625,1349,0.6394157409667969,0.18304602801799774,0.08031216263771057,,,
23,,0.0004425048828125,1.9315338134765625,1359,0.1489419937133789,0.1934436857700348,0.06540802121162415,,,
23,,,,1367,,,,0.2784932255744934,0.1858932226896286,0.06540464609861374
,0.0005,,,1368,,,,,,
24,,0.0004425048828125,1.43707275390625,1369,1.172338843345642,0.1910656839609146,0.13096627593040466,,,
24,,0.0004425048828125,1.8065948486328125,1379,0.11586619168519974,0.19467590749263763,0.06232045590877533,,,
24,,0.0004425048828125,1.9658050537109375,1389,0.69817715883255,0.1989406943321228,0.092323437333107,,,
24,,0.0004425048828125,1.96826171875,1399,0.7906748652458191,0.1812276542186737,0.0906929224729538,,,
24,,0.0004425048828125,1.968353271484375,1409,0.36038556694984436,0.18899628520011902,0.06505502760410309,,,
24,,0.0004425048828125,1.9683837890625,1419,0.26380693912506104,0.18661469221115112,0.06538872420787811,,,
24,,,,1424,,,,0.4790565073490143,0.18154944479465485,0.07025978714227676
,0.0005,,,1425,,,,,,
25,,0.0004425048828125,1.56890869140625,1429,0.45406416058540344,0.17743989825248718,0.06446650624275208,,,
25,,0.0004425048828125,1.56903076171875,1439,0.8321889638900757,0.18202917277812958,0.09113330394029617,,,
25,,0.0004425048828125,1.85906982421875,1449,1.024422526359558,0.1875106543302536,0.11714985966682434,,,
25,,0.0004425048828125,1.8363037109375,1459,0.7730904817581177,0.1839912235736847,0.09135670214891434,,,
25,,0.0004425048828125,1.912628173828125,1469,0.6473699808120728,0.17480045557022095,0.07785947620868683,,,
25,,0.0004425048828125,1.912750244140625,1479,0.8116056323051453,0.1841375082731247,0.08955316245555878,,,
25,,,,1481,,,,0.7516176104545593,0.17758789658546448,0.0843341276049614
,0.0005,,,1482,,,,,,
26,,0.0004425048828125,1.64605712890625,1489,1.0434463024139404,0.169940784573555,0.1050366759300232,,,
26,,0.0004425048828125,1.9029541015625,1499,0.15904468297958374,0.17833445966243744,0.0534895583987236,,,
26,,0.0004425048828125,1.19482421875,1509,0.5315264463424683,0.16255033016204834,0.0640188604593277,,,
26,,0.0004425048828125,1.1736907958984375,1519,0.646404504776001,0.1761268675327301,0.07630012929439545,,,
26,,0.0004425048828125,1.810699462890625,1529,0.7335168123245239,0.17918936908245087,0.08027264475822449,,,
26,,,,1538,,,,1.2312601804733276,0.1709304302930832,0.12748320400714874
,0.0005,,,1539,,,,,,
27,,0.0004425048828125,1.632232666015625,1539,1.2089401483535767,0.17486828565597534,0.127162367105484,,,
27,,0.0004425048828125,1.638427734375,1549,0.5046888589859009,0.15973405539989471,0.060196325182914734,,,
27,,0.0004425048828125,1.6400299072265625,1559,0.30228328704833984,0.17321930825710297,0.054257895797491074,,,
27,,0.0004425048828125,1.2135009765625,1569,0.18207773566246033,0.1734471470117569,0.053595565259456635,,,
27,,0.0004425048828125,1.777679443359375,1579,1.1624221801757812,0.16975833475589752,0.11520552635192871,,,
27,,0.0004425048828125,1.1897430419921875,1589,0.5366715788841248,0.17769524455070496,0.0686083510518074,,,
27,,,,1595,,,,0.15329553186893463,0.16762101650238037,0.050327450037002563
,0.0005,,,1596,,,,,,
28,,0.0004425048828125,1.23272705078125,1599,0.09087643027305603,0.1651131510734558,0.047261085361242294,,,
28,,0.0004425048828125,1.2359161376953125,1609,0.5606132745742798,0.16995178163051605,0.06517349183559418,,,
28,,0.0004425048828125,1.2388153076171875,1619,0.5131455063819885,0.17144834995269775,0.06400547921657562,,,
28,,0.0004425048828125,1.2388153076171875,1629,0.1978265643119812,0.17423373460769653,0.05275659263134003,,,
28,,0.0004425048828125,1.6328887939453125,1639,0.26792705059051514,0.1649463027715683,0.05339167267084122,,,
28,,0.0004425048828125,1.633209228515625,1649,0.39428865909576416,0.16598761081695557,0.05426958203315735,,,
28,,,,1652,,,,0.7916896343231201,0.16053740680217743,0.07714039087295532
,0.0005,,,1653,,,,,,
29,,0.0004425048828125,1.642181396484375,1659,0.9607434272766113,0.15836818516254425,0.08926597982645035,,,
29,,0.0004425048828125,1.6435546875,1669,0.7937111854553223,0.16906441748142242,0.08413021266460419,,,
29,,0.0004425048828125,1.6427154541015625,1679,0.18711213767528534,0.16294124722480774,0.04705416411161423,,,
29,,0.0004425048828125,1.6206512451171875,1689,1.4919886589050293,0.15746596455574036,0.15364325046539307,,,
29,,0.0004425048828125,1.6097259521484375,1699,0.36348703503608704,0.16477051377296448,0.05740807205438614,,,
29,,0.0004425048828125,1.6097259521484375,1709,0.6703497767448425,0.1819802075624466,0.07779892534017563,,,
29,,,,1709,,,,1.270569920539856,0.15912845730781555,0.12602201104164124
,0.0005,,,1710,,,,,,
30,,0.0004425048828125,1.06640625,1719,0.19090647995471954,0.16624115407466888,0.04951688274741173,,,
30,,0.0004425048828125,1.521575927734375,1729,0.5168548226356506,0.15649916231632233,0.05535915121436119,,,
30,,0.0004425048828125,1.52215576171875,1739,0.4097176194190979,0.15821094810962677,0.05437008664011955,,,
30,,0.0004425048828125,1.5222625732421875,1749,0.7667571902275085,0.1645984947681427,0.07417013496160507,,,
30,,0.0004425048828125,1.52301025390625,1759,0.9595156908035278,0.16561535000801086,0.09271260350942612,,,
30,,,,1766,,,,0.8383878469467163,0.1561053991317749,0.07861354202032089
,0.0005,,,1767,,,,,,
31,,0.0004425048828125,1.6390838623046875,1769,0.7012295126914978,0.1546672135591507,0.06519681215286255,,,
31,,0.0004425048828125,1.640716552734375,1779,0.6752511262893677,0.15390866994857788,0.06305080652236938,,,
31,,0.0004425048828125,1.6440887451171875,1789,1.3405606746673584,0.1487368792295456,0.12822511792182922,,,
31,,0.0004425048828125,1.6450347900390625,1799,0.7990858554840088,0.1634233295917511,0.0788438618183136,,,
31,,0.0004425048828125,1.64007568359375,1809,0.7627810835838318,0.15418684482574463,0.07138500362634659,,,
31,,0.0004425048828125,1.6405181884765625,1819,0.8815871477127075,0.15639057755470276,0.08303210139274597,,,
31,,,,1823,,,,0.13263759016990662,0.1533525139093399,0.04174598306417465
,0.0005,,,1824,,,,,,
32,,0.0004425048828125,1.6295013427734375,1829,0.6085802316665649,0.14977435767650604,0.05672430247068405,,,
32,,0.0004425048828125,1.5776824951171875,1839,0.6468002796173096,0.14925716817378998,0.06022870913147926,,,
32,,0.0004425048828125,1.6095733642578125,1849,0.3311721682548523,0.1567084640264511,0.049375783652067184,,,
32,,0.0004425048828125,1.608154296875,1859,0.5025973320007324,0.1448790431022644,0.04883545637130737,,,
32,,0.0004425048828125,1.54168701171875,1869,0.23780177533626556,0.15634487569332123,0.047965049743652344,,,
32,,0.0004425048828125,1.5065155029296875,1879,0.3004189133644104,0.14263173937797546,0.04050816595554352,,,
32,,,,1880,,,,0.3795252740383148,0.14773021638393402,0.046036019921302795
,0.0005,,,1881,,,,,,
33,,0.0004425048828125,1.605926513671875,1889,0.2027001827955246,0.14411690831184387,0.03843801096081734,,,
33,,0.0004425048828125,1.6064605712890625,1899,0.323067307472229,0.14324510097503662,0.03910351172089577,,,
33,,0.0004425048828125,1.5972900390625,1909,0.2804281711578369,0.1432204246520996,0.03951466083526611,,,
33,,0.0004425048828125,1.60723876953125,1919,1.5501978397369385,0.14353007078170776,0.1550985723733902,,,
33,,0.0004425048828125,1.6071929931640625,1929,0.7041661739349365,0.15986737608909607,0.06967577338218689,,,
33,,,,1937,,,,0.31648656725883484,0.14639195799827576,0.043319400399923325
,0.0005,,,1938,,,,,,
34,,0.0004425048828125,1.604705810546875,1939,0.40731126070022583,0.1475413739681244,0.04568662866950035,,,
34,,0.0004425048828125,1.4853363037109375,1949,0.2551950216293335,0.1494910567998886,0.04431932047009468,,,
34,,0.0004425048828125,1.4855804443359375,1959,0.8534899353981018,0.14625607430934906,0.07230992615222931,,,
34,,0.0004425048828125,1.4855804443359375,1969,0.4040508270263672,0.14563046395778656,0.047711700201034546,,,
34,,0.0004425048828125,1.920196533203125,1979,0.6082345843315125,0.1430177092552185,0.05577200651168823,,,
34,,0.0004425048828125,1.928192138671875,1989,0.4623834490776062,0.14777539670467377,0.050264421850442886,,,
34,,,,1994,,,,0.6283635497093201,0.14354979991912842,0.05625837296247482
,0.0005,,,1995,,,,,,
35,,0.0004425048828125,1.5308074951171875,1999,0.696875810623169,0.13660429418087006,0.05683848261833191,,,
35,,0.0004425048828125,1.531036376953125,2009,0.5285882949829102,0.13434244692325592,0.046570442616939545,,,
35,,0.0004425048828125,1.6271820068359375,2019,0.7857471704483032,0.13958372175693512,0.06548191606998444,,,
35,,0.0004425048828125,1.6273193359375,2029,1.945476770401001,0.14843852818012238,0.2300298810005188,,,
35,,0.0004425048828125,1.627349853515625,2039,2.146779775619507,0.1504961997270584,0.26706385612487793,,,
35,,0.0004425048828125,1.6273651123046875,2049,1.1338552236557007,0.15050524473190308,0.10280577838420868,,,
35,,,,2051,,,,0.7653206586837769,0.15782520174980164,0.07210909575223923
,0.0005,,,2052,,,,,,
36,,0.0004425048828125,1.3205413818359375,2059,1.6479378938674927,0.14846278727054596,0.17716871201992035,,,
36,,0.0004425048828125,1.320556640625,2069,0.2870211899280548,0.14979642629623413,0.0442054346203804,,,
36,,0.0004425048828125,1.3100738525390625,2079,0.6433864831924438,0.13793322443962097,0.05666809901595116,,,
36,,0.0004425048828125,1.3100738525390625,2089,1.2952213287353516,0.1430819183588028,0.12144870311021805,,,
36,,0.0004425048828125,1.5883026123046875,2099,0.3967742323875427,0.14364255964756012,0.04737219214439392,,,
36,,,,2108,,,,0.2721613943576813,0.1436050981283188,0.040142301470041275
,0.0005,,,2109,,,,,,
37,,0.0004425048828125,1.37762451171875,2109,0.3099610209465027,0.14374954998493195,0.04292888566851616,,,
37,,0.0004425048828125,1.3571319580078125,2119,0.21122217178344727,0.14244194328784943,0.03797512501478195,,,
37,,0.0004425048828125,1.93280029296875,2129,1.2584352493286133,0.1372700184583664,0.11057982593774796,,,
37,,0.0004425048828125,1.934600830078125,2139,0.29793697595596313,0.14013372361660004,0.03801502287387848,,,
37,,0.0004425048828125,1.934783935546875,2149,0.615966796875,0.1390729695558548,0.05301985144615173,,,
37,,0.0004425048828125,1.9348297119140625,2159,0.300948828458786,0.14684578776359558,0.041284121572971344,,,
37,,,,2165,,,,0.14512783288955688,0.13824063539505005,0.03423938900232315
,0.0005,,,2166,,,,,,
38,,0.0004425048828125,1.58905029296875,2169,0.7301743626594543,0.1370764523744583,0.05880507826805115,,,
38,,0.0004425048828125,1.92559814453125,2179,0.2605035603046417,0.14114341139793396,0.03775131702423096,,,
38,,0.0004425048828125,1.9256134033203125,2189,0.8162781000137329,0.1402323842048645,0.06673773378133774,,,
38,,0.0004425048828125,1.925750732421875,2199,1.233208179473877,0.13379903137683868,0.10671792924404144,,,
38,,0.0004425048828125,1.6881866455078125,2209,0.6578152179718018,0.1394970715045929,0.05604739487171173,,,
38,,0.0004425048828125,1.6982269287109375,2219,0.8605208396911621,0.13079895079135895,0.0681777149438858,,,
38,,,,2222,,,,0.2650347650051117,0.13894832134246826,0.03753991425037384
,0.0005,,,2223,,,,,,
39,,0.0004425048828125,1.5972442626953125,2229,0.31431710720062256,0.14070521295070648,0.04094358906149864,,,
39,,0.0004425048828125,1.8742523193359375,2239,0.6960653066635132,0.14055490493774414,0.05771230161190033,,,
39,,0.0004425048828125,1.8744354248046875,2249,0.6060948371887207,0.130469411611557,0.047579076141119,,,
39,,0.0004425048828125,1.8745574951171875,2259,1.2398637533187866,0.13843299448490143,0.11120288074016571,,,
39,,0.0004425048828125,1.874786376953125,2269,1.3024309873580933,0.14424355328083038,0.12127237021923065,,,
39,,0.0004425048828125,1.6671295166015625,2279,1.569565773010254,0.13875627517700195,0.15313854813575745,,,
39,,,,2279,,,,1.0149102210998535,0.1370226889848709,0.0846412256360054
,0.0005,,,2280,,,,,,
40,,0.0004425048828125,1.6353759765625,2289,1.4061880111694336,0.13557769358158112,0.13033753633499146,,,
40,,0.0004425048828125,1.63885498046875,2299,0.5252194404602051,0.13825228810310364,0.04660911485552788,,,
40,,0.0004425048828125,1.1192626953125,2309,2.0635299682617188,0.13910843431949615,0.2460511177778244,,,
40,,0.0004425048828125,1.80889892578125,2319,0.5492441058158875,0.13482768833637238,0.044963154941797256,,,
40,,0.0004425048828125,1.8089599609375,2329,0.1413222998380661,0.133287712931633,0.03048786334693432,,,
40,,,,2336,,,,0.7419953346252441,0.13396568596363068,0.059165868908166885
,0.0005,,,2337,,,,,,
41,,0.0004425048828125,1.44268798828125,2339,0.14581429958343506,0.13668105006217957,0.031935278326272964,,,
41,,0.0004425048828125,1.9260406494140625,2349,1.1323769092559814,0.13181540369987488,0.09688106179237366,,,
41,,0.0004425048828125,1.92633056640625,2359,0.6871099472045898,0.13391567766666412,0.053582243621349335,,,
41,,0.0004425048828125,1.9168701171875,2369,0.510199785232544,0.13229462504386902,0.043393127620220184,,,
41,,0.0004425048828125,1.8992156982421875,2379,0.44317901134490967,0.1324414610862732,0.04133106768131256,,,
41,,0.0004425048828125,1.89898681640625,2389,0.7971905469894409,0.12902571260929108,0.061401449143886566,,,
41,,,,2393,,,,0.3800865411758423,0.1297452598810196,0.03701450303196907
,0.0005,,,2394,,,,,,
42,,0.0004425048828125,1.5362091064453125,2399,0.38545599579811096,0.13225390017032623,0.03723636642098427,,,
42,,0.0004425048828125,1.5413818359375,2409,0.747990608215332,0.13484761118888855,0.05933534353971481,,,
42,,0.0004425048828125,1.541656494140625,2419,0.07319343090057373,0.13552366197109222,0.031613051891326904,,,
42,,0.0004425048828125,1.541748046875,2429,0.5766153335571289,0.13073550164699554,0.04524329677224159,,,
42,,0.0004425048828125,1.2038116455078125,2439,0.7306624054908752,0.1325663924217224,0.05802363157272339,,,
42,,0.0004425048828125,1.4069061279296875,2449,1.9789119958877563,0.13125494122505188,0.22601138055324554,,,
42,,,,2450,,,,0.3679092526435852,0.1358022838830948,0.03872445225715637
,0.0005,,,2451,,,,,,
43,,0.0004425048828125,1.3423309326171875,2459,0.4255600571632385,0.13308580219745636,0.039576079696416855,,,
43,,0.0004425048828125,1.1866607666015625,2469,0.12006416916847229,0.13089293241500854,0.029318086802959442,,,
43,,0.0004425048828125,1.643402099609375,2479,0.454164981842041,0.13022619485855103,0.03864946961402893,,,
43,,0.0004425048828125,1.644195556640625,2489,0.2984783947467804,0.14075709879398346,0.03811268135905266,,,
43,,0.0004425048828125,1.64459228515625,2499,1.3932504653930664,0.13268600404262543,0.12730619311332703,,,
43,,,,2507,,,,0.4424103796482086,0.12867870926856995,0.03909905254840851
,0.0005,,,2508,,,,,,
44,,0.0004425048828125,1.587554931640625,2509,0.8854132890701294,0.13173618912696838,0.06938409805297852,,,
44,,0.0004425048828125,1.587554931640625,2519,0.1858784705400467,0.12840574979782104,0.03040883131325245,,,
44,,0.0004425048828125,1.5876007080078125,2529,0.5553769469261169,0.12114281952381134,0.040640898048877716,,,
44,,0.0004425048828125,1.106536865234375,2539,0.37705862522125244,0.12610429525375366,0.036030687391757965,,,
44,,0.0004425048828125,1.112457275390625,2549,0.5204733610153198,0.12646649777889252,0.043214209377765656,,,
44,,0.0004425048828125,1.1881866455078125,2559,0.3260366916656494,0.1255003660917282,0.03367701172828674,,,
44,,,,2564,,,,0.6118032932281494,0.12496893852949142,0.046444371342659
,0.0005,,,2565,,,,,,
45,,0.0004425048828125,1.3158111572265625,2569,1.2157578468322754,0.1261109709739685,0.10165632516145706,,,
45,,0.0004425048828125,1.57269287109375,2579,1.3622913360595703,0.13084471225738525,0.12373115122318268,,,
45,,0.0004425048828125,1.5749664306640625,2589,1.870945692062378,0.1340579241514206,0.2058243304491043,,,
45,,0.0004425048828125,1.921966552734375,2599,1.0658738613128662,0.12529738247394562,0.08654650300741196,,,
45,,0.0004425048828125,1.9225006103515625,2609,0.29113316535949707,0.13132219016551971,0.0340438149869442,,,
45,,0.0004425048828125,1.294036865234375,2619,1.2191442251205444,0.1275344341993332,0.10119131207466125,,,
45,,,,2621,,,,1.0177319049835205,0.1298583596944809,0.08172875642776489
,0.0005,,,2622,,,,,,
46,,0.0004425048828125,1.3266448974609375,2629,0.8464617133140564,0.13732211291790009,0.06934946775436401,,,
46,,0.0004425048828125,1.1304473876953125,2639,1.273627758026123,0.1305883377790451,0.110870860517025,,,
46,,0.0004425048828125,1.4108123779296875,2649,1.0127668380737305,0.13259337842464447,0.0803164541721344,,,
46,,0.0004425048828125,1.84771728515625,2659,1.0936014652252197,0.13058099150657654,0.08920509368181229,,,
46,,0.0004425048828125,1.29083251953125,2669,0.19925467669963837,0.12658745050430298,0.02988048456609249,,,
46,,,,2678,,,,0.19351133704185486,0.12414544075727463,0.0291057750582695
,0.0005,,,2679,,,,,,
47,,0.0004425048828125,1.5133514404296875,2679,0.1170491948723793,0.12474299967288971,0.02741859294474125,,,
47,,0.0004425048828125,1.516326904296875,2689,0.7966403365135193,0.1222660019993782,0.05858676880598068,,,
47,,0.0004425048828125,1.516357421875,2699,0.2455838918685913,0.13180005550384521,0.03218835964798927,,,
47,,0.0004425048828125,1.5168304443359375,2709,0.5525456666946411,0.13148635625839233,0.044686976820230484,,,
47,,0.0004425048828125,1.8322906494140625,2719,1.2371503114700317,0.12724719941616058,0.10406970977783203,,,
47,,0.0004425048828125,1.83233642578125,2729,0.6501417756080627,0.1281452178955078,0.04956065118312836,,,
47,,,,2735,,,,0.3093019425868988,0.12249885499477386,0.031279806047677994
,0.0005,,,2736,,,,,,
48,,0.0004425048828125,1.58660888671875,2739,0.7525352239608765,0.12293630093336105,0.05439773574471474,,,
48,,0.0004425048828125,1.61175537109375,2749,1.1702648401260376,0.12321729212999344,0.0960618108510971,,,
48,,0.0004425048828125,1.6121978759765625,2759,0.8807545900344849,0.12688159942626953,0.06591908633708954,,,
48,,0.0004425048828125,1.92498779296875,2769,0.2159731388092041,0.12291890382766724,0.029420876875519753,,,
48,,0.0004425048828125,1.9266357421875,2779,0.5208902955055237,0.11989370733499527,0.03911416232585907,,,
48,,0.0004425048828125,1.927764892578125,2789,0.1694139838218689,0.11873454600572586,0.025393234565854073,,,
48,,,,2792,,,,1.2826206684112549,0.12006433308124542,0.10758785903453827
,0.0005,,,2793,,,,,,
49,,0.0004425048828125,1.5029144287109375,2799,1.906286597251892,0.12048104405403137,0.20585903525352478,,,
49,,0.0004425048828125,1.5038909912109375,2809,1.526305079460144,0.13032816350460052,0.1471259891986847,,,
49,,0.0004425048828125,1.3524017333984375,2819,0.7668918371200562,0.12751881778240204,0.057077325880527496,,,
49,,0.0004425048828125,1.4290008544921875,2829,1.0327842235565186,0.13496123254299164,0.08394387364387512,,,
49,,0.0004425048828125,1.8519439697265625,2839,0.4189201295375824,0.12429886311292648,0.03451720252633095,,,
49,,0.0004425048828125,1.90863037109375,2849,1.2707691192626953,0.11458708345890045,0.10276155173778534,,,
49,,,,2849,,,,1.2116202116012573,0.12467576563358307,0.10081983357667923
,0.0005,,,2850,,,,,,
50,,0.0004425048828125,1.5896453857421875,2859,0.2493448555469513,0.12881922721862793,0.031498685479164124,,,
50,,0.0004425048828125,1.5907745361328125,2869,0.25963348150253296,0.12332610040903091,0.02891531027853489,,,
50,,0.0004425048828125,1.5911712646484375,2879,1.1593379974365234,0.12819358706474304,0.09504023939371109,,,
50,,0.0004425048828125,1.5026397705078125,2889,0.9399031400680542,0.1257210224866867,0.07277041673660278,,,
50,,0.0004425048828125,1.940093994140625,2899,1.2623769044876099,0.11883538216352463,0.1040370985865593,,,
50,,,,2906,,,,0.3265688419342041,0.12084360420703888,0.03117510862648487
,0.0005,,,2907,,,,,,
51,,0.0004425048828125,1.48541259765625,2909,1.136529564857483,0.12770122289657593,0.09361233562231064,,,
51,,0.0004425048828125,1.4856719970703125,2919,0.0927577018737793,0.12281543761491776,0.025796066969633102,,,
51,,0.0004425048828125,1.4856719970703125,2929,0.21504954993724823,0.11757315695285797,0.02651887759566307,,,
51,,0.0004425048828125,1.6791839599609375,2939,0.7512498497962952,0.11827322840690613,0.053760603070259094,,,
51,,0.0004425048828125,1.6793975830078125,2949,0.33781588077545166,0.11771876364946365,0.028780780732631683,,,
51,,0.0004425048828125,1.679412841796875,2959,0.21347567439079285,0.11485269665718079,0.025541484355926514,,,
51,,,,2963,,,,1.0391113758087158,0.1177208200097084,0.07865181565284729
,0.0005,,,2964,,,,,,
52,,0.0004425048828125,1.445556640625,2969,1.6960806846618652,0.11328795552253723,0.16863009333610535,,,
52,,0.0004425048828125,1.445556640625,2979,0.5064000487327576,0.10862252116203308,0.032585758715867996,,,
52,,0.0004425048828125,1.4033355712890625,2989,1.1042367219924927,0.1312105804681778,0.09170514345169067,,,
52,,0.0004425048828125,1.4033355712890625,2999,0.676595151424408,0.12661083042621613,0.050486642867326736,,,
52,,0.0004425048828125,1.5771331787109375,3009,0.2575915455818176,0.12068547308444977,0.03110663779079914,,,
52,,0.0004425048828125,2.0701751708984375,3019,1.3455066680908203,0.1322280317544937,0.12066307663917542,,,
52,,,,3020,,,,1.7280974388122559,0.12508784234523773,0.17718137800693512
,0.0005,,,3021,,,,,,
53,,0.0004425048828125,1.5647735595703125,3029,0.326649010181427,0.11410992592573166,0.0271151140332222,,,
53,,0.0004425048828125,1.8522491455078125,3039,0.26181918382644653,0.1178269237279892,0.02704019844532013,,,
53,,0.0004425048828125,1.852752685546875,3049,0.09097957611083984,0.1227414458990097,0.02568717859685421,,,
53,,0.0004425048828125,1.853363037109375,3059,1.6341915130615234,0.11489944159984589,0.15628822147846222,,,
53,,0.0004425048828125,1.9203948974609375,3069,1.1113851070404053,0.12181200832128525,0.08747263252735138,,,
53,,,,3077,,,,0.4323057532310486,0.11955665796995163,0.03482485190033913
,0.0005,,,3078,,,,,,
54,,0.0004425048828125,1.41204833984375,3079,0.2785239815711975,0.12142683565616608,0.028693120926618576,,,
54,,0.0004425048828125,1.8550567626953125,3089,0.07781063765287399,0.11471205204725266,0.023554833605885506,,,
54,,0.0004425048828125,1.3788909912109375,3099,0.24381393194198608,0.11801713705062866,0.028000177815556526,,,
54,,0.0004425048828125,1.9329833984375,3109,0.46645912528038025,0.11664590984582901,0.03419187664985657,,,
54,,0.0004425048828125,1.644866943359375,3119,1.1905241012573242,0.11966203898191452,0.09567142277956009,,,
54,,0.0004425048828125,1.891754150390625,3129,0.17270617187023163,0.119944728910923,0.026941513642668724,,,
54,,,,3134,,,,0.6302793622016907,0.1171882227063179,0.04412832856178284
,0.0005,,,3135,,,,,,
55,,0.0004425048828125,1.68243408203125,3139,0.73012775182724,0.11887207627296448,0.05112965777516365,,,
55,,0.0004425048828125,1.523345947265625,3149,0.2492421418428421,0.1142519861459732,0.02681438811123371,,,
55,,0.0004425048828125,1.5240936279296875,3159,0.6874048709869385,0.11962112039327621,0.04819633066654205,,,
55,,0.0004425048828125,1.607757568359375,3169,0.18600305914878845,0.11682339757680893,0.02570357546210289,,,
55,,0.0004425048828125,1.6078338623046875,3179,0.12910200655460358,0.11637600511312485,0.023373262956738472,,,
55,,0.0004425048828125,1.6078948974609375,3189,0.2496412992477417,0.11195244640111923,0.024744221940636635,,,
55,,,,3191,,,,0.7778494358062744,0.11331522464752197,0.05307609587907791
,0.0005,,,3192,,,,,,
56,,0.0004425048828125,1.5926055908203125,3199,0.9466004371643066,0.12193354219198227,0.07044220715761185,,,
56,,0.0004425048828125,1.59271240234375,3209,0.8466002941131592,0.12012038379907608,0.06127789989113808,,,
56,,0.0004425048828125,1.59295654296875,3219,1.5331509113311768,0.12811778485774994,0.14590422809123993,,,
56,,0.0004425048828125,1.896148681640625,3229,0.26024550199508667,0.11895585805177689,0.02741847187280655,,,
56,,0.0004425048828125,1.9193878173828125,3239,1.072539210319519,0.11773353070020676,0.080983005464077,,,
56,,,,3248,,,,0.16341881453990936,0.11562250554561615,0.024104056879878044
,0.0005,,,3249,,,,,,
57,,0.0004425048828125,1.465728759765625,3249,0.1453823745250702,0.10883468389511108,0.020503930747509003,,,
57,,0.0004425048828125,1.466400146484375,3259,0.7543609142303467,0.11424870789051056,0.050239354372024536,,,
57,,0.0004425048828125,1.73345947265625,3269,0.33013731241226196,0.11372628062963486,0.02683543972671032,,,
57,,0.0004425048828125,1.733917236328125,3279,0.13998030126094818,0.11240724474191666,0.02341512218117714,,,
57,,0.0004425048828125,1.7342681884765625,3289,0.15038400888442993,0.11197668313980103,0.022191356867551804,,,
57,,0.0004425048828125,1.7342681884765625,3299,0.2789311707019806,0.10711771249771118,0.02335069328546524,,,
57,,,,3305,,,,1.5862046480178833,0.1125493049621582,0.1479463130235672
,0.0005,,,3306,,,,,,
58,,0.0004425048828125,1.56549072265625,3309,0.6637094020843506,0.11775335669517517,0.045439526438713074,,,
58,,0.0004425048828125,1.242218017578125,3319,0.16173355281352997,0.11731180548667908,0.024898149073123932,,,
58,,0.0004425048828125,1.242218017578125,3329,1.0173299312591553,0.11527787894010544,0.07452989369630814,,,
58,,0.0004425048828125,1.3310394287109375,3339,1.4717906713485718,0.11529682576656342,0.1314592957496643,,,
58,,0.0004425048828125,1.3310699462890625,3349,0.6374251842498779,0.12193956226110458,0.04575185477733612,,,
58,,0.0004425048828125,1.331085205078125,3359,1.1108163595199585,0.12426360696554184,0.0873323380947113,,,
58,,,,3362,,,,0.7711920142173767,0.12158381938934326,0.056165605783462524
,0.0005,,,3363,,,,,,
59,,0.0004425048828125,1.373138427734375,3369,0.12686094641685486,0.12616826593875885,0.028433499857783318,,,
59,,0.0004425048828125,1.37579345703125,3379,0.1441073715686798,0.12324763834476471,0.02719113975763321,,,
59,,0.0004425048828125,1.6920623779296875,3389,0.18417438864707947,0.11409154534339905,0.023702390491962433,,,
59,,0.0004425048828125,1.69219970703125,3399,0.15932022035121918,0.1138581931591034,0.024087393656373024,,,
59,,0.0004425048828125,1.6924285888671875,3409,1.3190276622772217,0.10689091682434082,0.106657013297081,,,
59,,0.0004425048828125,1.85858154296875,3419,0.054670050740242004,0.12029432505369186,0.02332138828933239,,,
59,,,,3419,,,,0.4747246205806732,0.10991089046001434,0.03284136950969696
,0.0005,,,3420,,,,,,
60,,0.0004425048828125,1.6151885986328125,3429,0.29509323835372925,0.10911879688501358,0.024643367156386375,,,
60,,0.0004425048828125,1.4849395751953125,3439,0.19004331529140472,0.10483730584383011,0.020649701356887817,,,
60,,0.0004425048828125,1.529205322265625,3449,0.46807950735092163,0.11444181203842163,0.03510594367980957,,,
60,,0.0004425048828125,1.52935791015625,3459,1.1513557434082031,0.11428786814212799,0.08887839317321777,,,
60,,0.0004425048828125,1.529388427734375,3469,0.2375437319278717,0.11314285546541214,0.025129098445177078,,,
60,,,,3476,,,,0.12055955082178116,0.1106029599905014,0.02186269499361515
,0.0005,,,3477,,,,,,
61,,0.0004425048828125,1.46514892578125,3479,1.374252200126648,0.11575841903686523,0.11698152124881744,,,
61,,0.0004425048828125,1.46514892578125,3489,0.45330068469047546,0.10886207222938538,0.030678752809762955,,,
61,,0.0004425048828125,1.6867828369140625,3499,0.38616427779197693,0.10727380216121674,0.028973232954740524,,,
61,,0.0004425048828125,1.8798675537109375,3509,0.11368133872747421,0.1114826574921608,0.021495498716831207,,,
61,,0.0004425048828125,1.8955230712890625,3519,0.07248505204916,0.10396842658519745,0.018430806696414948,,,
61,,0.0004425048828125,1.897430419921875,3529,0.6770329475402832,0.11058621853590012,0.044468626379966736,,,
61,,,,3533,,,,1.5683434009552002,0.10973319411277771,0.14431990683078766
,0.0005,,,3534,,,,,,
62,,0.0004425048828125,1.39019775390625,3539,0.6095069646835327,0.1179995909333229,0.04282110929489136,,,
62,,0.0004425048828125,1.39129638671875,3549,0.9904109239578247,0.10983239859342575,0.07027227431535721,,,
62,,0.0004425048828125,1.5112457275390625,3559,0.24200086295604706,0.11397137492895126,0.02607390098273754,,,
62,,0.0004425048828125,1.511260986328125,3569,0.19827546179294586,0.11241748929023743,0.023047011345624924,,,
62,,0.0004425048828125,1.92364501953125,3579,0.21301592886447906,0.10600489377975464,0.023029470816254616,,,
62,,0.0004425048828125,1.924560546875,3589,0.2065209150314331,0.10096226632595062,0.019442230463027954,,,
62,,,,3590,,,,0.4255477786064148,0.10813803225755692,0.02995961904525757
,0.0005,,,3591,,,,,,
63,,0.0004425048828125,1.43524169921875,3599,0.23515065014362335,0.10883078724145889,0.022771911695599556,,,
63,,0.0004425048828125,1.9277191162109375,3609,0.0879896879196167,0.10135507583618164,0.018297476693987846,,,
63,,0.0004425048828125,1.9277801513671875,3619,1.4376274347305298,0.1063748449087143,0.12293882668018341,,,
63,,0.0004425048828125,1.5908660888671875,3629,0.0781693309545517,0.11366600543260574,0.021749548614025116,,,
63,,0.0004425048828125,1.5982666015625,3639,0.27785488963127136,0.1034267395734787,0.02167723886668682,,,
63,,,,3647,,,,1.4301484823226929,0.1061892956495285,0.12222302705049515
,0.0005,,,3648,,,,,,
64,,0.0004425048828125,1.296234130859375,3649,0.6134563684463501,0.1099572703242302,0.03907378762960434,,,
64,,0.0004425048828125,1.3289031982421875,3659,1.0276316404342651,0.11382907629013062,0.07483680546283722,,,
64,,0.0004425048828125,1.3289031982421875,3669,0.8297014832496643,0.10597483068704605,0.053405098617076874,,,
64,,0.0004425048828125,1.3289031982421875,3679,0.7792955636978149,0.11073607206344604,0.050921425223350525,,,
64,,0.0004425048828125,1.351409912109375,3689,0.6642454266548157,0.10529572516679764,0.041788436472415924,,,
64,,0.0004425048828125,1.5882110595703125,3699,0.2106286585330963,0.11036553233861923,0.023735353723168373,,,
64,,,,3704,,,,0.3141380548477173,0.10666844248771667,0.024801069870591164
,0.0005,,,3705,,,,,,
65,,0.0004425048828125,1.666656494140625,3709,0.1702105551958084,0.10682440549135208,0.02159949392080307,,,
65,,0.0004425048828125,1.6541900634765625,3719,0.6376522779464722,0.10795426368713379,0.04020725563168526,,,
65,,0.0004425048828125,1.6553802490234375,3729,1.3224141597747803,0.1024094745516777,0.10651597380638123,,,
65,,0.0004425048828125,1.8618011474609375,3739,1.258880615234375,0.10937748849391937,0.10043109208345413,,,
65,,0.0004425048828125,1.390869140625,3749,0.1426282674074173,0.11234474182128906,0.022308267652988434,,,
65,,0.0004425048828125,1.901641845703125,3759,0.3646298944950104,0.10834962129592896,0.027587413787841797,,,
65,,,,3761,,,,0.4288533329963684,0.10927475243806839,0.029901180416345596
,0.0005,,,3762,,,,,,
66,,0.0004425048828125,1.5348968505859375,3769,0.5372112989425659,0.11059515923261642,0.035184070467948914,,,
66,,0.0004425048828125,1.898712158203125,3779,0.4257979094982147,0.10844887793064117,0.028608880937099457,,,
66,,0.0004425048828125,1.911407470703125,3789,0.5190366506576538,0.1063331663608551,0.03230123966932297,,,
66,,0.0004425048828125,1.923126220703125,3799,0.6661363840103149,0.1014106422662735,0.04040054976940155,,,
66,,0.0004425048828125,1.92535400390625,3809,0.9927190542221069,0.10525364428758621,0.06943190097808838,,,
66,,,,3818,,,,0.19660215079784393,0.10805189609527588,0.02244260534644127
,0.0005,,,3819,,,,,,
67,,0.0004425048828125,1.6441497802734375,3819,0.2439337819814682,0.10462412983179092,0.02224239520728588,,,
67,,0.0004425048828125,1.6443328857421875,3829,0.3608611226081848,0.10624346137046814,0.025794127956032753,,,
67,,0.0004425048828125,1.6881561279296875,3839,1.247711181640625,0.10467787832021713,0.09647998213768005,,,
67,,0.0004425048828125,1.8630828857421875,3849,0.8112647533416748,0.10889700800180435,0.05335409194231033,,,
67,,0.0004425048828125,1.5307159423828125,3859,0.5812950730323792,0.10530261695384979,0.03690113499760628,,,
67,,0.0004425048828125,1.632049560546875,3869,0.2617616057395935,0.10777267068624496,0.023172521963715553,,,
67,,,,3875,,,,0.12180870026350021,0.1069267988204956,0.020488662645220757
,0.0005,,,3876,,,,,,
68,,0.0004425048828125,1.571533203125,3879,0.8883205652236938,0.10955198854207993,0.0604100227355957,,,
68,,0.0004425048828125,1.7099151611328125,3889,0.5090608596801758,0.10344630479812622,0.030838586390018463,,,
68,,0.0004425048828125,1.9217681884765625,3899,0.09698980301618576,0.10292305797338486,0.01861630752682686,,,
68,,0.0004425048828125,1.9237060546875,3909,0.40408390760421753,0.10136637836694717,0.025631241500377655,,,
68,,0.0004425048828125,1.8157958984375,3919,0.5003668665885925,0.10245545953512192,0.031071223318576813,,,
68,,0.0004425048828125,1.8128204345703125,3929,0.5868576169013977,0.10494045168161392,0.035492539405822754,,,
68,,,,3932,,,,0.172393336892128,0.1066959947347641,0.021443374454975128
,0.0005,,,3933,,,,,,
69,,0.0004425048828125,1.6317138671875,3939,0.22263085842132568,0.10046073794364929,0.019216934219002724,,,
69,,0.0004425048828125,1.75909423828125,3949,0.1837068796157837,0.10489393025636673,0.020771265029907227,,,
69,,0.0004425048828125,1.7404327392578125,3959,0.9262014627456665,0.09945307672023773,0.059369783848524094,,,
69,,0.0004425048828125,1.875396728515625,3969,0.09536657482385635,0.10474365949630737,0.018854837864637375,,,
69,,0.0004425048828125,1.8756866455078125,3979,0.5242509245872498,0.09781913459300995,0.030658114701509476,,,
69,,0.0004425048828125,1.87591552734375,3989,0.8764036893844604,0.10386361926794052,0.05481448024511337,,,
69,,,,3989,,,,0.5088813900947571,0.10253342241048813,0.031724508851766586
,0.0005,,,3990,,,,,,
70,,0.0004425048828125,1.630706787109375,3999,0.7898280620574951,0.09703267365694046,0.04667035490274429,,,
70,,0.0004425048828125,1.6307220458984375,4009,0.9796932935714722,0.10981310158967972,0.06947088986635208,,,
70,,0.0004425048828125,1.919158935546875,4019,0.10755105316638947,0.10143095254898071,0.017876889556646347,,,
70,,0.0004425048828125,1.809356689453125,4029,0.2746325731277466,0.09983392804861069,0.021202947944402695,,,
70,,0.0004425048828125,1.809539794921875,4039,0.33328089118003845,0.10729159414768219,0.024846818298101425,,,
70,,,,4046,,,,0.46579188108444214,0.10677409917116165,0.030881645157933235
,0.0005,,,4047,,,,,,
71,,0.0004425048828125,1.4692535400390625,4049,1.0328664779663086,0.10293515771627426,0.07094419747591019,,,
71,,0.0004425048828125,1.6266326904296875,4059,0.42290258407592773,0.101018525660038,0.025962237268686295,,,
71,,0.0004425048828125,1.7119903564453125,4069,0.73518967628479,0.09715625643730164,0.0442734993994236,,,
71,,0.0004425048828125,1.9293212890625,4079,2.467180013656616,0.10425013303756714,0.3226907551288605,,,
71,,0.0004425048828125,1.9294586181640625,4089,0.6536787152290344,0.10666971653699875,0.042312294244766235,,,
71,,0.0004425048828125,1.9294891357421875,4099,0.2877514660358429,0.10769239813089371,0.024025198072195053,,,
71,,,,4103,,,,0.15173500776290894,0.1204567551612854,0.025874203070998192
,0.0005,,,4104,,,,,,
72,,0.0004425048828125,1.632232666015625,4109,0.5503470301628113,0.11299155652523041,0.03696553036570549,,,
72,,0.0004425048828125,1.6322479248046875,4119,0.5308109521865845,0.10450582206249237,0.032015495002269745,,,
72,,0.0004425048828125,1.262481689453125,4129,0.3335278332233429,0.10852578282356262,0.025262247771024704,,,
72,,0.0004425048828125,1.262481689453125,4139,0.07866187393665314,0.10323695838451385,0.018946874886751175,,,
72,,0.0004425048828125,1.1182403564453125,4149,0.38618239760398865,0.1038423478603363,0.02593260258436203,,,
72,,0.0004425048828125,1.7489013671875,4159,1.0884062051773071,0.106430783867836,0.07985524088144302,,,
72,,,,4160,,,,1.1186906099319458,0.10539700835943222,0.08252337574958801
,0.0005,,,4161,,,,,,
73,,0.0004425048828125,1.6880950927734375,4169,0.42196565866470337,0.10948821902275085,0.029546838253736496,,,
73,,0.0004425048828125,1.917144775390625,4179,0.37234923243522644,0.10158038884401321,0.02464945800602436,,,
73,,0.0004425048828125,1.9266510009765625,4189,0.580217719078064,0.1040097177028656,0.03581666573882103,,,
73,,0.0004425048828125,1.89923095703125,4199,0.15432731807231903,0.1011366993188858,0.01834297552704811,,,
73,,0.0004425048828125,1.902862548828125,4209,0.45518195629119873,0.10234937071800232,0.027158573269844055,,,
73,,,,4217,,,,0.1473061442375183,0.10163667798042297,0.019239505752921104
,0.0005,,,4218,,,,,,
74,,0.0004425048828125,1.5604705810546875,4219,0.5512663722038269,0.09786462038755417,0.03229299187660217,,,
74,,0.0004425048828125,1.915313720703125,4229,0.30115431547164917,0.10216895490884781,0.02313508838415146,,,
74,,0.0004425048828125,1.5606842041015625,4239,0.24203351140022278,0.0983884185552597,0.02021326683461666,,,
74,,0.0004425048828125,1.560760498046875,4249,0.30610764026641846,0.10284437239170074,0.02321016415953636,,,
74,,0.0004425048828125,1.708282470703125,4259,0.18688175082206726,0.10215875506401062,0.01995384693145752,,,
74,,0.0004425048828125,1.7112884521484375,4269,0.17103539407253265,0.10073623806238174,0.018834464251995087,,,
74,,,,4274,,,,0.7589161396026611,0.09892074018716812,0.04616684094071388
,0.0005,,,4275,,,,,,
75,,0.0004425048828125,1.1095733642578125,4279,0.3679806590080261,0.10141697525978088,0.023860808461904526,,,
75,,0.0004425048828125,1.91943359375,4289,0.9954782724380493,0.10278035700321198,0.0670887753367424,,,
75,,0.0004425048828125,1.9210357666015625,4299,0.12005330622196198,0.09307050704956055,0.015191607177257538,,,
75,,0.0004425048828125,1.92120361328125,4309,0.09636649489402771,0.09758776426315308,0.016347326338291168,,,
75,,0.0004425048828125,1.9212799072265625,4319,1.3929864168167114,0.10840105265378952,0.11684928089380264,,,
75,,0.0004425048828125,1.921295166015625,4329,1.5269122123718262,0.0930037572979927,0.13130301237106323,,,
75,,,,4331,,,,0.8427426218986511,0.10296068340539932,0.054739758372306824
,0.0005,,,4332,,,,,,
76,,0.0004425048828125,1.6575927734375,4339,0.434903085231781,0.10154245793819427,0.027942106127738953,,,
76,,0.0004425048828125,1.2791748046875,4349,0.5255029201507568,0.10624164342880249,0.03317182511091232,,,
76,,0.0004425048828125,1.804595947265625,4359,0.9658392071723938,0.10020940750837326,0.06394316256046295,,,
76,,0.0004425048828125,1.81207275390625,4369,0.5131869912147522,0.1016862690448761,0.030425207689404488,,,
76,,0.0004425048828125,1.8129730224609375,4379,0.8592014312744141,0.10157445818185806,0.055359408259391785,,,
76,,,,4388,,,,0.5950649380683899,0.09954821318387985,0.035332269966602325
,0.0005,,,4389,,,,,,
77,,0.0004425048828125,1.5981292724609375,4389,0.49595907330513,0.08980608731508255,0.02673419937491417,,,
77,,0.0004425048828125,1.8590545654296875,4399,0.40924543142318726,0.10147997736930847,0.02505326271057129,,,
77,,0.0004425048828125,1.86053466796875,4409,0.39490729570388794,0.09752319753170013,0.024159830063581467,,,
77,,0.0004425048828125,1.8609619140625,4419,0.2607285976409912,0.09817761182785034,0.019986409693956375,,,
77,,0.0004425048828125,1.86126708984375,4429,0.13018864393234253,0.09578827768564224,0.016842825338244438,,,
77,,0.0004425048828125,1.86126708984375,4439,0.22298091650009155,0.09893976897001266,0.019000403583049774,,,
77,,,,4445,,,,1.041789174079895,0.10087329149246216,0.07214393466711044
,0.0005,,,4446,,,,,,
78,,0.0004425048828125,1.20806884765625,4449,0.5497913360595703,0.09517723321914673,0.030550815165042877,,,
78,,0.0004425048828125,1.6971893310546875,4459,1.2596241235733032,0.09382728487253189,0.0941084772348404,,,
78,,0.0004425048828125,1.6971893310546875,4469,0.5353031158447266,0.09684142470359802,0.03017781674861908,,,
78,,0.0004425048828125,1.69720458984375,4479,0.6393915414810181,0.09726430475711823,0.03748718649148941,,,
78,,0.0004425048828125,1.69720458984375,4489,0.8564186096191406,0.1069914698600769,0.05634187534451485,,,
78,,0.0004425048828125,1.199493408203125,4499,0.48963040113449097,0.10472768545150757,0.030460510402917862,,,
78,,,,4502,,,,0.22369384765625,0.10064489394426346,0.020283617079257965
,0.0005,,,4503,,,,,,
79,,0.0004425048828125,1.4253997802734375,4509,0.19475582242012024,0.09510689973831177,0.017106637358665466,,,
79,,0.0004425048828125,1.8020782470703125,4519,0.5067547559738159,0.09823347628116608,0.029511455446481705,,,
79,,0.0004425048828125,1.88006591796875,4529,0.6393903493881226,0.09620723128318787,0.0359426811337471,,,
79,,0.0004425048828125,1.8810577392578125,4539,0.5942453145980835,0.09939073026180267,0.03556569665670395,,,
79,,0.0004425048828125,1.881805419921875,4549,0.8301867246627808,0.09346116334199905,0.04903286695480347,,,
79,,0.0004425048828125,1.8821563720703125,4559,0.18863336741924286,0.10729632526636124,0.021241415292024612,,,
79,,,,4559,,,,0.0919552743434906,0.09668836742639542,0.016512369737029076
,0.0005,,,4560,,,,,,
80,,0.0004425048828125,1.62359619140625,4569,0.6184594631195068,0.09062863141298294,0.03271374851465225,,,
80,,0.0004425048828125,1.4514007568359375,4579,0.8682671189308167,0.09586203843355179,0.053309809416532516,,,
80,,0.0004425048828125,1.8628387451171875,4589,0.36023053526878357,0.09928373992443085,0.022859755903482437,,,
80,,0.0004425048828125,1.9284210205078125,4599,0.14310382306575775,0.09401340037584305,0.016157839447259903,,,
80,,0.0004425048828125,1.928741455078125,4609,0.573451817035675,0.09560408443212509,0.03229192644357681,,,
80,,,,4616,,,,0.18201734125614166,0.09978742897510529,0.019104251638054848
,0.0005,,,4617,,,,,,
81,,0.0004425048828125,1.6909027099609375,4619,0.41566774249076843,0.10228506475687027,0.026265595108270645,,,
81,,0.0004425048828125,1.53570556640625,4629,0.08776475489139557,0.09498386085033417,0.015569912269711494,,,
81,,0.0004425048828125,1.53570556640625,4639,0.8388833403587341,0.09790759533643723,0.05112964287400246,,,
81,,0.0004425048828125,1.4340057373046875,4649,0.6599050164222717,0.09582162648439407,0.037079185247421265,,,
81,,0.0004425048828125,1.6871337890625,4659,0.17401230335235596,0.09668293595314026,0.016953006386756897,,,
81,,0.0004425048828125,1.6871337890625,4669,0.05132715031504631,0.08858193457126617,0.013208732008934021,,,
81,,,,4673,,,,0.5131598114967346,0.09703858196735382,0.02996486984193325
,0.0005,,,4674,,,,,,
82,,0.0004425048828125,1.411285400390625,4679,0.20792675018310547,0.0994395911693573,0.018683336675167084,,,
82,,0.0004425048828125,1.897613525390625,4689,0.39369943737983704,0.08824654668569565,0.021313700824975967,,,
82,,0.0004425048828125,1.9171600341796875,4699,0.6237035989761353,0.09114328771829605,0.033923376351594925,,,
82,,0.0004425048828125,1.309326171875,4709,0.1450166404247284,0.09705427289009094,0.016922060400247574,,,
82,,0.0004425048828125,1.789703369140625,4719,0.7641499638557434,0.0918818786740303,0.043572597205638885,,,
82,,0.0004425048828125,1.7927093505859375,4729,0.287519246339798,0.09371213614940643,0.019495021551847458,,,
82,,,,4730,,,,1.3646594285964966,0.0983673557639122,0.11013755202293396
,0.0005,,,4731,,,,,,
83,,0.0004425048828125,1.5861358642578125,4739,1.182870626449585,0.10088567435741425,0.08759331703186035,,,
83,,0.0004425048828125,1.5862274169921875,4749,1.60006844997406,0.10515923798084259,0.1468161791563034,,,
83,,0.0004425048828125,1.5862579345703125,4759,0.8353958129882812,0.10664959251880646,0.05395333468914032,,,
83,,0.0004425048828125,1.5870513916015625,4769,0.993107795715332,0.09449892491102219,0.06529705226421356,,,
83,,0.0004425048828125,1.587799072265625,4779,0.22555164992809296,0.09876924008131027,0.01890304870903492,,,
83,,,,4787,,,,0.9460828900337219,0.10009107738733292,0.06332728266716003
,0.0005,,,4788,,,,,,
84,,0.0004425048828125,1.6493072509765625,4789,0.15501254796981812,0.09668727219104767,0.017298536375164986,,,
84,,0.0004425048828125,1.9453582763671875,4799,0.858096182346344,0.09910217672586441,0.05296795070171356,,,
84,,0.0004425048828125,2.084930419921875,4809,0.17277204990386963,0.09940005838871002,0.017732618376612663,,,
84,,0.0004425048828125,2.0863494873046875,4819,0.07337857037782669,0.09235748648643494,0.014589708298444748,,,
84,,0.0004425048828125,2.088043212890625,4829,0.8108863830566406,0.1018315926194191,0.05040862411260605,,,
84,,0.0004425048828125,2.088043212890625,4839,0.42130953073501587,0.10077663511037827,0.025826796889305115,,,
84,,,,4844,,,,0.3223092555999756,0.10087230801582336,0.023281915113329887
,0.0005,,,4845,,,,,,
85,,0.0004425048828125,1.5280609130859375,4849,0.4781672954559326,0.09353175014257431,0.027540259063243866,,,
85,,0.0004425048828125,1.5281219482421875,4859,0.21444475650787354,0.09933348000049591,0.02013498917222023,,,
85,,0.0004425048828125,1.5288848876953125,4869,0.11683043092489243,0.09102286398410797,0.014525450766086578,,,
85,,0.0004425048828125,1.5341949462890625,4879,0.21253126859664917,0.0881730243563652,0.016185425221920013,,,
85,,0.0004425048828125,1.30908203125,4889,0.11175926774740219,0.0960727110505104,0.016937198117375374,,,
85,,0.0004425048828125,1.1916351318359375,4899,0.07085606455802917,0.09594980627298355,0.015722446143627167,,,
85,,,,4901,,,,0.7536864280700684,0.09369932115077972,0.04405751824378967
,0.0005,,,4902,,,,,,
86,,0.0004425048828125,1.56549072265625,4909,0.15059402585029602,0.09303265064954758,0.015810301527380943,,,
86,,0.0004425048828125,1.8616943359375,4919,0.7000213861465454,0.0919337198138237,0.03900102898478508,,,
86,,0.0004425048828125,1.8675537109375,4929,0.5018914341926575,0.09387455880641937,0.02818589098751545,,,
86,,0.0004425048828125,1.869537353515625,4939,0.18520492315292358,0.09886384755373001,0.01899087429046631,,,
86,,0.0004425048828125,1.544921875,4949,0.3515141010284424,0.09173942357301712,0.020493539050221443,,,
86,,,,4958,,,,0.8430789709091187,0.09370362758636475,0.05120134726166725
,0.0005,,,4959,,,,,,
87,,0.0004425048828125,1.5342864990234375,4959,0.9476098418235779,0.09848562628030777,0.06082368269562721,,,
87,,0.0004425048828125,1.7438812255859375,4969,1.0697741508483887,0.0879315510392189,0.07076296955347061,,,
87,,0.0004425048828125,1.905426025390625,4979,1.0025086402893066,0.09196048229932785,0.0662773922085762,,,
87,,0.0004425048828125,1.90606689453125,4989,0.742800772190094,0.09578905999660492,0.042659007012844086,,,
87,,0.0004425048828125,1.906097412109375,4999,1.0421969890594482,0.09510563313961029,0.06934437155723572,,,
87,,0.0004425048828125,1.9061126708984375,5009,0.15339896082878113,0.09067793935537338,0.014827879145741463,,,
87,,,,5015,,,,0.13791224360466003,0.09204167127609253,0.015806255862116814
,0.0005,,,5016,,,,,,
88,,0.0004425048828125,1.439117431640625,5019,0.19270619750022888,0.09168902039527893,0.01604423113167286,,,
88,,0.0004425048828125,1.9078369140625,5029,0.31746768951416016,0.09016671031713486,0.019530966877937317,,,
88,,0.0004425048828125,1.9269866943359375,5039,0.125518798828125,0.09072522819042206,0.014976958744227886,,,
88,,0.0004425048828125,1.9276580810546875,5049,0.12401486933231354,0.08924805372953415,0.014261736534535885,,,
88,,0.0004425048828125,1.932586669921875,5059,0.796571671962738,0.09096436202526093,0.046160005033016205,,,
88,,0.0004425048828125,1.1121368408203125,5069,0.9965636134147644,0.09909190982580185,0.06622215360403061,,,
88,,,,5072,,,,0.2697348892688751,0.09549837559461594,0.019845981150865555
,0.0005,,,5073,,,,,,
89,,0.0004425048828125,1.2257537841796875,5079,0.2370658814907074,0.0973556637763977,0.019707145169377327,,,
89,,0.0004425048828125,1.5887451171875,5089,0.173247292637825,0.08917903900146484,0.015340585261583328,,,
89,,0.0004425048828125,1.195068359375,5099,0.10858616232872009,0.09229776263237,0.014109311625361443,,,
89,,0.0004425048828125,1.1137237548828125,5109,0.10540832579135895,0.08413204550743103,0.012327942997217178,,,
89,,0.0004425048828125,1.1210784912109375,5119,0.0899457111954689,0.0943218544125557,0.015186208300292492,,,
89,,0.0004425048828125,1.0966339111328125,5129,1.0137351751327515,0.08089075982570648,0.06149516999721527,,,
89,,,,5129,,,,0.3934749364852905,0.08978694677352905,0.022164177149534225
,0.0005,,,5130,,,,,,
90,,0.0004425048828125,1.2538299560546875,5139,0.8530203104019165,0.09047809988260269,0.05029445141553879,,,
90,,0.0004425048828125,1.2341461181640625,5149,0.12212153524160385,0.09202449768781662,0.014962926506996155,,,
90,,0.0004425048828125,1.2348785400390625,5159,0.40481945872306824,0.08968710154294968,0.02268322743475437,,,
90,,0.0004425048828125,1.2987213134765625,5169,0.638211727142334,0.0923905223608017,0.035191576927900314,,,
90,,0.0004425048828125,1.298858642578125,5179,1.0983366966247559,0.09394261240959167,0.07523085176944733,,,
90,,,,5186,,,,0.4495481252670288,0.09190980345010757,0.02518046647310257
,0.0005,,,5187,,,,,,
91,,0.0004425048828125,1.6494903564453125,5189,0.24951650202274323,0.09265471994876862,0.017702538520097733,,,
91,,0.0004425048828125,1.65142822265625,5199,0.8703903555870056,0.09502799063920975,0.05283153057098389,,,
91,,0.0004425048828125,1.651519775390625,5209,0.3436742424964905,0.08992515504360199,0.020032964646816254,,,
91,,0.0004425048828125,1.651519775390625,5219,0.21443085372447968,0.08479362726211548,0.01484336145222187,,,
91,,0.0004425048828125,1.1119842529296875,5229,0.12152298539876938,0.0887422263622284,0.014183634892106056,,,
91,,0.0004425048828125,1.1751251220703125,5239,0.45364654064178467,0.08989351987838745,0.02427988499403,,,
91,,,,5243,,,,0.1074032336473465,0.08979228883981705,0.014481601305305958
,0.0005,,,5244,,,,,,
92,,0.0004425048828125,1.2465362548828125,5249,0.18450456857681274,0.08647922426462173,0.014572255313396454,,,
92,,0.0004425048828125,1.7954559326171875,5259,0.1814677119255066,0.090255506336689,0.01555214449763298,,,
92,,0.0004425048828125,1.974212646484375,5269,0.23605450987815857,0.08111563324928284,0.014709075912833214,,,
92,,0.0004425048828125,1.9788055419921875,5279,0.38330745697021484,0.09173133969306946,0.021464640274643898,,,
92,,0.0004425048828125,1.981292724609375,5289,0.18088598549365997,0.08418387919664383,0.013312969356775284,,,
92,,0.0004425048828125,1.9906005859375,5299,0.07246735692024231,0.084511898458004,0.011869298294186592,,,
92,,,,5300,,,,0.28955525159835815,0.08942361921072006,0.018858477473258972
,0.0005,,,5301,,,,,,
93,,0.0004425048828125,1.642791748046875,5309,0.5812188386917114,0.08462582528591156,0.029720086604356766,,,
93,,0.0004425048828125,1.6431121826171875,5319,0.4601375460624695,0.08998708426952362,0.02406425215303898,,,
93,,0.0004425048828125,1.6479644775390625,5329,0.24454057216644287,0.09410244971513748,0.017664320766925812,,,
93,,0.0004425048828125,1.648284912109375,5339,0.4049159586429596,0.09755242615938187,0.02509274333715439,,,
93,,0.0004425048828125,1.7431793212890625,5349,0.26529860496520996,0.08663739264011383,0.016821105033159256,,,
93,,,,5357,,,,0.397288978099823,0.09005647897720337,0.022346744313836098
,0.0005,,,5358,,,,,,
94,,0.0004425048828125,1.5157012939453125,5359,0.3184258043766022,0.08912461251020432,0.01830686815083027,,,
94,,0.0004425048828125,1.5159759521484375,5369,0.4198693335056305,0.08647079765796661,0.022067245095968246,,,
94,,0.0004425048828125,1.8157806396484375,5379,0.8492348790168762,0.09202051162719727,0.05021308362483978,,,
94,,0.0004425048828125,1.819610595703125,5389,0.2566702663898468,0.08835336565971375,0.016198646277189255,,,
94,,0.0004425048828125,1.819732666015625,5399,0.2753271758556366,0.08743364363908768,0.018054576590657234,,,
94,,0.0004425048828125,1.819793701171875,5409,0.5497729778289795,0.08750749379396439,0.028305623680353165,,,
94,,,,5414,,,,0.5590168237686157,0.08881061524152756,0.029800906777381897
,0.0005,,,5415,,,,,,
95,,0.0004425048828125,1.5186767578125,5419,0.18947938084602356,0.0847122073173523,0.013513974845409393,,,
95,,0.0004425048828125,1.537078857421875,5429,1.340030312538147,0.08750862628221512,0.10333183407783508,,,
95,,0.0004425048828125,1.5372772216796875,5439,1.1618869304656982,0.0851297378540039,0.08040839433670044,,,
95,,0.0004425048828125,1.5372772216796875,5449,0.692023754119873,0.09167037904262543,0.03843599930405617,,,
95,,0.0004425048828125,1.5372772216796875,5459,0.2056490182876587,0.0933450236916542,0.017289448529481888,,,
95,,0.0004425048828125,1.5372772216796875,5469,0.08527091145515442,0.0828479453921318,0.011888994835317135,,,
95,,,,5471,,,,0.9775161743164062,0.08836878091096878,0.061626333743333817
,0.0005,,,5472,,,,,,
96,,0.0004425048828125,1.475494384765625,5479,1.4191263914108276,0.0894463062286377,0.11401724815368652,,,
96,,0.0004425048828125,1.475494384765625,5489,0.5331543684005737,0.09563775360584259,0.029691707342863083,,,
96,,0.0004425048828125,1.75390625,5499,0.5338706374168396,0.09831792861223221,0.03059583157300949,,,
96,,0.0004425048828125,1.8699188232421875,5509,0.09435416758060455,0.08969207853078842,0.013871495611965656,,,
96,,0.0004425048828125,2.085845947265625,5519,0.6295468211174011,0.08627749979496002,0.032489873468875885,,,
96,,,,5528,,,,0.42594677209854126,0.09041965007781982,0.023727918043732643
,0.0005,,,5529,,,,,,
97,,0.0004425048828125,1.6924591064453125,5529,0.4593701660633087,0.08881377428770065,0.024127312004566193,,,
97,,0.0004425048828125,1.5862884521484375,5539,0.16813337802886963,0.08292873948812485,0.01327995490282774,,,
97,,0.0004425048828125,1.5858154296875,5549,0.15920230746269226,0.08608874678611755,0.013836989179253578,,,
97,,0.0004425048828125,1.583648681640625,5559,0.09268684685230255,0.08636043965816498,0.012614047154784203,,,
97,,0.0004425048828125,1.5864410400390625,5569,0.08160582184791565,0.08521515876054764,0.012776114977896214,,,
97,,0.0004425048828125,1.5880126953125,5579,0.35730013251304626,0.08417345583438873,0.018798593431711197,,,
97,,,,5585,,,,0.34401625394821167,0.08826179057359695,0.019977612420916557
,0.0005,,,5586,,,,,,
98,,0.0004425048828125,1.607421875,5589,0.6384256482124329,0.09081993997097015,0.034496285021305084,,,
98,,0.0004425048828125,1.607513427734375,5599,0.5060320496559143,0.08807986229658127,0.0259082168340683,,,
98,,0.0004425048828125,1.6093902587890625,5609,0.11159723997116089,0.08284977823495865,0.012298760004341602,,,
98,,0.0004425048828125,1.6093902587890625,5619,0.9570935964584351,0.08256736397743225,0.05749543756246567,,,
98,,0.0004425048828125,1.7895355224609375,5629,0.6023620963096619,0.0888177901506424,0.031714946031570435,,,
98,,0.0004425048828125,1.78955078125,5639,0.9607464075088501,0.09979985654354095,0.06378702819347382,,,
98,,,,5642,,,,0.4871870279312134,0.09122809022665024,0.02665317989885807
,0.0005,,,5643,,,,,,
99,,0.0004425048828125,1.692474365234375,5649,1.0536011457443237,0.0919046401977539,0.07006245851516724,,,
99,,0.0004425048828125,1.7376556396484375,5659,0.9099546670913696,0.09206653386354446,0.05544843152165413,,,
99,,0.0004425048828125,1.7376708984375,5669,0.6549001336097717,0.09292646497488022,0.03584657981991768,,,
99,,0.0004425048828125,1.7376861572265625,5679,0.2071901559829712,0.08714596182107925,0.015127608552575111,,,
99,,0.0004425048828125,1.6436920166015625,5689,0.33009833097457886,0.08649831265211105,0.018103012815117836,,,
99,,0.0004425048828125,1.6436920166015625,5699,0.0007090270519256592,0.08978042006492615,0.01375921443104744,,,
99,,,,5699,,,,0.11727503687143326,0.08673373609781265,0.01399490237236023
,0.0005,,,5700,,,,,,
100,,0.0004425048828125,1.379913330078125,5709,0.22563710808753967,0.0853356420993805,0.015014568343758583,,,
100,,0.0004425048828125,1.6812286376953125,5719,0.502424955368042,0.08482318371534348,0.024779852479696274,,,
100,,0.0004425048828125,1.681365966796875,5729,0.18671764433383942,0.07950588315725327,0.012592115439474583,,,
100,,0.0004425048828125,1.967010498046875,5739,0.2390313595533371,0.08414626866579056,0.015114657580852509,,,
100,,0.0004425048828125,1.9666595458984375,5749,0.37424731254577637,0.0805632472038269,0.01900700479745865,,,
100,,,,5756,,,,0.194460928440094,0.08515384793281555,0.014805516228079796
,0.0005,,,5757,,,,,,
101,,0.0004425048828125,1.5638427734375,5759,0.25185200572013855,0.08451000601053238,0.015583658590912819,,,
101,,0.0004425048828125,1.797027587890625,5769,0.5904256105422974,0.08250898867845535,0.029398858547210693,,,
101,,0.0004425048828125,1.798858642578125,5779,0.6668985486030579,0.09291578084230423,0.03678320348262787,,,
101,,0.0004425048828125,1.860076904296875,5789,0.46119675040245056,0.0845867246389389,0.022858068346977234,,,
101,,0.0004425048828125,1.860107421875,5799,0.532050609588623,0.0887826457619667,0.027397185564041138,,,
101,,0.0004425048828125,1.860626220703125,5809,0.5118865370750427,0.09456323832273483,0.02772282063961029,,,
101,,,,5813,,,,1.2147647142410278,0.08906891196966171,0.08833269029855728
,0.0005,,,5814,,,,,,
102,,0.0004425048828125,1.56683349609375,5819,0.3590537905693054,0.0913650169968605,0.020502526313066483,,,
102,,0.0004425048828125,1.64935302734375,5829,0.9232025742530823,0.09244585782289505,0.05634252727031708,,,
102,,0.0004425048828125,1.942138671875,5839,0.6332160830497742,0.08904064446687698,0.03279552236199379,,,
102,,0.0004425048828125,1.9460296630859375,5849,0.10711632668972015,0.08884226530790329,0.014074679464101791,,,
102,,0.0004425048828125,1.9473114013671875,5859,0.6848951578140259,0.0842653140425682,0.036048442125320435,,,
102,,0.0004425048828125,1.9473114013671875,5869,0.3574569523334503,0.0891428142786026,0.020935339853167534,,,
102,,,,5870,,,,1.160439133644104,0.09030627459287643,0.08260414749383926
,0.0005,,,5871,,,,,,
103,,0.0004425048828125,1.58734130859375,5879,0.41981828212738037,0.09434296190738678,0.024042706936597824,,,
103,,0.0004425048828125,1.8722686767578125,5889,0.03593184053897858,0.08490230143070221,0.0124235013499856,,,
103,,0.0004425048828125,1.740936279296875,5899,0.37423038482666016,0.08706947416067123,0.019939888268709183,,,
103,,0.0004425048828125,1.7409515380859375,5909,0.786212682723999,0.09345017373561859,0.045394886285066605,,,
103,,0.0004425048828125,1.7411346435546875,5919,0.26805099844932556,0.08372525125741959,0.01631852239370346,,,
103,,,,5927,,,,0.393243670463562,0.08825140446424484,0.022538455203175545
,0.0005,,,5928,,,,,,
104,,0.0004425048828125,1.4544830322265625,5929,0.06874233484268188,0.08823966234922409,0.013220245018601418,,,
104,,0.0004425048828125,1.74798583984375,5939,0.3206455111503601,0.08557061851024628,0.017106344923377037,,,
104,,0.0004425048828125,1.748016357421875,5949,0.0651671439409256,0.08558598160743713,0.013032129965722561,,,
104,,0.0004425048828125,1.3411865234375,5959,0.11260269582271576,0.08318187296390533,0.012249179184436798,,,
104,,0.0004425048828125,1.71649169921875,5969,0.2750254273414612,0.08320145308971405,0.01562977209687233,,,
104,,0.0004425048828125,1.95025634765625,5979,0.25591304898262024,0.08146169781684875,0.01491343230009079,,,
104,,,,5984,,,,0.1139817014336586,0.08379039913415909,0.013030723668634892
,0.0005,,,5985,,,,,,
105,,0.0004425048828125,1.5085601806640625,5989,0.5876148343086243,0.0853157564997673,0.030779823660850525,,,
105,,0.0004425048828125,1.9651336669921875,5999,0.14390477538108826,0.07835926860570908,0.011282269842922688,,,
105,,0.0004425048828125,1.9362640380859375,6009,0.22551345825195312,0.07865305244922638,0.013410448096692562,,,
105,,0.0004425048828125,1.93695068359375,6019,0.5182896256446838,0.08455924689769745,0.026104258373379707,,,
105,,0.0004425048828125,1.9189300537109375,6029,0.08000434935092926,0.08640909194946289,0.01306981686502695,,,
105,,0.0004425048828125,1.9206390380859375,6039,1.1873369216918945,0.08458248525857925,0.08290804922580719,,,
105,,,,6041,,,,0.8447731137275696,0.09213799238204956,0.051169294863939285
,0.0005,,,6042,,,,,,
106,,0.0004425048828125,1.6393280029296875,6049,0.08924959599971771,0.07912930846214294,0.010975395329296589,,,
106,,0.0004425048828125,1.8611602783203125,6059,0.23708809912204742,0.08487819880247116,0.014736024662852287,,,
106,,0.0004425048828125,1.8611907958984375,6069,0.16903266310691833,0.08530902117490768,0.013554289005696774,,,
106,,0.0004425048828125,1.8612213134765625,6079,0.09741794317960739,0.0845940113067627,0.013034604489803314,,,
106,,0.0004425048828125,1.9337615966796875,6089,0.22170507907867432,0.0818842425942421,0.013928459957242012,,,
106,,,,6098,,,,0.11915231496095657,0.0821068063378334,0.012573900632560253
,0.0005,,,6099,,,,,,
107,,0.0004425048828125,1.3505706787109375,6099,0.11456403881311417,0.08284194022417068,0.012318040244281292,,,
107,,0.0004425048828125,1.62530517578125,6109,0.1289222538471222,0.08095923066139221,0.013028952293097973,,,
107,,0.0004425048828125,1.874298095703125,6119,0.35304802656173706,0.08074621111154556,0.017534036189317703,,,
107,,0.0004425048828125,1.874298095703125,6129,0.4442445635795593,0.08593624830245972,0.022117741405963898,,,
107,,0.0004425048828125,1.87432861328125,6139,0.24987639486789703,0.0789695456624031,0.013836105354130268,,,
107,,0.0004425048828125,1.874237060546875,6149,0.34772989153862,0.07588735967874527,0.016056980937719345,,,
107,,,,6155,,,,1.0172652006149292,0.08179020881652832,0.06406787037849426
,0.0005,,,6156,,,,,,
108,,0.0004425048828125,1.3567047119140625,6159,0.6131479144096375,0.08314498513936996,0.029988277703523636,,,
108,,0.0004425048828125,1.6189727783203125,6169,0.3238650858402252,0.08197436481714249,0.01645543798804283,,,
108,,0.0004425048828125,1.61932373046875,6179,0.42428070306777954,0.08549541980028152,0.022015206515789032,,,
108,,0.0004425048828125,1.94134521484375,6189,0.8142639398574829,0.0830252468585968,0.04558999836444855,,,
108,,0.0004425048828125,1.94134521484375,6199,0.3256945013999939,0.08465947210788727,0.01740674115717411,,,
108,,0.0004425048828125,1.916015625,6209,0.23741012811660767,0.07577630877494812,0.012713775970041752,,,
108,,,,6212,,,,0.2177521139383316,0.083666130900383,0.01512240618467331
,0.0005,,,6213,,,,,,
109,,0.0004425048828125,1.6404266357421875,6219,0.10385049134492874,0.08112877607345581,0.01159970834851265,,,
109,,0.0004425048828125,1.6404876708984375,6229,0.6154436469078064,0.08221153169870377,0.030692074447870255,,,
109,,0.0004425048828125,1.92742919921875,6239,0.08847825229167938,0.08630741387605667,0.012613506056368351,,,
109,,0.0004425048828125,1.928619384765625,6249,0.11965446174144745,0.07933641225099564,0.011279902420938015,,,
109,,0.0004425048828125,1.21893310546875,6259,0.3840622305870056,0.08620509505271912,0.021104801446199417,,,
109,,0.0004425048828125,1.496917724609375,6269,0.4152788519859314,0.0757690817117691,0.01824376732110977,,,
109,,,,6269,,,,0.5062831044197083,0.0841275081038475,0.02592366747558117
,0.0005,,,6270,,,,,,
110,,0.0004425048828125,1.7494049072265625,6279,0.28143441677093506,0.0835137739777565,0.015457876026630402,,,
110,,0.0004425048828125,1.74945068359375,6289,0.5408863425254822,0.08272558450698853,0.02621019259095192,,,
110,,0.0004425048828125,1.573699951171875,6299,0.1335350126028061,0.0821685940027237,0.012201550416648388,,,
110,,0.0004425048828125,1.575286865234375,6309,0.5960915684700012,0.07786547392606735,0.028141029179096222,,,
110,,0.0004425048828125,1.5755615234375,6319,0.19191890954971313,0.07433649152517319,0.011522586457431316,,,
110,,,,6326,,,,0.2675691843032837,0.08057301491498947,0.015554988756775856
,0.0005,,,6327,,,,,,
111,,0.0004425048828125,1.5489349365234375,6329,0.0700596421957016,0.08313293755054474,0.0120529904961586,,,
111,,0.0004425048828125,1.548980712890625,6339,0.18280622363090515,0.0807458758354187,0.012964966706931591,,,
111,,0.0004425048828125,1.7505035400390625,6349,0.0878380611538887,0.07494327425956726,0.009952728636562824,,,
111,,0.0004425048828125,1.7495574951171875,6359,0.028597291558980942,0.08022826164960861,0.01093085203319788,,,
111,,0.0004425048828125,1.74957275390625,6369,0.1287263035774231,0.08086079359054565,0.012012818828225136,,,
111,,0.0004425048828125,1.980499267578125,6379,0.25494974851608276,0.07698675245046616,0.01286632101982832,,,
111,,,,6383,,,,0.8026627898216248,0.08071926981210709,0.0442342534661293
,0.0005,,,6384,,,,,,
112,,0.0004425048828125,1.6811065673828125,6389,0.10639718919992447,0.0815071389079094,0.011688143946230412,,,
112,,0.0004425048828125,1.6811981201171875,6399,0.10212813317775726,0.08111704885959625,0.011434347368776798,,,
112,,0.0004425048828125,1.6812591552734375,6409,0.46111297607421875,0.08387457579374313,0.022431135177612305,,,
112,,0.0004425048828125,1.7497406005859375,6419,0.7327781915664673,0.07952509075403214,0.038071781396865845,,,
112,,0.0004425048828125,1.930267333984375,6429,0.47211122512817383,0.08621438592672348,0.024603629484772682,,,
112,,0.0004425048828125,1.9442138671875,6439,0.1329575628042221,0.07943473011255264,0.011666713282465935,,,
112,,,,6440,,,,0.5834896564483643,0.08041717857122421,0.029149167239665985
,0.0005,,,6441,,,,,,
113,,0.0004425048828125,1.4850006103515625,6449,0.28461402654647827,0.08129547536373138,0.015646517276763916,,,
113,,0.0004425048828125,1.4850006103515625,6459,0.16186729073524475,0.0830840915441513,0.012791241519153118,,,
113,,0.0004425048828125,1.440155029296875,6469,0.2208814173936844,0.07518073171377182,0.012821512296795845,,,
113,,0.0004425048828125,1.10455322265625,6479,0.216607928276062,0.0776909813284874,0.013035574927926064,,,
113,,0.0004425048828125,1.961700439453125,6489,0.3654005527496338,0.08133388310670853,0.0179387629032135,,,
113,,,,6497,,,,0.7609108090400696,0.08219237625598907,0.04122978076338768
,0.0005,,,6498,,,,,,
114,,0.0004425048828125,1.3935546875,6499,1.003158450126648,0.08276952058076859,0.061617203056812286,,,
114,,0.0004425048828125,1.93170166015625,6509,0.7339290380477905,0.07945961505174637,0.03760940209031105,,,
114,,0.0004425048828125,1.9317626953125,6519,0.6046534180641174,0.08166151493787766,0.02945377118885517,,,
114,,0.0004425048828125,1.9324188232421875,6529,0.5518732070922852,0.08131192624568939,0.02609875053167343,,,
114,,0.0004425048828125,1.958099365234375,6539,0.32258403301239014,0.08324858546257019,0.017378611490130424,,,
114,,0.0004425048828125,1.96917724609375,6549,0.6980682611465454,0.07675034552812576,0.036226607859134674,,,
114,,,,6554,,,,1.5093377828598022,0.08119840174913406,0.12630492448806763
,0.0005,,,6555,,,,,,
115,,0.0004425048828125,1.3997039794921875,6559,1.5841054916381836,0.09651678800582886,0.14123831689357758,,,
115,,0.0004425048828125,1.3100738525390625,6569,0.5894699096679688,0.0997786596417427,0.035001710057258606,,,
115,,0.0004425048828125,1.6761016845703125,6579,0.09535893052816391,0.10003918409347534,0.01742069236934185,,,
115,,0.0004425048828125,1.6761474609375,6589,0.6225323677062988,0.07422924786806107,0.028811872005462646,,,
115,,0.0004425048828125,1.67626953125,6599,0.3561471104621887,0.08310475200414658,0.01760232076048851,,,
115,,0.0004425048828125,1.67626953125,6609,0.4166955351829529,0.07808171212673187,0.019585829228162766,,,
115,,,,6611,,,,0.28568944334983826,0.08070862293243408,0.015838313847780228
,0.0005,,,6612,,,,,,
116,,0.0004425048828125,1.5865325927734375,6619,0.22951890528202057,0.0757686197757721,0.012121433392167091,,,
116,,0.0004425048828125,1.5865325927734375,6629,0.4472073018550873,0.07801204174757004,0.020518388599157333,,,
116,,0.0004425048828125,1.9816131591796875,6639,0.7350562810897827,0.07291923463344574,0.03773459792137146,,,
116,,0.0004425048828125,1.9816741943359375,6649,1.0293893814086914,0.08758489042520523,0.06557485461235046,,,
116,,0.0004425048828125,1.881988525390625,6659,0.4615743160247803,0.08127905428409576,0.02207055315375328,,,
116,,,,6668,,,,0.5031927824020386,0.08393500745296478,0.025838904082775116
,0.0005,,,6669,,,,,,
117,,0.0004425048828125,1.5177001953125,6669,0.4266945719718933,0.0802672877907753,0.020644325762987137,,,
117,,0.0004425048828125,1.918975830078125,6679,0.2483934462070465,0.083469919860363,0.015132405795156956,,,
117,,0.0004425048828125,1.91925048828125,6689,0.7027289867401123,0.0843731015920639,0.03716335445642471,,,
117,,0.0004425048828125,1.5696868896484375,6699,0.46708354353904724,0.08282004296779633,0.02241799607872963,,,
117,,0.0004425048828125,1.5696868896484375,6709,0.0972464382648468,0.078513003885746,0.010969994589686394,,,
117,,0.0004425048828125,1.5700225830078125,6719,0.27061206102371216,0.07306995242834091,0.013244885951280594,,,
117,,,,6725,,,,0.4683874547481537,0.08085118234157562,0.022984404116868973
,0.0005,,,6726,,,,,,
118,,0.0004425048828125,1.25482177734375,6729,0.8645658493041992,0.08036475628614426,0.049078427255153656,,,
118,,0.0004425048828125,1.6041107177734375,6739,0.20591536164283752,0.08014698326587677,0.013669997453689575,,,
118,,0.0004425048828125,1.604278564453125,6749,0.3325672745704651,0.07916121929883957,0.017037833109498024,,,
118,,0.0004425048828125,1.903564453125,6759,0.10579564422369003,0.08025681227445602,0.011337882839143276,,,
118,,0.0004425048828125,1.9091033935546875,6769,0.1939898282289505,0.08091270178556442,0.012793666683137417,,,
118,,0.0004425048828125,1.4762725830078125,6779,0.34054484963417053,0.0788675919175148,0.016444701701402664,,,
118,,,,6782,,,,0.1578272134065628,0.07963577657938004,0.012482520192861557
,0.0005,,,6783,,,,,,
119,,0.0004425048828125,1.4550933837890625,6789,0.3625567555427551,0.07772636413574219,0.016970839351415634,,,
119,,0.0004425048828125,1.4920806884765625,6799,0.6140929460525513,0.0790935829281807,0.03008565679192543,,,
119,,0.0004425048828125,1.891815185546875,6809,0.49799734354019165,0.07733186334371567,0.02311258763074875,,,
119,,0.0004425048828125,1.8918304443359375,6819,0.14440952241420746,0.07733236253261566,0.011080451309680939,,,
119,,0.0004425048828125,1.8179473876953125,6829,0.677663266658783,0.07548657059669495,0.032595232129096985,,,
119,,0.0004425048828125,1.8274993896484375,6839,0.09897460043430328,0.09291349351406097,0.014586541801691055,,,
119,,,,6839,,,,0.4412846863269806,0.07977834343910217,0.021356618031859398
,0.0005,,,6840,,,,,,
120,,0.0004425048828125,1.599334716796875,6849,0.5871094465255737,0.07525531202554703,0.026933889836072922,,,
120,,0.0004425048828125,1.599365234375,6859,0.6980273723602295,0.08005385845899582,0.035443417727947235,,,
120,,0.0004425048828125,1.6000518798828125,6869,0.3003680109977722,0.07646447420120239,0.01457626186311245,,,
120,,0.0004425048828125,1.600067138671875,6879,0.12363845109939575,0.07651316374540329,0.010539233684539795,,,
120,,0.0004425048828125,1.690704345703125,6889,0.09210500121116638,0.0796733945608139,0.011220104061067104,,,
120,,,,6896,,,,0.2357252538204193,0.07751188427209854,0.013660279102623463
,0.0005,,,6897,,,,,,
121,,0.0004425048828125,1.6396026611328125,6899,0.08892807364463806,0.07102631777524948,0.009102175012230873,,,
121,,0.0004425048828125,1.6899566650390625,6909,0.04424972087144852,0.0804622620344162,0.011223477311432362,,,
121,,0.0004425048828125,1.6899566650390625,6919,0.3363998234272003,0.07986950874328613,0.01796942576766014,,,
121,,0.0004425048828125,1.6899566650390625,6929,0.4748038351535797,0.07677998393774033,0.02086913399398327,,,
121,,0.0004425048828125,1.6899566650390625,6939,0.174661323428154,0.07548472285270691,0.010826677083969116,,,
121,,0.0004425048828125,1.689971923828125,6949,0.19094157218933105,0.07191956043243408,0.010843330062925816,,,
121,,,,6953,,,,0.3088551461696625,0.0779152512550354,0.01586812548339367
,0.0005,,,6954,,,,,,
122,,0.0004425048828125,1.6001129150390625,6959,0.2406119555234909,0.08311743289232254,0.014378675259649754,,,
122,,0.0004425048828125,1.66815185546875,6969,0.1283837854862213,0.07299622148275375,0.009478692896664143,,,
122,,0.0004425048828125,1.902374267578125,6979,0.07167718559503555,0.07260752469301224,0.00885549932718277,,,
122,,0.0004425048828125,1.9319610595703125,6989,0.2507179379463196,0.06818389147520065,0.011301776394248009,,,
122,,0.0004425048828125,1.9323883056640625,6999,0.27828168869018555,0.07128319144248962,0.012400470674037933,,,
122,,0.0004425048828125,1.4161224365234375,7009,0.3692185878753662,0.07968047261238098,0.01742708310484886,,,
122,,,,7010,,,,0.11630399525165558,0.0781405046582222,0.011310636065900326
,0.0005,,,7011,,,,,,
123,,0.0004425048828125,1.5201416015625,7019,0.26848673820495605,0.07563687860965729,0.013215326704084873,,,
123,,0.0004425048828125,1.152801513671875,7029,0.037969134747982025,0.07473494112491608,0.009191108867526054,,,
123,,0.0004425048828125,1.3487548828125,7039,0.5503355264663696,0.07800827920436859,0.026018615812063217,,,
123,,0.0004425048828125,1.9610595703125,7049,0.7770277261734009,0.08248701691627502,0.041512712836265564,,,
123,,0.0004425048828125,1.96112060546875,7059,0.39115262031555176,0.08137687295675278,0.018265195190906525,,,
123,,,,7067,,,,0.6127198934555054,0.07973876595497131,0.030504470691084862
,0.0005,,,7068,,,,,,
124,,0.0004425048828125,1.6103363037109375,7069,0.6544063091278076,0.07722320407629013,0.031511783599853516,,,
124,,0.0004425048828125,1.919921875,7079,0.5307721495628357,0.08614996820688248,0.025989679619669914,,,
124,,0.0004425048828125,1.920379638671875,7089,0.18946418166160583,0.08359237760305405,0.014274628832936287,,,
124,,0.0004425048828125,1.9207763671875,7099,0.10432769358158112,0.0814824253320694,0.011588053777813911,,,
124,,0.0004425048828125,1.946502685546875,7109,0.3857365846633911,0.07394992560148239,0.016968315467238426,,,
124,,0.0004425048828125,1.946533203125,7119,0.5984029173851013,0.07390907406806946,0.026964325457811356,,,
124,,,,7124,,,,0.5131814479827881,0.07798945158720016,0.024231091141700745
,0.0005,,,7125,,,,,,
125,,0.0004425048828125,1.7276153564453125,7129,0.2778182029724121,0.07461012899875641,0.013378454372286797,,,
125,,0.0004425048828125,1.36761474609375,7139,0.12481001019477844,0.07324987649917603,0.009608963504433632,,,
125,,0.0004425048828125,1.9993896484375,7149,0.26254355907440186,0.07364111393690109,0.012249616906046867,,,
125,,0.0004425048828125,1.6210174560546875,7159,0.12807941436767578,0.07279351353645325,0.00995183177292347,,,
125,,0.0004425048828125,1.84259033203125,7169,0.36983317136764526,0.07308889180421829,0.01618993654847145,,,
125,,0.0004425048828125,1.9106597900390625,7179,0.06653206050395966,0.07085125893354416,0.008629729971289635,,,
125,,,,7181,,,,0.2715865671634674,0.07432373613119125,0.013936268165707588
,0.0005,,,7182,,,,,,
126,,0.0004425048828125,1.634521484375,7189,0.054898254573345184,0.07640878111124039,0.010020053014159203,,,
126,,0.0004425048828125,1.6345977783203125,7199,0.46460798382759094,0.07057909667491913,0.019618766382336617,,,
126,,0.0004425048828125,1.91400146484375,7209,0.35071665048599243,0.07461590319871902,0.01528862677514553,,,
126,,0.0004425048828125,1.9178619384765625,7219,0.30362844467163086,0.07251594960689545,0.014065805822610855,,,
126,,0.0004425048828125,1.9200897216796875,7229,1.0562450885772705,0.09243098646402359,0.06973566114902496,,,
126,,,,7238,,,,0.8271947503089905,0.08636768162250519,0.047965794801712036
,0.0005,,,7239,,,,,,
127,,0.0004425048828125,1.6407012939453125,7239,0.8608140349388123,0.09002233296632767,0.05250521004199982,,,
127,,0.0004425048828125,1.4201202392578125,7249,0.12313266843557358,0.08382795751094818,0.012829705141484737,,,
127,,0.0004425048828125,1.722076416015625,7259,0.07851921021938324,0.08190011233091354,0.011471057310700417,,,
127,,0.0004425048828125,1.72210693359375,7269,0.6189347505569458,0.07438405603170395,0.028586985543370247,,,
127,,0.0004425048828125,1.360137939453125,7279,0.1351557821035385,0.07235507667064667,0.010006949305534363,,,
127,,0.0004425048828125,1.180908203125,7289,0.23568381369113922,0.07656275480985641,0.012427767738699913,,,
127,,,,7295,,,,0.702893853187561,0.0888018012046814,0.03844384104013443
,0.0005,,,7296,,,,,,
128,,0.0004425048828125,1.6308746337890625,7299,0.6335848569869995,0.08331774920225143,0.031933173537254333,,,
128,,0.0004425048828125,1.6320648193359375,7309,0.06952834874391556,0.07917388528585434,0.010496266186237335,,,
128,,0.0004425048828125,1.3061370849609375,7319,0.3550112843513489,0.07808417826890945,0.016841309145092964,,,
128,,0.0004425048828125,1.675079345703125,7329,0.2628334164619446,0.07547950744628906,0.013417273759841919,,,
128,,0.0004425048828125,1.9118499755859375,7339,0.0967637151479721,0.07219943404197693,0.009354560635983944,,,
128,,0.0004425048828125,1.911895751953125,7349,0.039176661521196365,0.07174310088157654,0.00852146465331316,,,
128,,,,7352,,,,0.14079798758029938,0.07422468811273575,0.010859058238565922
,0.0005,,,7353,,,,,,
129,,0.0004425048828125,1.52923583984375,7359,0.5748366713523865,0.06674198061227798,0.024112001061439514,,,
129,,0.0004425048828125,1.5292816162109375,7369,0.2847895622253418,0.07194752246141434,0.012917397543787956,,,
129,,0.0004425048828125,1.6405181884765625,7379,0.3312947452068329,0.06903672963380814,0.013626092113554478,,,
129,,0.0004425048828125,1.609771728515625,7389,0.3740827441215515,0.06964174658060074,0.015026827342808247,,,
129,,0.0004425048828125,1.75225830078125,7399,0.06705588102340698,0.070855051279068,0.008459928445518017,,,
129,,0.0004425048828125,1.8907928466796875,7409,0.41891440749168396,0.07901901006698608,0.019042231142520905,,,
129,,,,7409,,,,0.9977700710296631,0.07768120616674423,0.060982365161180496
,0.0005,,,7410,,,,,,
130,,0.0004425048828125,1.6345367431640625,7419,0.17018383741378784,0.09322582930326462,0.017116233706474304,,,
130,,0.0004425048828125,1.6367340087890625,7429,0.411478191614151,0.08522792160511017,0.021239209920167923,,,
130,,0.0004425048828125,1.736114501953125,7439,0.7069657444953918,0.07943276315927505,0.03587740659713745,,,
130,,0.0004425048828125,1.73614501953125,7449,0.07731634378433228,0.08214236795902252,0.011517598293721676,,,
130,,0.0004425048828125,1.7362213134765625,7459,0.35220393538475037,0.07350138574838638,0.015100223943591118,,,
130,,,,7466,,,,0.6139220595359802,0.07512443512678146,0.0292659942060709
,0.0005,,,7467,,,,,,
131,,0.0004425048828125,1.58843994140625,7469,0.08637432754039764,0.07329873740673065,0.009346158243715763,,,
131,,0.0004425048828125,1.7315521240234375,7479,0.22972388565540314,0.07585497200489044,0.012078270316123962,,,
131,,0.0004425048828125,1.7315673828125,7489,0.05374688282608986,0.07192813605070114,0.008497144095599651,,,
131,,0.0004425048828125,1.7315826416015625,7499,0.33316344022750854,0.07355429232120514,0.014455657452344894,,,
131,,0.0004425048828125,1.7315826416015625,7509,0.944649338722229,0.10248821973800659,0.06263444572687149,,,
131,,0.0004425048828125,1.7315826416015625,7519,0.8453613519668579,0.08459275215864182,0.04954538494348526,,,
131,,,,7523,,,,0.6595963835716248,0.08786241710186005,0.0363193154335022
,0.0005,,,7524,,,,,,
132,,0.0004425048828125,1.3928375244140625,7529,0.1829252541065216,0.08189135789871216,0.013274691998958588,,,
132,,0.0004425048828125,1.924652099609375,7539,0.4820208251476288,0.07419973611831665,0.021110985428094864,,,
132,,0.0004425048828125,1.52337646484375,7549,0.07407330721616745,0.07160171866416931,0.008951811119914055,,,
132,,0.0004425048828125,1.5322113037109375,7559,0.09901592135429382,0.06960564106702805,0.008677488192915916,,,
132,,0.0004425048828125,1.5323028564453125,7569,0.036751143634319305,0.07146109640598297,0.008561426773667336,,,
132,,0.0004425048828125,1.2216339111328125,7579,0.12062327563762665,0.0754830464720726,0.010033036582171917,,,
132,,,,7580,,,,0.14191748201847076,0.07279068231582642,0.01050454843789339
,0.0005,,,7581,,,,,,
133,,0.0004425048828125,1.3924560546875,7589,0.1513494998216629,0.06881529837846756,0.009121336042881012,,,
133,,0.0004425048828125,1.563232421875,7599,0.1333770751953125,0.07264923304319382,0.009875609539449215,,,
133,,0.0004425048828125,1.563232421875,7609,0.45029622316360474,0.07128920406103134,0.019132569432258606,,,
133,,0.0004425048828125,1.9286346435546875,7619,0.37428927421569824,0.0707416832447052,0.015665505081415176,,,
133,,0.0004425048828125,1.8681640625,7629,0.08361350744962692,0.07391835749149323,0.009567534551024437,,,
133,,,,7637,,,,0.095388263463974,0.07408946752548218,0.010147150605916977
,0.0005,,,7638,,,,,,
134,,0.0004425048828125,1.33660888671875,7639,0.37333473563194275,0.07186054438352585,0.015654511749744415,,,
134,,0.0004425048828125,1.336212158203125,7649,0.4513590931892395,0.0688784196972847,0.018341802060604095,,,
134,,0.0004425048828125,1.304351806640625,7659,0.06623475253582001,0.06697729229927063,0.007915765047073364,,,
134,,0.0004425048828125,1.3047027587890625,7669,0.08422791212797165,0.07446245104074478,0.00975668802857399,,,
134,,0.0004425048828125,1.312225341796875,7679,0.23992028832435608,0.07588685303926468,0.012540061958134174,,,
134,,0.0004425048828125,1.364593505859375,7689,0.07670822739601135,0.06889578700065613,0.00825854204595089,,,
134,,,,7694,,,,0.2723260223865509,0.07344648987054825,0.013497590087354183
,0.0005,,,7695,,,,,,
135,,0.0004425048828125,1.3791656494140625,7699,0.26121312379837036,0.06982351094484329,0.011720717884600163,,,
135,,0.0004425048828125,1.379180908203125,7709,0.08334601670503616,0.07032772898674011,0.008987979032099247,,,
135,,0.0004425048828125,1.3792266845703125,7719,0.0555863156914711,0.06892211735248566,0.0078103854320943356,,,
135,,0.0004425048828125,1.387420654296875,7729,0.8394284248352051,0.07399801164865494,0.04437704384326935,,,
135,,0.0004425048828125,1.3874359130859375,7739,0.9769222736358643,0.07914800941944122,0.058578647673130035,,,
135,,0.0004425048828125,1.3874359130859375,7749,0.37698525190353394,0.0770813599228859,0.01660785637795925,,,
135,,,,7751,,,,0.20173554122447968,0.07702729105949402,0.012643630616366863
,0.0005,,,7752,,,,,,
136,,0.0004425048828125,1.3867950439453125,7759,0.43657422065734863,0.07431039214134216,0.018713291734457016,,,
136,,0.0004425048828125,1.386810302734375,7769,0.06636612117290497,0.06892037391662598,0.008093067444860935,,,
136,,0.0004425048828125,1.3868255615234375,7779,0.10374253243207932,0.06979109346866608,0.009216113947331905,,,
136,,0.0004425048828125,1.3868255615234375,7789,0.0962231308221817,0.07171230763196945,0.00886218436062336,,,
136,,0.0004425048828125,1.3868255615234375,7799,0.09556770324707031,0.06668930500745773,0.007987767457962036,,,
136,,,,7808,,,,0.5377687811851501,0.07797297090291977,0.02566840499639511
,0.0005,,,7809,,,,,,
137,,0.0004425048828125,1.387115478515625,7809,0.5310949087142944,0.07251220941543579,0.02243400737643242,,,
137,,0.0004425048828125,1.387115478515625,7819,0.06658652424812317,0.07248710095882416,0.00900249369442463,,,
137,,0.0004425048828125,1.9033355712890625,7829,0.19423848390579224,0.06543772667646408,0.009330788627266884,,,
137,,0.0004425048828125,1.912811279296875,7839,0.16178661584854126,0.0706346184015274,0.00965818203985691,,,
137,,0.0004425048828125,1.91314697265625,7849,0.34874969720840454,0.07323411107063293,0.014614135026931763,,,
137,,0.0004425048828125,1.9148712158203125,7859,0.5773525238037109,0.0757455825805664,0.026114976033568382,,,
137,,,,7865,,,,0.40764275193214417,0.07388756424188614,0.01828003115952015
,0.0005,,,7866,,,,,,
138,,0.0004425048828125,1.599212646484375,7869,0.2208060920238495,0.0733490064740181,0.01153455302119255,,,
138,,0.0004425048828125,1.599212646484375,7879,0.3826921284198761,0.07220721989870071,0.01649383269250393,,,
138,,0.0004425048828125,1.5992584228515625,7889,0.4484690725803375,0.07103080302476883,0.01853303425014019,,,
138,,0.0004425048828125,1.599273681640625,7899,0.07849429547786713,0.06963203102350235,0.008266409859061241,,,
138,,0.0004425048828125,1.8569183349609375,7909,0.2689715027809143,0.07667172700166702,0.013264808803796768,,,
138,,0.0004425048828125,1.85693359375,7919,0.11486181616783142,0.07724274694919586,0.010484354570508003,,,
138,,,,7922,,,,0.42163726687431335,0.07652157545089722,0.01966867595911026
,0.0005,,,7923,,,,,,
139,,0.0004425048828125,1.63800048828125,7929,0.052146509289741516,0.07269366830587387,0.009054040536284447,,,
139,,0.0004425048828125,1.6358795166015625,7939,0.14230984449386597,0.07549051195383072,0.01076218206435442,,,
139,,0.0004425048828125,1.6358795166015625,7949,0.20298616588115692,0.06995056569576263,0.010710793547332287,,,
139,,0.0004425048828125,1.917022705078125,7959,0.6777501702308655,0.07999230921268463,0.033451151102781296,,,
139,,0.0004425048828125,1.9295196533203125,7969,0.1144871935248375,0.07071534544229507,0.009012428112328053,,,
139,,0.0004425048828125,1.9340057373046875,7979,0.3153790235519409,0.07147584855556488,0.01329045183956623,,,
139,,,,7979,,,,0.23480896651744843,0.07263447344303131,0.012420989573001862
,0.0005,,,7980,,,,,,
140,,0.0004425048828125,1.5605010986328125,7989,0.47672849893569946,0.0736025720834732,0.020524324849247932,,,
140,,0.0004425048828125,1.5609130859375,7999,0.06435955315828323,0.0782557800412178,0.011003117077052593,,,
140,,0.0004425048828125,1.561126708984375,8009,0.09855762124061584,0.08198509365320206,0.011573231779038906,,,
140,,0.0004425048828125,1.5611419677734375,8019,0.09048551321029663,0.06835382431745529,0.008234578184783459,,,
140,,0.0004425048828125,1.56121826171875,8029,0.13097809255123138,0.07033903151750565,0.009906727820634842,,,
140,,,,8036,,,,0.4720381200313568,0.0739368349313736,0.021131370216608047
,0.0005,,,8037,,,,,,
141,,0.0004425048828125,1.5612640380859375,8039,0.6035990715026855,0.07294626533985138,0.02765486389398575,,,
141,,0.0004425048828125,1.6449737548828125,8049,0.559887170791626,0.07256626337766647,0.024318207055330276,,,
141,,0.0004425048828125,1.4052886962890625,8059,0.07507842779159546,0.06819900870323181,0.008258656598627567,,,
141,,0.0004425048828125,1.4052886962890625,8069,0.06508642435073853,0.06332124769687653,0.006633708719164133,,,
141,,0.0004425048828125,1.1783294677734375,8079,0.13923294842243195,0.06711509823799133,0.008624847047030926,,,
141,,0.0004425048828125,1.5479736328125,8089,0.06258590519428253,0.07199206948280334,0.008898616768419743,,,
141,,,,8093,,,,0.3966406285762787,0.07152106612920761,0.017577122896909714
,0.0005,,,8094,,,,,,
142,,0.0004425048828125,1.4997711181640625,8099,0.40647727251052856,0.06814417243003845,0.016073474660515785,,,
142,,0.0004425048828125,1.33953857421875,8109,0.04884365200996399,0.0697510838508606,0.008022314868867397,,,
142,,0.0004425048828125,1.9099884033203125,8119,0.04053188115358353,0.06603306531906128,0.0073152706027030945,,,
142,,0.0004425048828125,1.9132232666015625,8129,0.11586740612983704,0.06493008881807327,0.007639058865606785,,,
142,,0.0004425048828125,1.91326904296875,8139,0.1263258457183838,0.06563518196344376,0.008354605175554752,,,
142,,0.0004425048828125,1.91326904296875,8149,0.2522403597831726,0.07009543478488922,0.01147611066699028,,,
142,,,,8150,,,,0.10453739017248154,0.07159937918186188,0.009580010548233986
,0.0005,,,8151,,,,,,
143,,0.0004425048828125,1.6230010986328125,8159,0.08954250812530518,0.06316547095775604,0.007169410586357117,,,
143,,0.0004425048828125,1.623046875,8169,0.125651016831398,0.06901557743549347,0.00904641579836607,,,
143,,0.0004425048828125,1.623046875,8179,0.10543325543403625,0.0693698301911354,0.008521255105733871,,,
143,,0.0004425048828125,1.9178466796875,8189,0.08432593941688538,0.06856393069028854,0.00823328085243702,,,
143,,0.0004425048828125,1.9172210693359375,8199,0.35568520426750183,0.06819380074739456,0.014506017789244652,,,
143,,,,8207,,,,0.3376866281032562,0.07363851368427277,0.015495258383452892
,0.0005,,,8208,,,,,,
144,,0.0004425048828125,1.6377105712890625,8209,0.1561289131641388,0.07275974005460739,0.009947916492819786,,,
144,,0.0004425048828125,1.6390380859375,8219,0.08512794226408005,0.06625751405954361,0.007856550626456738,,,
144,,0.0004425048828125,1.6390380859375,8229,0.4352611005306244,0.07099515199661255,0.01778978481888771,,,
144,,0.0004425048828125,1.6390533447265625,8239,0.09868691861629486,0.07249119132757187,0.009214367717504501,,,
144,,0.0004425048828125,1.6390533447265625,8249,0.6376597285270691,0.07754435390233994,0.03169676661491394,,,
144,,0.0004425048828125,1.6390533447265625,8259,0.9039002060890198,0.12109359353780746,0.068056121468544,,,
144,,,,8264,,,,0.3494473397731781,0.09357883781194687,0.022388435900211334
,0.0005,,,8265,,,,,,
145,,0.0004425048828125,1.5451202392578125,8269,1.3247119188308716,0.09863638132810593,0.10555475950241089,,,
145,,0.0004425048828125,1.235015869140625,8279,0.14063575863838196,0.08752833306789398,0.014334314502775669,,,
145,,0.0004425048828125,1.263916015625,8289,0.13420701026916504,0.081489697098732,0.012483874335885048,,,
145,,0.0004425048828125,1.2633514404296875,8299,0.5053790211677551,0.07783686369657516,0.02267339453101158,,,
145,,0.0004425048828125,1.3121795654296875,8309,0.06841087341308594,0.0751824676990509,0.009581583552062511,,,
145,,0.0004425048828125,1.907501220703125,8319,0.07833191007375717,0.0714559331536293,0.00888117030262947,,,
145,,,,8321,,,,0.35574984550476074,0.07326740771532059,0.01641477644443512
,0.0005,,,8322,,,,,,
146,,0.0004425048828125,1.6319427490234375,8329,0.5407153367996216,0.06881774216890335,0.02282928116619587,,,
146,,0.0004425048828125,1.86212158203125,8339,0.1358645260334015,0.06514205038547516,0.008303092792630196,,,
146,,0.0004425048828125,1.862274169921875,8349,0.6938925981521606,0.06940747797489166,0.03223279118537903,,,
146,,0.0004425048828125,1.861663818359375,8359,0.15045753121376038,0.0732613205909729,0.01057409681379795,,,
146,,0.0004425048828125,1.6589813232421875,8369,0.5168070197105408,0.07182704657316208,0.022777626290917397,,,
146,,,,8378,,,,0.34737536311149597,0.0757279247045517,0.01711890660226345
,0.0005,,,8379,,,,,,
147,,0.0004425048828125,1.564208984375,8379,0.32099634408950806,0.07554640620946884,0.014717038720846176,,,
147,,0.0004425048828125,1.80328369140625,8389,0.5502870082855225,0.06649275124073029,0.022786390036344528,,,
147,,0.0004425048828125,1.8061676025390625,8399,0.08179738372564316,0.07152991741895676,0.008977876044809818,,,
147,,0.0004425048828125,1.8087005615234375,8409,0.2494521141052246,0.06507808715105057,0.010862752795219421,,,
147,,0.0004425048828125,1.816009521484375,8419,0.24417343735694885,0.06515892595052719,0.009946643374860287,,,
147,,0.0004425048828125,1.800537109375,8429,0.06161419674754143,0.06833545118570328,0.008208060637116432,,,
147,,,,8435,,,,0.30835583806037903,0.06968940049409866,0.01393077988177538
,0.0005,,,8436,,,,,,
148,,0.0004425048828125,1.6509857177734375,8439,0.22942623496055603,0.06846224516630173,0.010534660890698433,,,
148,,0.0004425048828125,1.651611328125,8449,0.09580449759960175,0.06787869334220886,0.00817563571035862,,,
148,,0.0004425048828125,1.651641845703125,8459,0.1812410205602646,0.06504017114639282,0.008967653848230839,,,
148,,0.0004425048828125,1.65167236328125,8469,0.5255577564239502,0.06875284761190414,0.022654619067907333,,,
148,,0.0004425048828125,1.651702880859375,8479,0.5066978335380554,0.0683579370379448,0.020717360079288483,,,
148,,0.0004425048828125,1.6517181396484375,8489,0.34258994460105896,0.06545654684305191,0.012862827628850937,,,
148,,,,8492,,,,0.3482915163040161,0.07123392820358276,0.015540034510195255
,0.0005,,,8493,,,,,,
149,,0.0004425048828125,1.669097900390625,8499,0.1417132467031479,0.06429924070835114,0.008289137855172157,,,
149,,0.0004425048828125,1.6691131591796875,8509,0.20784533023834229,0.06812763959169388,0.010296524502336979,,,
149,,0.0004425048828125,1.6691436767578125,8519,0.467650443315506,0.0695323646068573,0.019807659089565277,,,
149,,0.0004425048828125,1.669281005859375,8529,0.09484484046697617,0.07009327411651611,0.008391673676669598,,,
149,,0.0004425048828125,1.6693115234375,8539,0.44595927000045776,0.06856419146060944,0.018117528408765793,,,
149,,0.0004425048828125,1.669464111328125,8549,0.3522438406944275,0.0662236139178276,0.013508487492799759,,,
149,,,,8549,,,,0.198266863822937,0.06950771808624268,0.011140414513647556
,0.0005,,,8550,,,,,,
150,,0.0004425048828125,1.6103057861328125,8559,0.45203953981399536,0.06942731887102127,0.01823817752301693,,,
150,,0.0004425048828125,1.6103057861328125,8569,0.28856325149536133,0.07084093987941742,0.012316342443227768,,,
150,,0.0004425048828125,1.3489990234375,8579,0.24580161273479462,0.07252731919288635,0.012957362458109856,,,
150,,0.0004425048828125,1.586273193359375,8589,0.1366119682788849,0.06607110053300858,0.00818939134478569,,,
150,,0.0004425048828125,1.8125,8599,0.07134448736906052,0.06435685604810715,0.007148056756705046,,,
150,,,,8606,,,,0.2122909128665924,0.06977208703756332,0.011379042640328407
,0.0005,,,8607,,,,,,
151,,0.0004425048828125,1.736358642578125,8609,0.17853771150112152,0.06809118390083313,0.009382463991641998,,,
151,,0.0004425048828125,1.6919097900390625,8619,0.08071307837963104,0.06544116139411926,0.007724489085376263,,,
151,,0.0004425048828125,1.661468505859375,8629,0.27937620878219604,0.06617286801338196,0.01119941845536232,,,
151,,0.0004425048828125,1.661468505859375,8639,0.3344837725162506,0.0647072046995163,0.01270017959177494,,,
151,,0.0004425048828125,2.026336669921875,8649,0.12938272953033447,0.0646408423781395,0.007633929140865803,,,
151,,0.0004425048828125,2.026336669921875,8659,0.39882802963256836,0.06706392019987106,0.0156200947239995,,,
151,,,,8663,,,,0.25538912415504456,0.07193475216627121,0.013087932020425797
,0.0005,,,8664,,,,,,
152,,0.0004425048828125,1.782318115234375,8669,0.05811937153339386,0.0728074163198471,0.008768893778324127,,,
152,,0.0004425048828125,1.782318115234375,8679,0.06613943725824356,0.06999851763248444,0.008119573816657066,,,
152,,0.0004425048828125,1.782318115234375,8689,0.5788048505783081,0.074274443089962,0.02684406191110611,,,
152,,0.0004425048828125,1.9774169921875,8699,0.4568987488746643,0.07338844239711761,0.02062085270881653,,,
152,,0.0004425048828125,1.9774169921875,8709,0.14937815070152283,0.06655095517635345,0.008299262262880802,,,
152,,0.0004425048828125,1.6284027099609375,8719,0.4856153726577759,0.06957446783781052,0.019854551181197166,,,
152,,,,8720,,,,0.6263116002082825,0.07245873659849167,0.029575951397418976
,0.0005,,,8721,,,,,,
153,,0.0004425048828125,1.540130615234375,8729,0.21274112164974213,0.06805587559938431,0.01041949912905693,,,
153,,0.0004425048828125,1.540130615234375,8739,0.09116628021001816,0.06925186514854431,0.008404215797781944,,,
153,,0.0004425048828125,1.8934478759765625,8749,0.06241023913025856,0.06850985437631607,0.008290652185678482,,,
153,,0.0004425048828125,1.8934478759765625,8759,0.1953878551721573,0.07078810781240463,0.010399818420410156,,,
153,,0.0004425048828125,1.215087890625,8769,0.04774463176727295,0.06630165129899979,0.0074705821461975574,,,
153,,,,8777,,,,0.3737441599369049,0.07283143699169159,0.0168969314545393
,0.0005,,,8778,,,,,,
154,,0.0004425048828125,1.5572357177734375,8779,0.0963699072599411,0.06730586290359497,0.008029265329241753,,,
154,,0.0004425048828125,1.923065185546875,8789,0.1638909876346588,0.0645366683602333,0.008874715305864811,,,
154,,0.0004425048828125,1.9259033203125,8799,0.0811557024717331,0.0724652037024498,0.008829907514154911,,,
154,,0.0004425048828125,1.9259033203125,8809,0.09526844322681427,0.06757155805826187,0.008284646086394787,,,
154,,0.0004425048828125,1.9260406494140625,8819,0.4849652051925659,0.06851225346326828,0.019516553729772568,,,
154,,0.0004425048828125,1.9214935302734375,8829,0.07700775563716888,0.06753969937562943,0.007977074943482876,,,
154,,,,8834,,,,0.6468810439109802,0.07092398405075073,0.03014598786830902
,0.0005,,,8835,,,,,,
155,,0.0004425048828125,1.3945465087890625,8839,0.05327971279621124,0.07881184667348862,0.010243640281260014,,,
155,,0.0004425048828125,1.5965118408203125,8849,0.2815942168235779,0.07265637814998627,0.01287013664841652,,,
155,,0.0004425048828125,1.5971527099609375,8859,0.27850568294525146,0.06754240393638611,0.011819569393992424,,,
155,,0.0004425048828125,1.5972442626953125,8869,0.37563908100128174,0.06441707164049149,0.014089955016970634,,,
155,,0.0004425048828125,1.5972900390625,8879,0.38285383582115173,0.06607990711927414,0.014724559150636196,,,
155,,0.0004425048828125,1.815582275390625,8889,0.1501050889492035,0.06745290756225586,0.008665716275572777,,,
155,,,,8891,,,,0.24021203815937042,0.07096386700868607,0.012447021901607513
,0.0005,,,8892,,,,,,
156,,0.0004425048828125,1.6134490966796875,8899,0.2975556254386902,0.06659200042486191,0.011728532612323761,,,
156,,0.0004425048828125,1.8455047607421875,8909,0.1296226680278778,0.06290525943040848,0.007585134822875261,,,
156,,0.0004425048828125,1.8459014892578125,8919,0.24164634943008423,0.0671779215335846,0.010567737743258476,,,
156,,0.0004425048828125,1.8460845947265625,8929,0.10485972464084625,0.0642298087477684,0.0076759252697229385,,,
156,,0.0004425048828125,1.4754791259765625,8939,0.23399248719215393,0.06985718011856079,0.011054379865527153,,,
156,,,,8948,,,,1.1609795093536377,0.0783543810248375,0.07827480137348175
,0.0005,,,8949,,,,,,
157,,0.0004425048828125,1.570343017578125,8949,1.2393007278442383,0.07289287447929382,0.0853806734085083,,,
157,,0.0004425048828125,1.2554931640625,8959,0.8158839344978333,0.0783490315079689,0.04346036911010742,,,
157,,0.0004425048828125,1.369873046875,8969,0.07816247642040253,0.09780459105968475,0.016844026744365692,,,
157,,0.0004425048828125,1.7139434814453125,8979,0.6780945062637329,0.07376150041818619,0.032801710069179535,,,
157,,0.0004425048828125,1.9161376953125,8989,0.37715768814086914,0.06539179384708405,0.014550902880728245,,,
157,,0.0004425048828125,1.9246978759765625,8999,0.10165362060070038,0.07636866718530655,0.010482260026037693,,,
157,,,,9005,,,,0.5480157732963562,0.07348212599754333,0.02518097124993801
,0.0005,,,9006,,,,,,
158,,0.0004425048828125,1.7050018310546875,9009,0.5498171448707581,0.07243179529905319,0.02382987178862095,,,
158,,0.0004425048828125,1.889312744140625,9019,0.10542313754558563,0.07507327944040298,0.009567391127347946,,,
158,,0.0004425048828125,1.8902587890625,9029,0.2673370838165283,0.07104506343603134,0.012323184870183468,,,
158,,0.0004425048828125,0.90350341796875,9039,0.04846101626753807,0.0680767372250557,0.008104490116238594,,,
158,,0.0004425048828125,1.4863739013671875,9049,0.11248329281806946,0.07156100124120712,0.008781226351857185,,,
158,,0.0004425048828125,1.4893341064453125,9059,0.10850252956151962,0.06634960323572159,0.007976447232067585,,,
158,,,,9062,,,,0.35784628987312317,0.06661905348300934,0.014745885506272316
,0.0005,,,9063,,,,,,
159,,0.0004425048828125,1.577880859375,9069,0.30892083048820496,0.06539741903543472,0.01162043772637844,,,
159,,0.0004425048828125,1.574066162109375,9079,0.07821577787399292,0.06302540749311447,0.006821356248110533,,,
159,,0.0004425048828125,1.206573486328125,9089,0.05092708766460419,0.06847111880779266,0.008130259811878204,,,
159,,0.0004425048828125,1.1971282958984375,9099,0.05376919358968735,0.06420038640499115,0.007215589284896851,,,
159,,0.0004425048828125,1.905670166015625,9109,0.226026713848114,0.06209380179643631,0.009259958751499653,,,
159,,0.0004425048828125,1.9057464599609375,9119,0.2091028392314911,0.06425175070762634,0.009077906608581543,,,
159,,,,9119,,,,0.347238689661026,0.06535466015338898,0.013897871598601341
,0.0005,,,9120,,,,,,
160,,0.0004425048828125,1.6487884521484375,9129,0.22105148434638977,0.06130591034889221,0.008704331703484058,,,
160,,0.0004425048828125,1.64898681640625,9139,0.3820088505744934,0.06346755474805832,0.014193408191204071,,,
160,,0.0004425048828125,1.64898681640625,9149,0.07571336627006531,0.061815373599529266,0.006507223471999168,,,
160,,0.0004425048828125,1.64898681640625,9159,0.45504921674728394,0.06178710609674454,0.016897767782211304,,,
160,,0.0004425048828125,1.64898681640625,9169,0.30594125390052795,0.06699709594249725,0.01227620430290699,,,
160,,,,9176,,,,0.3562084138393402,0.07068326324224472,0.015854546800255775
,0.0005,,,9177,,,,,,
161,,0.0004425048828125,1.649322509765625,9179,0.20893539488315582,0.06727408617734909,0.009868362918496132,,,
161,,0.0004425048828125,1.650177001953125,9189,0.19888538122177124,0.07164538651704788,0.010947572067379951,,,
161,,0.0004425048828125,1.343536376953125,9199,0.1769493818283081,0.06478744000196457,0.008947329595685005,,,
161,,0.0004425048828125,1.343536376953125,9209,0.12917648255825043,0.06029343605041504,0.007192222401499748,,,
161,,0.0004425048828125,1.343536376953125,9219,0.08282508701086044,0.06439512223005295,0.007190088275820017,,,
161,,0.0004425048828125,1.3435516357421875,9229,0.12679380178451538,0.06429591774940491,0.008146706037223339,,,
161,,,,9233,,,,0.17048999667167664,0.06514853239059448,0.009372302331030369
,0.0005,,,9234,,,,,,
162,,0.0004425048828125,1.5679473876953125,9239,0.43370896577835083,0.06511428207159042,0.016470514237880707,,,
162,,0.0004425048828125,1.43658447265625,9249,0.30171433091163635,0.06393320113420486,0.011455843225121498,,,
162,,0.0004425048828125,1.6890869140625,9259,0.15178434550762177,0.06616321951150894,0.008510907180607319,,,
162,,0.0004425048828125,1.9125823974609375,9269,0.1768260896205902,0.061115115880966187,0.00799633376300335,,,
162,,0.0004425048828125,1.9145355224609375,9279,0.3076600432395935,0.060061488300561905,0.010838470421731472,,,
162,,0.0004425048828125,1.9162750244140625,9289,0.16512209177017212,0.05991503223776817,0.007708254735916853,,,
162,,,,9290,,,,0.4849269986152649,0.06636887043714523,0.019881045445799828
,0.0005,,,9291,,,,,,
163,,0.0004425048828125,1.5965576171875,9299,0.3443482518196106,0.06498389691114426,0.013410521671175957,,,
163,,0.0004425048828125,1.5965576171875,9309,0.19481492042541504,0.06221948564052582,0.008297888562083244,,,
163,,0.0004425048828125,1.7933502197265625,9319,0.14016789197921753,0.07461666315793991,0.010377975180745125,,,
163,,0.0004425048828125,1.798248291015625,9329,0.24504554271697998,0.06264770776033401,0.009614722803235054,,,
163,,0.0004425048828125,1.7982635498046875,9339,0.19799743592739105,0.058159876614809036,0.007765231188386679,,,
163,,,,9347,,,,0.15506811439990997,0.06443475931882858,0.008921926841139793
,0.0005,,,9348,,,,,,
164,,0.0004425048828125,1.5821075439453125,9349,0.19012561440467834,0.061971310526132584,0.008175142109394073,,,
164,,0.0004425048828125,1.582427978515625,9359,0.26825276017189026,0.06830570101737976,0.011442786082625389,,,
164,,0.0004425048828125,1.5830841064453125,9369,0.14170925319194794,0.06177009642124176,0.007361492607742548,,,
164,,0.0004425048828125,1.5833282470703125,9379,0.25846046209335327,0.05960574001073837,0.009267414920032024,,,
164,,0.0004425048828125,1.661956787109375,9389,0.08946257829666138,0.06383915990591049,0.007478534244000912,,,
164,,0.0004425048828125,1.6620025634765625,9399,0.2602077126502991,0.06765848398208618,0.010828165337443352,,,
164,,,,9404,,,,0.27346310019493103,0.06638273596763611,0.012036838568747044
,0.0005,,,9405,,,,,,
165,,0.0004425048828125,1.6623077392578125,9409,0.3920218348503113,0.0634688213467598,0.014357190579175949,,,
165,,0.0004425048828125,1.307281494140625,9419,0.41092753410339355,0.06281041353940964,0.015282667241990566,,,
165,,0.0004425048828125,1.5936431884765625,9429,0.429085910320282,0.07806210964918137,0.020003240555524826,,,
165,,0.0004425048828125,1.5936737060546875,9439,0.25018423795700073,0.07727214694023132,0.013257714919745922,,,
165,,0.0004425048828125,1.593719482421875,9449,0.2684616148471832,0.0675656646490097,0.011390800587832928,,,
165,,0.0004425048828125,1.598052978515625,9459,0.17798078060150146,0.06991615146398544,0.01017156895250082,,,
165,,,,9461,,,,0.29492080211639404,0.06889959424734116,0.013267839327454567
,0.0005,,,9462,,,,,,
166,,0.0004425048828125,1.70758056640625,9469,0.3434924781322479,0.06895862519741058,0.01348207052797079,,,
166,,0.0004425048828125,1.7841796875,9479,0.42418748140335083,0.06619041413068771,0.016512209549546242,,,
166,,0.0004425048828125,1.7850341796875,9489,0.20379482209682465,0.0627136155962944,0.00864891055971384,,,
166,,0.0004425048828125,1.7850341796875,9499,0.3029918968677521,0.0701146051287651,0.012892628088593483,,,
166,,0.0004425048828125,1.7850341796875,9509,0.07442724704742432,0.05970088765025139,0.0062913778237998486,,,
166,,,,9518,,,,0.21622297167778015,0.06693192571401596,0.01073271594941616
,0.0005,,,9519,,,,,,
167,,0.0004425048828125,1.3548431396484375,9519,0.22335514426231384,0.062439750880002975,0.008824348449707031,,,
167,,0.0004425048828125,1.86785888671875,9529,0.19723351299762726,0.0620160736143589,0.008355928584933281,,,
167,,0.0004425048828125,1.8678741455078125,9539,0.5678294897079468,0.06382007151842117,0.02280583791434765,,,
167,,0.0004425048828125,1.7911529541015625,9549,0.20213797688484192,0.06640947610139847,0.009260610677301884,,,
167,,0.0004425048828125,1.7911529541015625,9559,0.17723971605300903,0.0616597943007946,0.007909286767244339,,,
167,,0.0004425048828125,1.3193817138671875,9569,0.22510254383087158,0.0623747780919075,0.0094480961561203,,,
167,,,,9575,,,,0.13908520340919495,0.06985098123550415,0.009473243728280067
,0.0005,,,9576,,,,,,
168,,0.0004425048828125,1.4011383056640625,9579,0.0663362443447113,0.06906960904598236,0.008106742985546589,,,
168,,0.0004425048828125,1.467681884765625,9589,0.48235538601875305,0.06670048832893372,0.019394710659980774,,,
168,,0.0004425048828125,1.2779388427734375,9599,0.3345321714878082,0.06719495356082916,0.01307962741702795,,,
168,,0.0004425048828125,1.577728271484375,9609,0.5370808839797974,0.06638073921203613,0.022380542010068893,,,
168,,0.0004425048828125,1.560455322265625,9619,0.14345969259738922,0.06727398186922073,0.008674613200128078,,,
168,,0.0004425048828125,1.56048583984375,9629,0.2086716890335083,0.062176402658224106,0.008672384545207024,,,
168,,,,9632,,,,0.11746332794427872,0.06641039252281189,0.00869823433458805
,0.0005,,,9633,,,,,,
169,,0.0004425048828125,1.6165618896484375,9639,0.4597405791282654,0.060104578733444214,0.01697574555873871,,,
169,,0.0004425048828125,1.6526947021484375,9649,0.1979965716600418,0.06904072314500809,0.009659734554588795,,,
169,,0.0004425048828125,1.6531524658203125,9659,0.10602802038192749,0.06797042489051819,0.008305804803967476,,,
169,,0.0004425048828125,1.6542816162109375,9669,0.16120067238807678,0.06963756680488586,0.009492876939475536,,,
169,,0.0004425048828125,1.91192626953125,9679,0.22410523891448975,0.0663280189037323,0.009974993765354156,,,
169,,0.0004425048828125,1.9153900146484375,9689,0.19796456396579742,0.06521011143922806,0.008396653458476067,,,
169,,,,9689,,,,0.09960512816905975,0.06556110829114914,0.008287128061056137
,0.0005,,,9690,,,,,,
170,,0.0004425048828125,1.6083526611328125,9699,0.10462107509374619,0.06176384165883064,0.006724182981997728,,,
170,,0.0004425048828125,1.92010498046875,9709,0.06066920980811119,0.059424299746751785,0.006092444993555546,,,
170,,0.0004425048828125,1.9207000732421875,9719,0.1784752607345581,0.05876263976097107,0.0071127694100141525,,,
170,,0.0004425048828125,1.9207763671875,9729,0.07237786054611206,0.05911162123084068,0.006126636639237404,,,
170,,0.0004425048828125,1.6117401123046875,9739,0.136103093624115,0.0622623972594738,0.007278771139681339,,,
170,,,,9746,,,,0.26836755871772766,0.06340614706277847,0.011124935001134872
,0.0005,,,9747,,,,,,
171,,0.0004425048828125,1.627227783203125,9749,0.1708424985408783,0.058196548372507095,0.00712926872074604,,,
171,,0.0004425048828125,1.62762451171875,9759,0.13252703845500946,0.05612333118915558,0.006237903144210577,,,
171,,0.0004425048828125,1.629150390625,9769,0.34522661566734314,0.061898939311504364,0.012919001281261444,,,
171,,0.0004425048828125,1.629730224609375,9779,0.19667020440101624,0.0636449009180069,0.008882883936166763,,,
171,,0.0004425048828125,1.6297607421875,9789,0.05658348649740219,0.057316914200782776,0.0054526482708752155,,,
171,,0.0004425048828125,1.6300048828125,9799,0.3388681411743164,0.05975542217493057,0.011835357174277306,,,
171,,,,9803,,,,0.15556180477142334,0.06372082978487015,0.008889748714864254
,0.0005,,,9804,,,,,,
172,,0.0004425048828125,1.6299285888671875,9809,0.2677575945854187,0.05703311413526535,0.009122971445322037,,,
172,,0.0004425048828125,1.6363677978515625,9819,0.5818518996238708,0.05767357721924782,0.022629063576459885,,,
172,,0.0004425048828125,1.6805267333984375,9829,0.07760503888130188,0.06638381630182266,0.008055008947849274,,,
172,,0.0004425048828125,1.680572509765625,9839,0.32522261142730713,0.062326908111572266,0.011907130479812622,,,
172,,0.0004425048828125,1.9460296630859375,9849,0.3457406163215637,0.05993354320526123,0.01201215386390686,,,
172,,0.0004425048828125,1.9495086669921875,9859,0.1650833785533905,0.05852189660072327,0.0071398355066776276,,,
172,,,,9860,,,,0.17293144762516022,0.06369483470916748,0.00902214553207159
,0.0005,,,9861,,,,,,
173,,0.0004425048828125,1.691375732421875,9869,0.4344352185726166,0.06363684684038162,0.016169600188732147,,,
173,,0.0004425048828125,1.6930084228515625,9879,0.15931980311870575,0.0653543546795845,0.008365366607904434,,,
173,,0.0004425048828125,1.963531494140625,9889,0.08645657449960709,0.06087827682495117,0.006647657603025436,,,
173,,0.0004425048828125,1.977752685546875,9899,0.16510555148124695,0.05920108035206795,0.007447982206940651,,,
173,,0.0004425048828125,1.9778594970703125,9909,0.19214069843292236,0.06420031189918518,0.009322560392320156,,,
173,,,,9917,,,,0.10571108013391495,0.08666010200977325,0.014334065839648247
,0.0005,,,9918,,,,,,
174,,0.0004425048828125,1.5404510498046875,9919,0.791164755821228,0.0842152088880539,0.0432203933596611,,,
174,,0.0004425048828125,1.54046630859375,9929,0.6191599369049072,0.09123921394348145,0.03345164656639099,,,
174,,0.0004425048828125,1.7522430419921875,9939,0.202731654047966,0.07793974131345749,0.011723928153514862,,,
174,,0.0004425048828125,1.7526702880859375,9949,0.1316838562488556,0.0713505893945694,0.009512259624898434,,,
174,,0.0004425048828125,1.7527313232421875,9959,0.32390230894088745,0.06691030412912369,0.013035102747380733,,,
174,,0.0004425048828125,1.7527313232421875,9969,0.15178154408931732,0.06336680799722672,0.00850171409547329,,,
174,,,,9974,,,,0.0870627760887146,0.06434722989797592,0.00789211131632328
,0.0005,,,9975,,,,,,
175,,0.0004425048828125,1.510986328125,9979,0.26497334241867065,0.06142287328839302,0.009988094680011272,,,
175,,0.0004425048828125,1.6388702392578125,9989,0.5731804370880127,0.06668315827846527,0.023638833314180374,,,
175,,0.0004425048828125,1.6375274658203125,9999,0.3340511918067932,0.05915842950344086,0.011469331569969654,,,
175,,0.0004425048828125,1.637542724609375,10009,0.24696002900600433,0.06066319718956947,0.009315582923591137,,,
175,,0.0004425048828125,1.637664794921875,10019,0.5582608580589294,0.06080489978194237,0.021780479699373245,,,
175,,0.0004425048828125,1.9651947021484375,10029,0.26099663972854614,0.05392418056726456,0.008489812724292278,,,
175,,,,10031,,,,0.5678377747535706,0.06510275602340698,0.024488437920808792
,0.0005,,,10032,,,,,,
176,,0.0004425048828125,1.3921051025390625,10039,0.11905559152364731,0.05770100653171539,0.006663261912763119,,,
176,,0.0004425048828125,1.392364501953125,10049,0.0943143367767334,0.06038614735007286,0.006825848948210478,,,
176,,0.0004425048828125,1.9745330810546875,10059,0.29971152544021606,0.06823739409446716,0.012356411665678024,,,
176,,0.0004425048828125,1.975372314453125,10069,0.16547541320323944,0.05834587290883064,0.00704319030046463,,,
176,,0.0004425048828125,1.97705078125,10079,0.04911717772483826,0.05802726745605469,0.00575645174831152,,,
176,,,,10088,,,,0.7883737683296204,0.0663401260972023,0.03941550850868225
,0.0005,,,10089,,,,,,
177,,0.0004425048828125,1.6329498291015625,10089,0.7192618250846863,0.06416264176368713,0.03287998586893082,,,
177,,0.0004425048828125,1.9813995361328125,10099,0.3391241729259491,0.0629129633307457,0.012375131249427795,,,
177,,0.0004425048828125,1.982086181640625,10109,0.33739668130874634,0.0766221433877945,0.015608406625688076,,,
177,,0.0004425048828125,1.98211669921875,10119,0.39568912982940674,0.0711171105504036,0.016740497201681137,,,
177,,0.0004425048828125,1.982452392578125,10129,0.4051749110221863,0.06530521810054779,0.015421805903315544,,,
177,,0.0004425048828125,1.9824981689453125,10139,0.06571309268474579,0.06031026318669319,0.0063222432509064674,,,
177,,,,10145,,,,0.32170650362968445,0.0658612996339798,0.013372574001550674
,0.0005,,,10146,,,,,,
178,,0.0004425048828125,1.468658447265625,10149,0.08702985942363739,0.062002453953027725,0.006821830756962299,,,
178,,0.0004425048828125,1.4572906494140625,10159,0.2711617350578308,0.061192989349365234,0.00983557291328907,,,
178,,0.0004425048828125,1.241943359375,10169,0.09427405893802643,0.05886862054467201,0.006244025193154812,,,
178,,0.0004425048828125,1.639434814453125,10179,0.1261482983827591,0.05973614752292633,0.006928840186446905,,,
178,,0.0004425048828125,1.639434814453125,10189,0.5952510833740234,0.06042452156543732,0.023547518998384476,,,
178,,0.0004425048828125,1.7728729248046875,10199,0.03597042337059975,0.061571475118398666,0.006302760448306799,,,
178,,,,10202,,,,0.10296955704689026,0.06905955821275711,0.009007268585264683
,0.0005,,,10203,,,,,,
179,,0.0004425048828125,1.730072021484375,10209,0.27257245779037476,0.05908651277422905,0.010603027418255806,,,
179,,0.0004425048828125,1.730072021484375,10219,0.5325958132743835,0.0638120025396347,0.02118760719895363,,,
179,,0.0004425048828125,1.86474609375,10229,0.31434065103530884,0.06354988366365433,0.01184077188372612,,,
179,,0.0004425048828125,1.8727264404296875,10239,0.4141972064971924,0.06369565427303314,0.015796363353729248,,,
179,,0.0004425048828125,1.9002685546875,10249,0.18607226014137268,0.06299272924661636,0.009208817034959793,,,
179,,0.0004425048828125,1.9003753662109375,10259,0.0019409507513046265,0.06522213667631149,0.007254268042743206,,,
179,,,,10259,,,,0.08733449876308441,0.06155813857913017,0.007315815892070532
,0.0005,,,10260,,,,,,
180,,0.0004425048828125,1.6122283935546875,10269,0.06954717636108398,0.058721691370010376,0.005986033007502556,,,
180,,0.0004425048828125,1.5972442626953125,10279,0.14510446786880493,0.058134157210588455,0.0067464434541761875,,,
180,,0.0004425048828125,1.6033477783203125,10289,0.29077091813087463,0.06153622269630432,0.01072673499584198,,,
180,,0.0004425048828125,1.60406494140625,10299,0.17489713430404663,0.058780740946531296,0.007417520973831415,,,
180,,0.0004425048828125,1.8883514404296875,10309,0.25055158138275146,0.0594371072947979,0.00961834006011486,,,
180,,,,10316,,,,0.08149027824401855,0.06403828412294388,0.0077642095275223255
,0.0005,,,10317,,,,,,
181,,0.0004425048828125,1.5686492919921875,10319,0.058482080698013306,0.06167290732264519,0.006400716491043568,,,
181,,0.0004425048828125,1.524688720703125,10329,0.07408194243907928,0.05659225210547447,0.005554012022912502,,,
181,,0.0004425048828125,1.5220489501953125,10339,0.5188130140304565,0.059985581785440445,0.01975458674132824,,,
181,,0.0004425048828125,1.52215576171875,10349,0.11051443964242935,0.06183560565114021,0.006842371542006731,,,
181,,0.0004425048828125,1.7497406005859375,10359,0.4534335136413574,0.06694206595420837,0.01768605038523674,,,
181,,0.0004425048828125,1.979339599609375,10369,0.11078120768070221,0.08575722575187683,0.013195962645113468,,,
181,,,,10373,,,,0.20999158918857574,0.06902699172496796,0.011479333974421024
,0.0005,,,10374,,,,,,
182,,0.0004425048828125,1.6465911865234375,10379,0.1282535046339035,0.06662639230489731,0.008476221933960915,,,
182,,0.0004425048828125,1.6471405029296875,10389,0.08773910254240036,0.06136370450258255,0.006795881316065788,,,
182,,0.0004425048828125,1.647247314453125,10399,0.3837098479270935,0.061228442937135696,0.013687502592802048,,,
182,,0.0004425048828125,1.647247314453125,10409,0.13364307582378387,0.06538404524326324,0.007826034910976887,,,
182,,0.0004425048828125,1.6474151611328125,10419,0.31031423807144165,0.05666010454297066,0.010160890407860279,,,
182,,0.0004425048828125,1.650726318359375,10429,0.0928359106183052,0.05882600322365761,0.006605756469070911,,,
182,,,,10430,,,,0.37527960538864136,0.06884351372718811,0.015692947432398796
,0.0005,,,10431,,,,,,
183,,0.0004425048828125,1.2457733154296875,10439,0.46076059341430664,0.06244842708110809,0.017343152314424515,,,
183,,0.0004425048828125,1.557220458984375,10449,0.4546821117401123,0.06715019792318344,0.018034353852272034,,,
183,,0.0004425048828125,1.55731201171875,10459,0.4181336760520935,0.06458285450935364,0.01588214747607708,,,
183,,0.0004425048828125,1.9571685791015625,10469,0.2818194627761841,0.061482448130846024,0.010376389138400555,,,
183,,0.0004425048828125,1.9620819091796875,10479,0.06800729036331177,0.063173308968544,0.007045904640108347,,,
183,,,,10487,,,,0.09949296712875366,0.06394891440868378,0.007844775915145874
,0.0005,,,10488,,,,,,
184,,0.0004425048828125,1.556182861328125,10489,0.029139472171664238,0.059622738510370255,0.005667899269610643,,,
184,,0.0004425048828125,1.5587921142578125,10499,0.17852139472961426,0.05624121055006981,0.006687589455395937,,,
184,,0.0004425048828125,1.558746337890625,10509,0.14510014653205872,0.05735298618674278,0.00643389206379652,,,
184,,0.0004425048828125,1.55975341796875,10519,0.05305275693535805,0.05816344544291496,0.005723247770220041,,,
184,,0.0004425048828125,1.9036865234375,10529,0.36980870366096497,0.05495845898985863,0.011922663077712059,,,
184,,0.0004425048828125,1.898101806640625,10539,0.2253541350364685,0.056665945798158646,0.007709336932748556,,,
184,,,,10544,,,,0.07811471819877625,0.06618713587522507,0.00812133401632309
,0.0005,,,10545,,,,,,
185,,0.0004425048828125,1.6426849365234375,10549,0.5179967880249023,0.060176972299814224,0.01961202546954155,,,
185,,0.0004425048828125,1.5546112060546875,10559,0.3780907988548279,0.06956000626087189,0.015030011534690857,,,
185,,0.0004425048828125,1.554840087890625,10569,0.13404861092567444,0.05678962916135788,0.006328693125396967,,,
185,,0.0004425048828125,1.5891876220703125,10579,0.13266268372535706,0.05354251340031624,0.006052506156265736,,,
185,,0.0004425048828125,1.589202880859375,10589,0.22180144488811493,0.06030185893177986,0.008387797512114048,,,
185,,0.0004425048828125,1.9290771484375,10599,0.07283194363117218,0.061824049800634384,0.006755124311894178,,,
185,,,,10601,,,,0.21971704065799713,0.06505127251148224,0.010169357061386108
,0.0005,,,10602,,,,,,
186,,0.0004425048828125,1.5724334716796875,10609,0.05066533386707306,0.05840687453746796,0.005608228035271168,,,
186,,0.0004425048828125,1.9648284912109375,10619,0.35011616349220276,0.05727608501911163,0.011997440829873085,,,
186,,0.0004425048828125,1.919769287109375,10629,0.06291405111551285,0.06051944941282272,0.006427462678402662,,,
186,,0.0004425048828125,1.9412841796875,10639,0.053147293627262115,0.059269435703754425,0.005796386394649744,,,
186,,0.0004425048828125,1.94256591796875,10649,0.03461446985602379,0.0541563518345356,0.004891583696007729,,,
186,,,,10658,,,,0.25370797514915466,0.059287216514348984,0.009763927198946476
,0.0005,,,10659,,,,,,
187,,0.0004425048828125,1.543060302734375,10659,0.2613127827644348,0.05152112618088722,0.007877582684159279,,,
187,,0.0004425048828125,1.2391357421875,10669,0.44218921661376953,0.05826738104224205,0.015224885195493698,,,
187,,0.0004425048828125,1.356170654296875,10679,0.09350309520959854,0.05638737231492996,0.00590277835726738,,,
187,,0.0004425048828125,1.5526885986328125,10689,0.2542511522769928,0.06686779856681824,0.010847914963960648,,,
187,,0.0004425048828125,1.552703857421875,10699,0.11326414346694946,0.06673591583967209,0.008282909169793129,,,
187,,0.0004425048828125,1.5527191162109375,10709,0.12540435791015625,0.060729168355464935,0.006736693903803825,,,
187,,,,10715,,,,0.3363240361213684,0.0638449415564537,0.013229298405349255
,0.0005,,,10716,,,,,,
188,,0.0004425048828125,1.503173828125,10719,0.3741667866706848,0.06507840752601624,0.013919975608587265,,,
188,,0.0004425048828125,1.5927276611328125,10729,0.3765161633491516,0.062078166753053665,0.013591310009360313,,,
188,,0.0004425048828125,1.8344268798828125,10739,0.4194166362285614,0.07293973863124847,0.017691295593976974,,,
188,,0.0004425048828125,1.787078857421875,10749,0.05909417197108269,0.06276293098926544,0.006865885574370623,,,
188,,0.0004425048828125,1.7945098876953125,10759,0.09434124827384949,0.05523260310292244,0.005567793734371662,,,
188,,0.0004425048828125,1.9049224853515625,10769,0.4230217933654785,0.05801120400428772,0.01447744108736515,,,
188,,,,10772,,,,0.07205912470817566,0.06074630841612816,0.006818465422838926
,0.0005,,,10773,,,,,,
189,,0.0004425048828125,1.44659423828125,10779,0.2942746877670288,0.05592968687415123,0.009464012458920479,,,
189,,0.0004425048828125,1.64569091796875,10789,0.15911152958869934,0.05678734928369522,0.0067593096755445,,,
189,,0.0004425048828125,1.650421142578125,10799,0.4126470685005188,0.057321928441524506,0.014091650024056435,,,
189,,0.0004425048828125,1.6504669189453125,10809,0.13402357697486877,0.05500674247741699,0.006015373393893242,,,
189,,0.0004425048828125,1.6506195068359375,10819,0.05215136706829071,0.05478799343109131,0.005328016821295023,,,
189,,0.0004425048828125,1.6506195068359375,10829,0.07300150394439697,0.06100219860672951,0.006281498819589615,,,
189,,,,10829,,,,0.34091049432754517,0.05980021134018898,0.012493889778852463
,0.0005,,,10830,,,,,,
190,,0.0004425048828125,1.60845947265625,10839,0.34621739387512207,0.05438372865319252,0.011118737980723381,,,
190,,0.0004425048828125,1.2501373291015625,10849,0.4951538145542145,0.055333446711301804,0.017348192632198334,,,
190,,0.0004425048828125,1.2501373291015625,10859,0.44752955436706543,0.06632724404335022,0.017821045592427254,,,
190,,0.0004425048828125,1.1761322021484375,10869,0.1561342477798462,0.058092933148145676,0.007084789220243692,,,
190,,0.0004425048828125,1.3412017822265625,10879,0.3230963349342346,0.06404036283493042,0.011934332549571991,,,
190,,,,10886,,,,0.20439308881759644,0.07025524228811264,0.011049548164010048
,0.0005,,,10887,,,,,,
191,,0.0004425048828125,1.4354400634765625,10889,0.474088579416275,0.06056191772222519,0.017615586519241333,,,
191,,0.0004425048828125,1.4355621337890625,10899,0.07046021521091461,0.0609276108443737,0.006392379757016897,,,
191,,0.0004425048828125,1.9634552001953125,10909,0.08594709634780884,0.06558757275342941,0.007386278361082077,,,
191,,0.0004425048828125,1.9621124267578125,10919,0.20644710958003998,0.06351654976606369,0.00969849992543459,,,
191,,0.0004425048828125,1.91436767578125,10929,0.13568246364593506,0.060162756592035294,0.006964558735489845,,,
191,,0.0004425048828125,1.1572418212890625,10939,0.37043991684913635,0.059575002640485764,0.013136574998497963,,,
191,,,,10943,,,,0.1808820217847824,0.07266613095998764,0.010809356346726418
,0.0005,,,10944,,,,,,
192,,0.0004425048828125,1.596771240234375,10949,0.4718047082424164,0.06520599871873856,0.018215453252196312,,,
192,,0.0004425048828125,1.3122406005859375,10959,0.2339807003736496,0.05878806859254837,0.009057849645614624,,,
192,,0.0004425048828125,1.31268310546875,10969,0.07886982709169388,0.05698515847325325,0.005756620317697525,,,
192,,0.0004425048828125,1.312774658203125,10979,0.14679068326950073,0.05285806208848953,0.005662816576659679,,,
192,,0.0004425048828125,1.9441070556640625,10989,0.04586706683039665,0.05513462424278259,0.0050237481482326984,,,
192,,0.0004425048828125,1.9441375732421875,10999,0.10995391011238098,0.05414054915308952,0.005348943639546633,,,
192,,,,11000,,,,0.11452046036720276,0.06058607995510101,0.007300740107893944
,0.0005,,,11001,,,,,,
193,,0.0004425048828125,1.558349609375,11009,0.30233556032180786,0.05483083426952362,0.009313872084021568,,,
193,,0.0004425048828125,1.795135498046875,11019,0.09367357194423676,0.05689025670289993,0.005871526896953583,,,
193,,0.0004425048828125,1.9443511962890625,11029,0.06281894445419312,0.05450047552585602,0.005210679490119219,,,
193,,0.0004425048828125,1.9444427490234375,11039,0.30095434188842773,0.05438001826405525,0.00938815250992775,,,
193,,0.0004425048828125,1.944732666015625,11049,0.444721519947052,0.06717785447835922,0.017083844169974327,,,
193,,,,11057,,,,0.11259176582098007,0.06892038881778717,0.009107857011258602
,0.0005,,,11058,,,,,,
194,,0.0004425048828125,1.7234954833984375,11059,0.07161501795053482,0.061052627861499786,0.006258068140596151,,,
194,,0.0004425048828125,1.922515869140625,11069,0.28857308626174927,0.06443585455417633,0.01107823010534048,,,
194,,0.0004425048828125,1.9225616455078125,11079,0.3355858325958252,0.06040111184120178,0.011783318594098091,,,
194,,0.0004425048828125,1.9225921630859375,11089,0.0854475349187851,0.06301907449960709,0.0072729093953967094,,,
194,,0.0004425048828125,1.922607421875,11099,0.24987950921058655,0.06056296452879906,0.009104902856051922,,,
194,,0.0004425048828125,1.922760009765625,11109,0.2077513188123703,0.058083537966012955,0.007861592806875706,,,
194,,,,11114,,,,0.17305585741996765,0.05998433008790016,0.008352244272828102
,0.0005,,,11115,,,,,,
195,,0.0004425048828125,1.6360015869140625,11119,0.05477328598499298,0.05717167630791664,0.005777263082563877,,,
195,,0.0004425048828125,1.815521240234375,11129,0.3703839182853699,0.054887883365154266,0.011979162693023682,,,
195,,0.0004425048828125,2.10113525390625,11139,0.1709173321723938,0.05424463003873825,0.006488601211458445,,,
195,,0.0004425048828125,1.789215087890625,11149,0.34724557399749756,0.06198745220899582,0.012350042350590229,,,
195,,0.0004425048828125,1.7982330322265625,11159,0.3740686774253845,0.06284879893064499,0.013626303523778915,,,
195,,0.0004425048828125,1.798675537109375,11169,0.2932998239994049,0.05435851216316223,0.00982895027846098,,,
195,,,,11171,,,,0.3254050016403198,0.06049526110291481,0.012290451675653458
,0.0005,,,11172,,,,,,
196,,0.0004425048828125,1.6313323974609375,11179,0.4782888889312744,0.05901404842734337,0.017555806785821915,,,
196,,0.0004425048828125,1.6314697265625,11189,0.05082832649350166,0.062073491513729095,0.006498110946267843,,,
196,,0.0004425048828125,1.6328582763671875,11199,0.16320006549358368,0.0540284626185894,0.006312585901468992,,,
196,,0.0004425048828125,1.9120330810546875,11209,0.16292601823806763,0.06181853637099266,0.008140990510582924,,,
196,,0.0004425048828125,1.9120330810546875,11219,0.20580518245697021,0.06368646770715714,0.00885976292192936,,,
196,,,,11228,,,,0.4103364050388336,0.06100529804825783,0.01534626167267561
,0.0005,,,11229,,,,,,
197,,0.0004425048828125,1.5145111083984375,11229,0.38411223888397217,0.057025130838155746,0.012710308656096458,,,
197,,0.0004425048828125,1.9111175537109375,11239,0.18474172055721283,0.0563616119325161,0.007173797115683556,,,
197,,0.0004425048828125,1.9111175537109375,11249,0.21891605854034424,0.05854838341474533,0.008229723200201988,,,
197,,0.0004425048828125,1.91119384765625,11259,0.03728390485048294,0.053999848663806915,0.004773120861500502,,,
197,,0.0004425048828125,1.91119384765625,11269,0.05630265176296234,0.056562308222055435,0.005603101570159197,,,
197,,0.0004425048828125,1.8968505859375,11279,0.19972248375415802,0.06331737339496613,0.00880871806293726,,,
197,,,,11285,,,,0.3145556151866913,0.06182350590825081,0.011950066313147545
,0.0005,,,11286,,,,,,
198,,0.0004425048828125,1.6312103271484375,11289,0.048682838678359985,0.055727001279592514,0.0052235322073102,,,
198,,0.0004425048828125,1.6313018798828125,11299,0.4482063055038452,0.05816386640071869,0.01557430624961853,,,
198,,0.0004425048828125,1.6324310302734375,11309,0.26426178216934204,0.05576357990503311,0.00865403562784195,,,
198,,0.0004425048828125,1.6326904296875,11319,0.1882634460926056,0.06050555408000946,0.00810097623616457,,,
198,,0.0004425048828125,1.63275146484375,11329,0.3550286591053009,0.058259014040231705,0.012065859511494637,,,
198,,0.0004425048828125,1.7417449951171875,11339,0.06173607334494591,0.05773346498608589,0.005776934325695038,,,
198,,,,11342,,,,0.08422224968671799,0.0629175677895546,0.0074022309854626656
,0.0005,,,11343,,,,,,
199,,0.0004425048828125,1.629913330078125,11349,0.10917286574840546,0.05074248090386391,0.005056656431406736,,,
199,,0.0004425048828125,1.294281005859375,11359,0.29017964005470276,0.05219671130180359,0.009052300825715065,,,
199,,0.0004425048828125,1.294281005859375,11369,0.32460707426071167,0.05177146568894386,0.009729967452585697,,,
199,,0.0004425048828125,1.29443359375,11379,0.2947325110435486,0.05884706601500511,0.010251009836792946,,,
199,,0.0004425048828125,1.36090087890625,11389,0.5659411549568176,0.06193021312355995,0.022770944982767105,,,
199,,0.0004425048828125,1.8926544189453125,11399,0.2320835292339325,0.06010060012340546,0.008623914793133736,,,
199,,,,11399,,,,0.0965108871459961,0.06355420500040054,0.007584294769912958
